-- MySQL dump 10.13  Distrib 5.7.44, for Win64 (x86_64)
--
-- Host: 127.0.0.1    Database: mtoi
-- ------------------------------------------------------
-- Server version	5.7.44-log

/*!40101 SET @OLD_CHARACTER_SET_CLIENT=@@CHARACTER_SET_CLIENT */;
/*!40101 SET @OLD_CHARACTER_SET_RESULTS=@@CHARACTER_SET_RESULTS */;
/*!40101 SET @OLD_COLLATION_CONNECTION=@@COLLATION_CONNECTION */;
/*!40101 SET NAMES utf8mb4 */;
/*!40103 SET @OLD_TIME_ZONE=@@TIME_ZONE */;
/*!40103 SET TIME_ZONE='+00:00' */;
/*!40014 SET @OLD_UNIQUE_CHECKS=@@UNIQUE_CHECKS, UNIQUE_CHECKS=0 */;
/*!40014 SET @OLD_FOREIGN_KEY_CHECKS=@@FOREIGN_KEY_CHECKS, FOREIGN_KEY_CHECKS=0 */;
/*!40101 SET @OLD_SQL_MODE=@@SQL_MODE, SQL_MODE='NO_AUTO_VALUE_ON_ZERO' */;
/*!40111 SET @OLD_SQL_NOTES=@@SQL_NOTES, SQL_NOTES=0 */;

--
-- Current Database: `mtoi`
--

CREATE DATABASE /*!32312 IF NOT EXISTS*/ `mtoi` /*!40100 DEFAULT CHARACTER SET utf8mb4 COLLATE utf8mb4_unicode_ci */;

USE `mtoi`;

--
-- Table structure for table `customer`
--

DROP TABLE IF EXISTS `customer`;
/*!40101 SET @saved_cs_client     = @@character_set_client */;
/*!40101 SET character_set_client = utf8 */;
CREATE TABLE `customer` (
  `customer_id` bigint(20) NOT NULL AUTO_INCREMENT COMMENT '顾客ID',
  `customer_name` varchar(50) COLLATE utf8mb4_unicode_ci DEFAULT NULL COMMENT '顾客姓名',
  `phone` varchar(20) COLLATE utf8mb4_unicode_ci DEFAULT NULL COMMENT '手机号码',
  `avatar` varchar(255) COLLATE utf8mb4_unicode_ci DEFAULT NULL COMMENT '头像',
  `member_level` tinyint(4) DEFAULT '1' COMMENT '会员等级',
  `points` int(11) DEFAULT '0' COMMENT '积分',
  `total_consume` decimal(10,2) DEFAULT '0.00' COMMENT '总消费金额',
  `create_time` datetime NOT NULL COMMENT '创建时间',
  `update_time` datetime DEFAULT NULL COMMENT '更新时间',
  PRIMARY KEY (`customer_id`),
  UNIQUE KEY `uk_phone` (`phone`)
) ENGINE=InnoDB AUTO_INCREMENT=8011 DEFAULT CHARSET=utf8mb4 COLLATE=utf8mb4_unicode_ci COMMENT='顾客表';
/*!40101 SET character_set_client = @saved_cs_client */;

--
-- Dumping data for table `customer`
--

LOCK TABLES `customer` WRITE;
/*!40000 ALTER TABLE `customer` DISABLE KEYS */;
INSERT INTO `customer` VALUES (8001,'张三','13812345678','/profile/upload/2025/12/01/logo_20251201074521A001.png',2,120,120.00,'2025-11-10 21:32:12','2025-12-01 07:45:23'),(8002,'李四','13887654321','/profile/upload/2025/12/01/Snipaste_2024-11-18_17-50-24_20251201074529A002.png',1,50,50.00,'2025-11-10 21:32:12','2025-12-01 07:45:30'),(8003,'王五','13912345678','/profile/upload/2025/12/01/Snipaste_2024-11-18_17-50-24_20251201074529A002.png',3,300,300.00,'2025-11-10 21:32:12','2025-11-10 21:32:12'),(8004,'赵六','13987654321','/profile/upload/2025/12/01/logo_20251201074521A001.png',1,30,30.00,'2025-11-10 21:32:12','2025-11-10 21:32:12'),(8005,'孙七','13712345678','/profile/upload/2025/12/01/Snipaste_2024-11-18_17-50-24_20251201074529A002.png',2,150,150.00,'2025-11-10 21:32:12','2025-11-10 21:32:12'),(8006,'周八','13787654321','/profile/upload/2025/12/01/logo_20251201074521A001.png',1,20,20.00,'2025-11-10 21:32:12','2025-11-10 21:32:12'),(8007,'吴九','13612345678','/profile/upload/2025/12/01/Snipaste_2024-11-18_17-50-24_20251201074529A002.png',3,400,400.00,'2025-11-10 21:32:12','2025-11-10 21:32:12'),(8008,'郑十','13687654321','/profile/upload/2025/12/01/logo_20251201074521A001.png',2,180,180.00,'2025-11-10 21:32:12','2025-11-10 21:32:12'),(8009,'钱一','13512345678','/profile/upload/2025/12/01/Snipaste_2024-11-18_17-50-24_20251201074529A002.png',1,40,40.00,'2025-11-10 21:32:12','2025-11-10 21:32:12'),(8010,'孙二','13587654321','/profile/upload/2025/12/01/logo_20251201074521A001.png',2,160,160.00,'2025-11-10 21:32:12','2025-11-10 21:32:12');
/*!40000 ALTER TABLE `customer` ENABLE KEYS */;
UNLOCK TABLES;

--
-- Table structure for table `gen_table`
--

DROP TABLE IF EXISTS `gen_table`;
/*!40101 SET @saved_cs_client     = @@character_set_client */;
/*!40101 SET character_set_client = utf8 */;
CREATE TABLE `gen_table` (
  `table_id` bigint(20) NOT NULL AUTO_INCREMENT COMMENT '编号',
  `table_name` varchar(200) COLLATE utf8mb4_unicode_ci DEFAULT '' COMMENT '表名称',
  `table_comment` varchar(500) COLLATE utf8mb4_unicode_ci DEFAULT '' COMMENT '表描述',
  `sub_table_name` varchar(64) COLLATE utf8mb4_unicode_ci DEFAULT NULL COMMENT '关联子表的表名',
  `sub_table_fk_name` varchar(64) COLLATE utf8mb4_unicode_ci DEFAULT NULL COMMENT '子表关联的外键名',
  `class_name` varchar(100) COLLATE utf8mb4_unicode_ci DEFAULT '' COMMENT '实体类名称',
  `tpl_category` varchar(200) COLLATE utf8mb4_unicode_ci DEFAULT 'crud' COMMENT '使用的模板（crud单表操作 tree树表操作）',
  `tpl_web_type` varchar(30) COLLATE utf8mb4_unicode_ci DEFAULT '' COMMENT '前端模板类型（element-ui模版 element-plus模版）',
  `package_name` varchar(100) COLLATE utf8mb4_unicode_ci DEFAULT NULL COMMENT '生成包路径',
  `module_name` varchar(30) COLLATE utf8mb4_unicode_ci DEFAULT NULL COMMENT '生成模块名',
  `business_name` varchar(30) COLLATE utf8mb4_unicode_ci DEFAULT NULL COMMENT '生成业务名',
  `function_name` varchar(50) COLLATE utf8mb4_unicode_ci DEFAULT NULL COMMENT '生成功能名',
  `function_author` varchar(50) COLLATE utf8mb4_unicode_ci DEFAULT NULL COMMENT '生成功能作者',
  `gen_type` char(1) COLLATE utf8mb4_unicode_ci DEFAULT '0' COMMENT '生成代码方式（0zip压缩包 1自定义路径）',
  `gen_path` varchar(200) COLLATE utf8mb4_unicode_ci DEFAULT '/' COMMENT '生成路径（不填默认项目路径）',
  `options` varchar(1000) COLLATE utf8mb4_unicode_ci DEFAULT NULL COMMENT '其它生成选项',
  `create_by` varchar(64) COLLATE utf8mb4_unicode_ci DEFAULT '' COMMENT '创建者',
  `create_time` datetime DEFAULT NULL COMMENT '创建时间',
  `update_by` varchar(64) COLLATE utf8mb4_unicode_ci DEFAULT '' COMMENT '更新者',
  `update_time` datetime DEFAULT NULL COMMENT '更新时间',
  `remark` varchar(500) COLLATE utf8mb4_unicode_ci DEFAULT NULL COMMENT '备注',
  PRIMARY KEY (`table_id`)
) ENGINE=InnoDB AUTO_INCREMENT=19 DEFAULT CHARSET=utf8mb4 COLLATE=utf8mb4_unicode_ci COMMENT='代码生成业务表';
/*!40101 SET character_set_client = @saved_cs_client */;

--
-- Dumping data for table `gen_table`
--

LOCK TABLES `gen_table` WRITE;
/*!40000 ALTER TABLE `gen_table` DISABLE KEYS */;
INSERT INTO `gen_table` VALUES (1,'customer','顾客表',NULL,NULL,'Customer','crud','element-plus','com.ruoyi.order','order','customer','顾客','xihao','0','/','{\"parentMenuId\":2010}','admin','2025-11-11 08:10:56','','2025-11-30 19:51:00',NULL),(2,'material_category','原料分类表','','','MaterialCategory','tree','element-plus','com.ruoyi.material','material','category','原料分类','xihao','0','/','{\"treeCode\":\"category_id\",\"treeName\":\"category_name\",\"treeParentCode\":\"parent_id\",\"parentMenuId\":2008}','admin','2025-11-11 08:10:56','','2025-11-18 21:13:05',NULL),(3,'material_info','原料信息表','supplier','supplier_id','MaterialInfo','sub','element-plus','com.ruoyi.material','material','info','原料信息','xihao','0','/','{\"parentMenuId\":2008}','admin','2025-11-11 08:10:56','','2025-11-18 21:17:26',NULL),(4,'order_detail','订单明细表',NULL,NULL,'OrderDetail','crud','element-plus','com.ruoyi.order','order','detail','订单明细','xihao','0','/','{\"parentMenuId\":2010}','admin','2025-11-11 08:10:56','','2025-11-30 21:26:48',NULL),(5,'order_main','订单主表','order_detail','order_id','OrderMain','sub','element-plus','com.ruoyi.order','order','main','客户订单','xihao','0','/','{\"parentMenuId\":2010}','admin','2025-11-11 08:10:56','','2025-11-30 21:24:54',NULL),(6,'order_status_history','订单状态历史表',NULL,NULL,'OrderStatusHistory','crud','element-plus','com.ruoyi.order','order','history','订单状态历史','xihao','0','/','{\"parentMenuId\":2010}','admin','2025-11-11 08:10:57','','2025-11-30 20:37:05',NULL),(7,'product_attribute','产品属性表',NULL,NULL,'ProductAttribute','crud','element-plus','com.ruoyi.product','product','attribute','产品属性','xihao','0','/','{\"parentMenuId\":2000}','admin','2025-11-11 08:10:57','','2025-11-18 20:37:38',NULL),(8,'product_category','产品分类表','','','ProductCategory','tree','element-plus','com.ruoyi.product','product','category','产品分类','xihao','0','/','{\"treeCode\":\"category_id\",\"treeName\":\"category_name\",\"treeParentCode\":\"parent_id\",\"parentMenuId\":2000}','admin','2025-11-11 08:10:57','','2025-11-18 22:48:41',NULL),(9,'product_formula','产品配方表','','','ProductFormula','crud','element-plus','com.ruoyi.product','product','formula','产品配方','xihao','0','/','{\"parentMenuId\":2000}','admin','2025-11-11 08:10:57','','2025-11-18 20:58:43',NULL),(10,'product_info','产品信息表','product_formula','product_id','ProductInfo','sub','element-plus','com.ruoyi.product','product','info','产品信息','xihao','0','/','{\"parentMenuId\":2000}','admin','2025-11-11 08:10:57','','2025-11-18 21:08:58',NULL),(11,'purchase_detail','采购明细表',NULL,NULL,'PurchaseDetail','crud','element-plus','com.ruoyi.purchase','purchase','detail','采购明细','xihao','0','/','{\"parentMenuId\":2011}','admin','2025-11-11 08:10:57','','2025-11-30 21:30:27',NULL),(12,'purchase_order','采购订单表','purchase_detail','purchase_id','PurchaseOrder','sub','element-plus','com.ruoyi.purchase','purchase','order','采购订单','xihao','0','/','{\"parentMenuId\":2011}','admin','2025-11-11 08:10:57','','2025-11-30 21:34:57',NULL),(13,'stock_info','库存信息表',NULL,NULL,'StockInfo','crud','element-plus','com.ruoyi.stock','stock','info','库存信息','xihao','0','/','{\"parentMenuId\":2009}','admin','2025-11-11 08:10:57','','2025-11-26 07:27:00',NULL),(14,'stock_record','库存变动记录表',NULL,NULL,'StockRecord','crud','element-plus','com.ruoyi.stock','stock','record','库存变动记录','xihao','0','/','{\"parentMenuId\":2009}','admin','2025-11-11 08:10:57','','2025-11-26 07:23:09',NULL),(15,'supplier','供应商表',NULL,NULL,'Supplier','crud','element-plus','com.ruoyi.material','material','supplier','供应商','xihao','0','/','{\"parentMenuId\":2008}','admin','2025-11-11 08:10:57','','2025-11-25 08:07:18',NULL),(16,'warehouse','仓库表',NULL,NULL,'Warehouse','crud','element-plus','com.ruoyi.stock','stock','warehouse','仓库','xihao','0','/','{\"parentMenuId\":2009}','admin','2025-11-11 08:10:57','','2025-11-25 14:50:55',NULL),(17,'stock_check','库存盘点表','stock_check_detail','detail_id','StockCheck','sub','element-plus','com.ruoyi.stock','stock','check','库存盘点','xihao','0','/','{\"parentMenuId\":2009}','admin','2025-11-26 07:27:31','','2025-11-26 10:33:57',NULL),(18,'stock_check_detail','库存盘点明细表',NULL,NULL,'StockCheckDetail','crud','element-plus','com.ruoyi.stock','stock','detail','库存盘点明细','xihao','0','/','{\"parentMenuId\":2009}','admin','2025-11-26 07:27:31','','2025-11-26 11:08:37',NULL);
/*!40000 ALTER TABLE `gen_table` ENABLE KEYS */;
UNLOCK TABLES;

--
-- Table structure for table `gen_table_column`
--

DROP TABLE IF EXISTS `gen_table_column`;
/*!40101 SET @saved_cs_client     = @@character_set_client */;
/*!40101 SET character_set_client = utf8 */;
CREATE TABLE `gen_table_column` (
  `column_id` bigint(20) NOT NULL AUTO_INCREMENT COMMENT '编号',
  `table_id` bigint(20) DEFAULT NULL COMMENT '归属表编号',
  `column_name` varchar(200) COLLATE utf8mb4_unicode_ci DEFAULT NULL COMMENT '列名称',
  `column_comment` varchar(500) COLLATE utf8mb4_unicode_ci DEFAULT NULL COMMENT '列描述',
  `column_type` varchar(100) COLLATE utf8mb4_unicode_ci DEFAULT NULL COMMENT '列类型',
  `java_type` varchar(500) COLLATE utf8mb4_unicode_ci DEFAULT NULL COMMENT 'JAVA类型',
  `java_field` varchar(200) COLLATE utf8mb4_unicode_ci DEFAULT NULL COMMENT 'JAVA字段名',
  `is_pk` char(1) COLLATE utf8mb4_unicode_ci DEFAULT NULL COMMENT '是否主键（1是）',
  `is_increment` char(1) COLLATE utf8mb4_unicode_ci DEFAULT NULL COMMENT '是否自增（1是）',
  `is_required` char(1) COLLATE utf8mb4_unicode_ci DEFAULT NULL COMMENT '是否必填（1是）',
  `is_insert` char(1) COLLATE utf8mb4_unicode_ci DEFAULT NULL COMMENT '是否为插入字段（1是）',
  `is_edit` char(1) COLLATE utf8mb4_unicode_ci DEFAULT NULL COMMENT '是否编辑字段（1是）',
  `is_list` char(1) COLLATE utf8mb4_unicode_ci DEFAULT NULL COMMENT '是否列表字段（1是）',
  `is_query` char(1) COLLATE utf8mb4_unicode_ci DEFAULT NULL COMMENT '是否查询字段（1是）',
  `query_type` varchar(200) COLLATE utf8mb4_unicode_ci DEFAULT 'EQ' COMMENT '查询方式（等于、不等于、大于、小于、范围）',
  `html_type` varchar(200) COLLATE utf8mb4_unicode_ci DEFAULT NULL COMMENT '显示类型（文本框、文本域、下拉框、复选框、单选框、日期控件）',
  `dict_type` varchar(200) COLLATE utf8mb4_unicode_ci DEFAULT '' COMMENT '字典类型',
  `sort` int(11) DEFAULT NULL COMMENT '排序',
  `create_by` varchar(64) COLLATE utf8mb4_unicode_ci DEFAULT '' COMMENT '创建者',
  `create_time` datetime DEFAULT NULL COMMENT '创建时间',
  `update_by` varchar(64) COLLATE utf8mb4_unicode_ci DEFAULT '' COMMENT '更新者',
  `update_time` datetime DEFAULT NULL COMMENT '更新时间',
  PRIMARY KEY (`column_id`)
) ENGINE=InnoDB AUTO_INCREMENT=181 DEFAULT CHARSET=utf8mb4 COLLATE=utf8mb4_unicode_ci COMMENT='代码生成业务表字段';
/*!40101 SET character_set_client = @saved_cs_client */;

--
-- Dumping data for table `gen_table_column`
--

LOCK TABLES `gen_table_column` WRITE;
/*!40000 ALTER TABLE `gen_table_column` DISABLE KEYS */;
INSERT INTO `gen_table_column` VALUES (1,1,'customer_id','顾客ID','bigint(20)','Long','customerId','1','1','0','1',NULL,NULL,NULL,'EQ','input','',1,'admin','2025-11-11 08:10:56','','2025-11-30 19:51:00'),(2,1,'customer_name','顾客姓名','varchar(50)','String','customerName','0','0','1','1','1','1','1','LIKE','input','',2,'admin','2025-11-11 08:10:56','','2025-11-30 19:51:00'),(3,1,'phone','手机号码','varchar(20)','String','phone','0','0','1','1','1','1','1','EQ','input','',3,'admin','2025-11-11 08:10:56','','2025-11-30 19:51:00'),(4,1,'avatar','头像','varchar(255)','String','avatar','0','0','1','1','1','1','1','EQ','imageUpload','',4,'admin','2025-11-11 08:10:56','','2025-11-30 19:51:00'),(5,1,'member_level','会员等级','tinyint(4)','Integer','memberLevel','0','0','0','1','1','1','1','EQ','input','',5,'admin','2025-11-11 08:10:56','','2025-11-30 19:51:00'),(6,1,'points','积分','int(11)','Long','points','0','0','0','1','1','1','1','EQ','input','',6,'admin','2025-11-11 08:10:56','','2025-11-30 19:51:00'),(7,1,'total_consume','总消费金额','decimal(10,2)','BigDecimal','totalConsume','0','0','0','1','1','1','1','EQ','input','',7,'admin','2025-11-11 08:10:56','','2025-11-30 19:51:00'),(8,1,'create_time','创建时间','datetime','Date','createTime','0','0','0','1',NULL,NULL,'1','EQ','datetime','',8,'admin','2025-11-11 08:10:56','','2025-11-30 19:51:00'),(9,1,'update_time','更新时间','datetime','Date','updateTime','0','0','0','0','1',NULL,NULL,'EQ','datetime','',9,'admin','2025-11-11 08:10:56','','2025-11-30 19:51:00'),(10,2,'category_id','分类ID','bigint(20)','Long','categoryId','1','1','0','1',NULL,NULL,NULL,'EQ','input','',1,'admin','2025-11-11 08:10:56','','2025-11-18 21:13:05'),(11,2,'category_name','分类名称','varchar(50)','String','categoryName','0','0','1','1','1','1','1','LIKE','input','',2,'admin','2025-11-11 08:10:56','','2025-11-18 21:13:05'),(12,2,'parent_id','父分类ID','bigint(20)','Long','parentId','0','0','0','1','1','1','1','EQ','input','',3,'admin','2025-11-11 08:10:56','','2025-11-18 21:13:05'),(13,2,'order_num','显示顺序','int(11)','Long','orderNum','0','0','0','1','1','1','0','EQ','input','',4,'admin','2025-11-11 08:10:56','','2025-11-18 21:13:05'),(14,2,'status','状态','tinyint(4)','Integer','status','0','0','0','1','1','1','1','EQ','select','sys_normal_disable',5,'admin','2025-11-11 08:10:56','','2025-11-18 21:13:05'),(15,2,'create_time','创建时间','datetime','Date','createTime','0','0','0','1',NULL,'1','0','EQ','datetime','',6,'admin','2025-11-11 08:10:56','','2025-11-18 21:13:05'),(16,2,'update_time','更新时间','datetime','Date','updateTime','0','0','0','0','1','1','0','EQ','datetime','',7,'admin','2025-11-11 08:10:56','','2025-11-18 21:13:05'),(17,3,'material_id','原料ID','bigint(20)','Long','materialId','1','1','0','1',NULL,NULL,NULL,'EQ','input','',1,'admin','2025-11-11 08:10:56','','2025-11-18 21:17:26'),(18,3,'material_name','原料名称','varchar(100)','String','materialName','0','0','1','1','1','1','1','LIKE','input','',2,'admin','2025-11-11 08:10:56','','2025-11-18 21:17:26'),(19,3,'category_id','分类ID','bigint(20)','Long','categoryId','0','0','1','1','1','1','1','EQ','input','',3,'admin','2025-11-11 08:10:56','','2025-11-18 21:17:26'),(20,3,'specification','规格','varchar(100)','String','specification','0','0','1','1','1','1','0','EQ','input','',4,'admin','2025-11-11 08:10:56','','2025-11-18 21:17:26'),(21,3,'unit','单位','varchar(20)','String','unit','0','0','1','1','1','1','0','EQ','input','',5,'admin','2025-11-11 08:10:56','','2025-11-18 21:17:26'),(22,3,'supplier_id','供应商ID','bigint(20)','Long','supplierId','0','0','1','1','1','1','1','EQ','input','',6,'admin','2025-11-11 08:10:56','','2025-11-18 21:17:26'),(23,3,'purchase_price','采购单价','decimal(10,4)','BigDecimal','purchasePrice','0','0','0','1','1','1','1','EQ','input','',7,'admin','2025-11-11 08:10:56','','2025-11-18 21:17:26'),(24,3,'shelf_life','保质期(天)','int(11)','Long','shelfLife','0','0','0','1','1','1','1','EQ','input','',8,'admin','2025-11-11 08:10:56','','2025-11-18 21:17:26'),(25,3,'warning_days','预警天数','int(11)','Long','warningDays','0','0','0','1','1','1','1','EQ','input','',9,'admin','2025-11-11 08:10:56','','2025-11-18 21:17:26'),(26,3,'status','状态','tinyint(4)','Integer','status','0','0','0','1','1','1','1','EQ','radio','sys_normal_disable',10,'admin','2025-11-11 08:10:56','','2025-11-18 21:17:26'),(27,3,'create_by','创建者','varchar(64)','String','createBy','0','0','0','1',NULL,'0',NULL,'EQ','input','',11,'admin','2025-11-11 08:10:56','','2025-11-18 21:17:26'),(28,3,'create_time','创建时间','datetime','Date','createTime','0','0','0','1',NULL,'1',NULL,'EQ','datetime','',12,'admin','2025-11-11 08:10:56','','2025-11-18 21:17:26'),(29,3,'update_by','更新者','varchar(64)','String','updateBy','0','0','0','0','1',NULL,NULL,'EQ','input','',13,'admin','2025-11-11 08:10:56','','2025-11-18 21:17:26'),(30,3,'update_time','更新时间','datetime','Date','updateTime','0','0','0','0','1','1',NULL,'EQ','datetime','',14,'admin','2025-11-11 08:10:56','','2025-11-18 21:17:26'),(31,4,'detail_id','详情ID','bigint(20)','Long','detailId','1','1','0','1',NULL,NULL,NULL,'EQ','input','',1,'admin','2025-11-11 08:10:56','','2025-11-30 21:26:48'),(32,4,'order_id','订单ID','bigint(20)','Long','orderId','0','0','1','1','1','1','1','EQ','input','',2,'admin','2025-11-11 08:10:56','','2025-11-30 21:26:48'),(33,4,'product_id','产品ID','bigint(20)','Long','productId','0','0','1','1','1','1','1','EQ','input','',3,'admin','2025-11-11 08:10:56','','2025-11-30 21:26:48'),(34,4,'product_name','产品名称','varchar(100)','String','productName','0','0','1','1','1','1','1','LIKE','input','',4,'admin','2025-11-11 08:10:56','','2025-11-30 21:26:48'),(35,4,'quantity','数量','int(11)','Long','quantity','0','0','1','1','1','1','0','EQ','input','',5,'admin','2025-11-11 08:10:56','','2025-11-30 21:26:48'),(36,4,'price','单价','decimal(10,2)','BigDecimal','price','0','0','1','1','1','1','0','EQ','input','',6,'admin','2025-11-11 08:10:56','','2025-11-30 21:26:48'),(37,4,'subtotal','小计','decimal(10,2)','BigDecimal','subtotal','0','0','1','1','1','1','1','EQ','input','',7,'admin','2025-11-11 08:10:56','','2025-11-30 21:26:48'),(38,4,'customization','定制要求','varchar(500)','String','customization','0','0','0','1','1','1','0','EQ','textarea','',8,'admin','2025-11-11 08:10:56','','2025-11-30 21:26:48'),(39,4,'create_time','创建时间','datetime','Date','createTime','0','0','0','1',NULL,NULL,NULL,'EQ','datetime','',9,'admin','2025-11-11 08:10:56','','2025-11-30 21:26:48'),(40,5,'order_id','订单ID','bigint(20)','Long','orderId','1','1','0','1',NULL,NULL,NULL,'EQ','input','',1,'admin','2025-11-11 08:10:56','','2025-11-30 21:24:54'),(41,5,'order_no','订单编号','varchar(50)','String','orderNo','0','0','1','1','1','1','1','EQ','input','',2,'admin','2025-11-11 08:10:56','','2025-11-30 21:24:54'),(42,5,'customer_id','顾客ID','bigint(20)','Long','customerId','0','0','0','1','1','1','0','EQ','input','',3,'admin','2025-11-11 08:10:56','','2025-11-30 21:24:54'),(43,5,'customer_name','顾客姓名','varchar(50)','String','customerName','0','0','1','1','1','1','1','LIKE','input','',4,'admin','2025-11-11 08:10:56','','2025-11-30 21:24:54'),(44,5,'customer_phone','顾客电话','varchar(20)','String','customerPhone','0','0','1','1','1','1','0','EQ','input','',5,'admin','2025-11-11 08:10:56','','2025-11-30 21:24:54'),(45,5,'total_amount','总金额','decimal(10,2)','BigDecimal','totalAmount','0','0','1','1','1','1','1','EQ','input','',6,'admin','2025-11-11 08:10:56','','2025-11-30 21:24:54'),(46,5,'actual_amount','实际支付金额','decimal(10,2)','BigDecimal','actualAmount','0','0','1','1','1','1','0','EQ','input','',7,'admin','2025-11-11 08:10:56','','2025-11-30 21:24:54'),(47,5,'discount_amount','优惠金额','decimal(10,2)','BigDecimal','discountAmount','0','0','0','1','1','1','0','EQ','input','',8,'admin','2025-11-11 08:10:56','','2025-11-30 21:24:54'),(48,5,'order_type','订单类型(1:堂食,2:外卖,3:自提)','tinyint(4)','Integer','orderType','0','0','1','1','1','1','1','EQ','select','order_type',9,'admin','2025-11-11 08:10:56','','2025-11-30 21:24:54'),(49,5,'status','订单状态(1:待支付,2:待制作,3:制作中,4:待配送,5:配送中,6:已完成,7:已取消)','tinyint(4)','Integer','status','0','0','1','1','1','1','1','EQ','radio','order_status',10,'admin','2025-11-11 08:10:56','','2025-11-30 21:24:54'),(50,5,'payment_status','支付状态(0:未支付,1:已支付,2:支付失败,3:退款中,4:已退款)','tinyint(4)','Integer','paymentStatus','0','0','1','1','1','1','1','EQ','radio','pay_status',11,'admin','2025-11-11 08:10:57','','2025-11-30 21:24:54'),(51,5,'payment_type','支付方式(1:微信,2:支付宝,3:现金)','tinyint(4)','Integer','paymentType','0','0','0','1','1','1','1','EQ','select','pay_way',12,'admin','2025-11-11 08:10:57','','2025-11-30 21:24:54'),(52,5,'table_no','桌号(堂食)','varchar(20)','String','tableNo','0','0','0','1','1','1','1','EQ','input','',13,'admin','2025-11-11 08:10:57','','2025-11-30 21:24:54'),(53,5,'delivery_address','配送地址(外卖)','varchar(500)','String','deliveryAddress','0','0','0','1','1','1','1','EQ','textarea','',14,'admin','2025-11-11 08:10:57','','2025-11-30 21:24:54'),(54,5,'remark','备注','varchar(500)','String','remark','0','0','0','1','1','1',NULL,'EQ','textarea','',15,'admin','2025-11-11 08:10:57','','2025-11-30 21:24:54'),(55,5,'operator_id','操作人ID','bigint(20)','Long','operatorId','0','0','0','1','1','1','0','EQ','input','',16,'admin','2025-11-11 08:10:57','','2025-11-30 21:24:54'),(56,5,'create_time','创建时间','datetime','Date','createTime','0','0','0','1',NULL,NULL,NULL,'EQ','datetime','',17,'admin','2025-11-11 08:10:57','','2025-11-30 21:24:54'),(57,5,'update_time','更新时间','datetime','Date','updateTime','0','0','0','1','1','0',NULL,'EQ','datetime','',18,'admin','2025-11-11 08:10:57','','2025-11-30 21:24:54'),(58,5,'payment_time','支付时间','datetime','Date','paymentTime','0','0','0','1','1','1','1','EQ','datetime','',19,'admin','2025-11-11 08:10:57','','2025-11-30 21:24:54'),(59,5,'completion_time','完成时间','datetime','Date','completionTime','0','0','0','1','1','1','1','EQ','datetime','',20,'admin','2025-11-11 08:10:57','','2025-11-30 21:24:54'),(60,6,'history_id','历史ID','bigint(20)','Long','historyId','1','1','0','1',NULL,NULL,NULL,'EQ','input','',1,'admin','2025-11-11 08:10:57','','2025-11-30 20:37:05'),(61,6,'order_id','订单ID','bigint(20)','Long','orderId','0','0','1','1','1','1','1','EQ','input','',2,'admin','2025-11-11 08:10:57','','2025-11-30 20:37:05'),(62,6,'old_status','原状态','tinyint(4)','Integer','oldStatus','0','0','1','1','1','1','1','EQ','radio','order_status',3,'admin','2025-11-11 08:10:57','','2025-11-30 20:37:05'),(63,6,'new_status','新状态','tinyint(4)','Integer','newStatus','0','0','1','1','1','1','1','EQ','radio','order_status',4,'admin','2025-11-11 08:10:57','','2025-11-30 20:37:05'),(64,6,'operator_id','操作人ID','bigint(20)','Long','operatorId','0','0','0','1','1','1','1','EQ','input','',5,'admin','2025-11-11 08:10:57','','2025-11-30 20:37:05'),(65,6,'remark','备注','varchar(500)','String','remark','0','0','0','1','1','1',NULL,'EQ','textarea','',6,'admin','2025-11-11 08:10:57','','2025-11-30 20:37:05'),(66,6,'create_time','创建时间','datetime','Date','createTime','0','0','0','1',NULL,NULL,NULL,'EQ','datetime','',7,'admin','2025-11-11 08:10:57','','2025-11-30 20:37:05'),(67,7,'attribute_id','属性ID','bigint(20)','Long','attributeId','1','1','0','1',NULL,NULL,NULL,'EQ','input','',1,'admin','2025-11-11 08:10:57','','2025-11-18 20:37:38'),(68,7,'attribute_name','属性名称','varchar(50)','String','attributeName','0','0','1','1','1','1','1','LIKE','input','',2,'admin','2025-11-11 08:10:57','','2025-11-18 20:37:38'),(69,7,'attribute_value','属性值(JSON格式)','varchar(255)','String','attributeValue','0','0','1','1','1','1','1','EQ','input','',3,'admin','2025-11-11 08:10:57','','2025-11-18 20:37:38'),(70,7,'product_id','产品ID','bigint(20)','Long','productId','0','0','1','1','1','1','1','EQ','input','',4,'admin','2025-11-11 08:10:57','','2025-11-18 20:37:38'),(71,7,'create_time','创建时间','datetime','Date','createTime','0','0','0','1',NULL,'1',NULL,'EQ','datetime','',5,'admin','2025-11-11 08:10:57','','2025-11-18 20:37:38'),(72,7,'update_time','更新时间','datetime','Date','updateTime','0','0','0','1','1','1',NULL,'EQ','datetime','',6,'admin','2025-11-11 08:10:57','','2025-11-18 20:37:38'),(73,8,'category_id','分类ID','bigint(20)','Long','categoryId','1','1','0','1',NULL,NULL,NULL,'EQ','input','',1,'admin','2025-11-11 08:10:57','','2025-11-18 22:48:41'),(74,8,'category_name','分类名称','varchar(50)','String','categoryName','0','0','1','1','1','1','1','LIKE','input','',2,'admin','2025-11-11 08:10:57','','2025-11-18 22:48:41'),(75,8,'parent_id','父分类ID','bigint(20)','Long','parentId','0','0','0','1','1','1','1','EQ','input','',3,'admin','2025-11-11 08:10:57','','2025-11-18 22:48:41'),(76,8,'order_num','显示顺序','int(11)','Long','orderNum','0','0','0','1','1','1','0','EQ','input','',4,'admin','2025-11-11 08:10:57','','2025-11-18 22:48:41'),(77,8,'status','状态(1:启用,0:禁用)','tinyint(4)','Integer','status','0','0','1','1','1','1','1','EQ','radio','sys_normal_disable',5,'admin','2025-11-11 08:10:57','','2025-11-18 22:48:41'),(78,8,'create_time','创建时间','datetime','Date','createTime','0','0','0','1',NULL,NULL,NULL,'EQ','datetime','',6,'admin','2025-11-11 08:10:57','','2025-11-18 22:48:41'),(79,8,'update_time','更新时间','datetime','Date','updateTime','0','0','0','1','1',NULL,NULL,'EQ','datetime','',7,'admin','2025-11-11 08:10:57','','2025-11-18 22:48:41'),(80,9,'formula_id','配方ID','bigint(20)','Long','formulaId','1','1','0','1',NULL,'1',NULL,'EQ','input','',1,'admin','2025-11-11 08:10:57','','2025-11-18 20:58:43'),(81,9,'product_id','产品ID','bigint(20)','Long','productId','0','0','1','1','1','1','1','EQ','input','',2,'admin','2025-11-11 08:10:57','','2025-11-18 20:58:43'),(82,9,'material_id','原料ID','bigint(20)','Long','materialId','0','0','1','1','1','1','1','EQ','input','',3,'admin','2025-11-11 08:10:57','','2025-11-18 20:58:43'),(83,9,'quantity','用量','decimal(10,4)','BigDecimal','quantity','0','0','1','1','1','1','1','EQ','input','',4,'admin','2025-11-11 08:10:57','','2025-11-18 20:58:43'),(84,9,'unit','单位','varchar(20)','String','unit','0','0','1','1','1','1','1','EQ','input','',5,'admin','2025-11-11 08:10:57','','2025-11-18 20:58:43'),(85,9,'create_time','创建时间','datetime','Date','createTime','0','0','1','1',NULL,NULL,'1','EQ','datetime','',6,'admin','2025-11-11 08:10:57','','2025-11-18 20:58:43'),(86,9,'update_time','更新时间','datetime','Date','updateTime','0','0','0','0','1',NULL,'1','EQ','datetime','',7,'admin','2025-11-11 08:10:57','','2025-11-18 20:58:43'),(87,10,'product_id','产品ID','bigint(20)','Long','productId','1','1','0','1',NULL,NULL,NULL,'EQ','input','',1,'admin','2025-11-11 08:10:57','','2025-11-18 21:08:58'),(88,10,'product_name','产品名称','varchar(100)','String','productName','0','0','1','1','1','1','1','LIKE','input','',2,'admin','2025-11-11 08:10:57','','2025-11-18 21:08:58'),(89,10,'category_id','分类ID','bigint(20)','Long','categoryId','0','0','1','1','1','1','0','EQ','input','',3,'admin','2025-11-11 08:10:57','','2025-11-18 21:08:58'),(90,10,'price','价格','decimal(10,2)','BigDecimal','price','0','0','1','1','1','1','1','EQ','input','',4,'admin','2025-11-11 08:10:57','','2025-11-18 21:08:58'),(91,10,'description','产品描述','varchar(500)','String','description','0','0','0','1','1','1','0','EQ','textarea','',5,'admin','2025-11-11 08:10:57','','2025-11-18 21:08:58'),(92,10,'image_url','产品图片','varchar(255)','String','imageUrl','0','0','0','1','1','1','0','EQ','imageUpload','',6,'admin','2025-11-11 08:10:57','','2025-11-18 21:08:58'),(93,10,'is_hot','是否热销','tinyint(4)','Integer','isHot','0','0','0','1','1','1','1','EQ','select','sys_yes_no',7,'admin','2025-11-11 08:10:57','','2025-11-18 21:08:58'),(94,10,'is_new','是否新品','tinyint(4)','Integer','isNew','0','0','0','1','1','1','1','EQ','select','sys_yes_no',8,'admin','2025-11-11 08:10:57','','2025-11-18 21:08:58'),(95,10,'status','状态(1:上架,0:下架)','tinyint(4)','Integer','status','0','0','0','1','1','1','1','EQ','select','putaway_yes_no',9,'admin','2025-11-11 08:10:57','','2025-11-18 21:08:58'),(96,10,'create_by','创建者','varchar(64)','String','createBy','0','0','0','1',NULL,NULL,NULL,'EQ','input','',10,'admin','2025-11-11 08:10:57','','2025-11-18 21:08:58'),(97,10,'create_time','创建时间','datetime','Date','createTime','0','0','0','1',NULL,'1','0','EQ','datetime','',11,'admin','2025-11-11 08:10:57','','2025-11-18 21:08:58'),(98,10,'update_by','更新者','varchar(64)','String','updateBy','0','0','0','0','1',NULL,'0','EQ','input','',12,'admin','2025-11-11 08:10:57','','2025-11-18 21:08:58'),(99,10,'update_time','更新时间','datetime','Date','updateTime','0','0','0','0','1','1','0','EQ','datetime','',13,'admin','2025-11-11 08:10:57','','2025-11-18 21:08:58'),(100,11,'detail_id','详情ID','bigint(20)','Long','detailId','1','1','0','1',NULL,NULL,NULL,'EQ','input','',1,'admin','2025-11-11 08:10:57','','2025-11-30 21:30:27'),(101,11,'purchase_id','采购订单ID','bigint(20)','Long','purchaseId','0','0','1','1','1','1','1','EQ','input','',2,'admin','2025-11-11 08:10:57','','2025-11-30 21:30:27'),(102,11,'material_id','原料ID','bigint(20)','Long','materialId','0','0','1','1','1','1','1','EQ','input','',3,'admin','2025-11-11 08:10:57','','2025-11-30 21:30:27'),(103,11,'material_name','原料名称','varchar(100)','String','materialName','0','0','1','1','1','1','1','LIKE','input','',4,'admin','2025-11-11 08:10:57','','2025-11-30 21:30:27'),(104,11,'specification','规格','varchar(100)','String','specification','0','0','0','1','1','1','0','BETWEEN','input','',5,'admin','2025-11-11 08:10:57','','2025-11-30 21:30:27'),(105,11,'unit','单位','varchar(20)','String','unit','0','0','1','1','1','1','0','EQ','input','',6,'admin','2025-11-11 08:10:57','','2025-11-30 21:30:27'),(106,11,'quantity','采购数量','decimal(15,4)','BigDecimal','quantity','0','0','1','1','1','1','1','EQ','input','',7,'admin','2025-11-11 08:10:57','','2025-11-30 21:30:27'),(107,11,'unit_price','单价','decimal(10,4)','BigDecimal','unitPrice','0','0','1','1','1','1','0','EQ','input','',8,'admin','2025-11-11 08:10:57','','2025-11-30 21:30:27'),(108,11,'amount','金额','decimal(10,2)','BigDecimal','amount','0','0','1','1','1','1','0','EQ','input','',9,'admin','2025-11-11 08:10:57','','2025-11-30 21:30:27'),(109,11,'actual_quantity','实际到货数量','decimal(15,4)','BigDecimal','actualQuantity','0','0','0','1','1','1','0','EQ','input','',10,'admin','2025-11-11 08:10:57','','2025-11-30 21:30:27'),(110,11,'create_time','创建时间','datetime','Date','createTime','0','0','0','1',NULL,NULL,'1','EQ','datetime','',11,'admin','2025-11-11 08:10:57','','2025-11-30 21:30:27'),(111,11,'update_time','更新时间','datetime','Date','updateTime','0','0','0','1','1',NULL,NULL,'EQ','datetime','',12,'admin','2025-11-11 08:10:57','','2025-11-30 21:30:27'),(112,12,'purchase_id','采购订单ID','bigint(20)','Long','purchaseId','1','1','0','1',NULL,NULL,NULL,'EQ','input','',1,'admin','2025-11-11 08:10:57','','2025-11-30 21:34:57'),(113,12,'purchase_no','采购单号','varchar(50)','String','purchaseNo','0','0','1','1','1','1','1','EQ','input','',2,'admin','2025-11-11 08:10:57','','2025-11-30 21:34:57'),(114,12,'supplier_id','供应商ID','bigint(20)','Long','supplierId','0','0','1','1','1','1','1','EQ','input','',3,'admin','2025-11-11 08:10:57','','2025-11-30 21:34:57'),(115,12,'total_amount','总金额','decimal(10,2)','BigDecimal','totalAmount','0','0','1','1','1','1','1','EQ','input','',4,'admin','2025-11-11 08:10:57','','2025-11-30 21:34:57'),(116,12,'status','状态(1:待审核,2:已审核,3:采购中,4:已完成,5:已取消)','tinyint(4)','Integer','status','0','0','1','1','1','1','1','EQ','radio','purchase_status',5,'admin','2025-11-11 08:10:57','','2025-11-30 21:34:57'),(117,12,'remark','备注','varchar(500)','String','remark','0','0','0','1','1','1',NULL,'EQ','textarea','',6,'admin','2025-11-11 08:10:57','','2025-11-30 21:34:57'),(118,12,'creator_id','创建人ID','bigint(20)','Long','creatorId','0','0','0','1','1','1','0','EQ','input','',7,'admin','2025-11-11 08:10:57','','2025-11-30 21:34:57'),(119,12,'auditor_id','审核人ID','bigint(20)','Long','auditorId','0','0','0','1','1','1','0','EQ','input','',8,'admin','2025-11-11 08:10:57','','2025-11-30 21:34:57'),(120,12,'create_time','创建时间','datetime','Date','createTime','0','0','0','1',NULL,'1','0','EQ','datetime','',9,'admin','2025-11-11 08:10:57','','2025-11-30 21:34:57'),(121,12,'update_time','更新时间','datetime','Date','updateTime','0','0','0','1','1','1','0','EQ','datetime','',10,'admin','2025-11-11 08:10:57','','2025-11-30 21:34:57'),(122,12,'audit_time','审核时间','datetime','Date','auditTime','0','0','0','1','1','1','1','EQ','datetime','',11,'admin','2025-11-11 08:10:57','','2025-11-30 21:34:57'),(123,12,'completion_time','完成时间','datetime','Date','completionTime','0','0','0','1','1','1','1','EQ','datetime','',12,'admin','2025-11-11 08:10:57','','2025-11-30 21:34:57'),(124,13,'stock_id','库存ID','bigint(20)','Long','stockId','1','1','0','1',NULL,NULL,NULL,'EQ','input','',1,'admin','2025-11-11 08:10:57','','2025-11-26 07:27:00'),(125,13,'material_id','原料ID','bigint(20)','Long','materialId','0','0','1','1','1','1','1','EQ','input','',2,'admin','2025-11-11 08:10:57','','2025-11-26 07:27:00'),(126,13,'quantity','库存数量','decimal(15,4)','BigDecimal','quantity','0','0','1','1','1','1','1','EQ','input','',3,'admin','2025-11-11 08:10:57','','2025-11-26 07:27:00'),(127,13,'alert_threshold','预警阈值','decimal(15,4)','BigDecimal','alertThreshold','0','0','1','1','1','1','1','EQ','input','',4,'admin','2025-11-11 08:10:57','','2025-11-26 07:27:00'),(128,13,'warehouse_id','仓库ID','bigint(20)','Long','warehouseId','0','0','1','1','1','1','1','EQ','input','',5,'admin','2025-11-11 08:10:57','','2025-11-26 07:27:00'),(129,13,'location','存储位置','varchar(100)','String','location','0','0','0','1','1','1','1','EQ','input','',6,'admin','2025-11-11 08:10:57','','2025-11-26 07:27:00'),(130,13,'create_time','创建时间','datetime','Date','createTime','0','0','0','1',NULL,'1','1','EQ','datetime','',7,'admin','2025-11-11 08:10:57','','2025-11-26 07:27:00'),(131,13,'update_time','更新时间','datetime','Date','updateTime','0','0','0','0','1',NULL,NULL,'EQ','datetime','',8,'admin','2025-11-11 08:10:57','','2025-11-26 07:27:00'),(132,14,'record_id','记录ID','bigint(20)','Long','recordId','1','1','0','1',NULL,NULL,NULL,'EQ','input','',1,'admin','2025-11-11 08:10:57','','2025-11-26 07:23:09'),(133,14,'material_id','原料ID','bigint(20)','Long','materialId','0','0','1','1','1','1','1','EQ','input','',2,'admin','2025-11-11 08:10:57','','2025-11-26 07:23:09'),(134,14,'type','变动类型(1:入库,2:出库,3:盘点,4:报损)','tinyint(4)','Integer','type','0','0','1','1','1','1','1','EQ','select','',3,'admin','2025-11-11 08:10:57','','2025-11-26 07:23:09'),(135,14,'quantity','变动数量','decimal(15,4)','BigDecimal','quantity','0','0','1','1','1','1','0','EQ','input','',4,'admin','2025-11-11 08:10:57','','2025-11-26 07:23:09'),(136,14,'before_quantity','变动前数量','decimal(15,4)','BigDecimal','beforeQuantity','0','0','1','1','1','1','0','EQ','input','',5,'admin','2025-11-11 08:10:57','','2025-11-26 07:23:09'),(137,14,'after_quantity','变动后数量','decimal(15,4)','BigDecimal','afterQuantity','0','0','1','1','1','1','0','EQ','input','',6,'admin','2025-11-11 08:10:57','','2025-11-26 07:23:09'),(138,14,'order_id','关联订单ID','bigint(20)','Long','orderId','0','0','0','1','1','1','1','EQ','input','',7,'admin','2025-11-11 08:10:57','','2025-11-26 07:23:09'),(139,14,'reference_no','参考单号','varchar(50)','String','referenceNo','0','0','0','1','1','1','1','EQ','input','',8,'admin','2025-11-11 08:10:57','','2025-11-26 07:23:09'),(140,14,'operator_id','操作人ID','bigint(20)','Long','operatorId','0','0','0','1','1','1','1','EQ','input','',9,'admin','2025-11-11 08:10:57','','2025-11-26 07:23:09'),(141,14,'remark','备注','varchar(500)','String','remark','0','0','0','1','1','0',NULL,'EQ','textarea','',10,'admin','2025-11-11 08:10:57','','2025-11-26 07:23:09'),(142,14,'create_time','创建时间','datetime','Date','createTime','0','0','0','1',NULL,NULL,NULL,'EQ','datetime','',11,'admin','2025-11-11 08:10:57','','2025-11-26 07:23:09'),(143,15,'supplier_id','供应商ID','bigint(20)','Long','supplierId','1','1','0','1',NULL,NULL,NULL,'EQ','input','',1,'admin','2025-11-11 08:10:57','','2025-11-25 08:07:18'),(144,15,'supplier_name','供应商名称','varchar(100)','String','supplierName','0','0','1','1','1','1','1','LIKE','input','',2,'admin','2025-11-11 08:10:57','','2025-11-25 08:07:18'),(145,15,'contact_person','联系人','varchar(50)','String','contactPerson','0','0','0','1','1','1','1','EQ','input','',3,'admin','2025-11-11 08:10:57','','2025-11-25 08:07:18'),(146,15,'contact_phone','联系电话','varchar(20)','String','contactPhone','0','0','0','1','1','1','0','EQ','input','',4,'admin','2025-11-11 08:10:57','','2025-11-25 08:07:18'),(147,15,'email','邮箱','varchar(100)','String','email','0','0','0','1','1','0','0','EQ','input','',5,'admin','2025-11-11 08:10:57','','2025-11-25 08:07:18'),(148,15,'address','地址','varchar(255)','String','address','0','0','0','1','1','0','0','EQ','input','',6,'admin','2025-11-11 08:10:57','','2025-11-25 08:07:18'),(149,15,'status','状态','tinyint(4)','Integer','status','0','0','1','1','1','1','1','EQ','radio','sys_normal_disable',7,'admin','2025-11-11 08:10:57','','2025-11-25 08:07:18'),(150,15,'create_time','创建时间','datetime','Date','createTime','0','0','0','1',NULL,'1','1','EQ','datetime','',8,'admin','2025-11-11 08:10:57','','2025-11-25 08:07:18'),(151,15,'update_time','更新时间','datetime','Date','updateTime','0','0','0','0','1','1','0','EQ','datetime','',9,'admin','2025-11-11 08:10:57','','2025-11-25 08:07:18'),(152,16,'warehouse_id','仓库ID','bigint(20)','Long','warehouseId','1','1','0','1',NULL,NULL,NULL,'EQ','input','',1,'admin','2025-11-11 08:10:57','','2025-11-25 14:50:55'),(153,16,'warehouse_name','仓库名称','varchar(100)','String','warehouseName','0','0','1','1','1','1','1','LIKE','input','',2,'admin','2025-11-11 08:10:57','','2025-11-25 14:50:55'),(154,16,'address','仓库地址','varchar(255)','String','address','0','0','1','1','1','1','1','EQ','input','',3,'admin','2025-11-11 08:10:57','','2025-11-25 14:50:55'),(155,16,'manager_id','负责人ID','bigint(20)','Long','managerId','0','0','0','1','1','1','1','EQ','input','',4,'admin','2025-11-11 08:10:57','','2025-11-25 14:50:55'),(156,16,'status','状态','tinyint(4)','Integer','status','0','0','1','1','1','1','1','EQ','radio','',5,'admin','2025-11-11 08:10:57','','2025-11-25 14:50:55'),(157,16,'create_time','创建时间','datetime','Date','createTime','0','0','0','1',NULL,NULL,NULL,'EQ','datetime','',6,'admin','2025-11-11 08:10:57','','2025-11-25 14:50:55'),(158,16,'update_time','更新时间','datetime','Date','updateTime','0','0','0','0','1',NULL,NULL,'EQ','datetime','',7,'admin','2025-11-11 08:10:57','','2025-11-25 14:50:55'),(159,17,'check_id','盘点ID','bigint(20)','Long','checkId','1','1','0','1',NULL,NULL,NULL,'EQ','input','',1,'admin','2025-11-26 07:27:31','','2025-11-26 10:33:57'),(160,17,'check_no','盘点单号','varchar(50)','String','checkNo','0','0','1','1','1','1','1','EQ','input','',2,'admin','2025-11-26 07:27:31','','2025-11-26 10:33:57'),(161,17,'warehouse_id','仓库ID','bigint(20)','Long','warehouseId','0','0','1','1','1','1','1','EQ','input','',3,'admin','2025-11-26 07:27:31','','2025-11-26 10:33:57'),(162,17,'check_date','盘点日期','datetime','Date','checkDate','0','0','1','1','1','1','1','EQ','datetime','',4,'admin','2025-11-26 07:27:31','','2025-11-26 10:33:57'),(163,17,'check_type','盘点类型','tinyint(4)','Integer','checkType','0','0','1','1','1','1','1','EQ','select','check_type',5,'admin','2025-11-26 07:27:31','','2025-11-26 10:33:57'),(164,17,'status','盘点状态','tinyint(4)','Integer','status','0','0','1','1','1','1','1','EQ','select','check_status',6,'admin','2025-11-26 07:27:31','','2025-11-26 10:33:57'),(165,17,'total_count','总盘点数量','int(11)','Long','totalCount','0','0','1','1','1','1','0','EQ','input','',7,'admin','2025-11-26 07:27:31','','2025-11-26 10:33:57'),(166,17,'discrepancy_count','差异数量','int(11)','Long','discrepancyCount','0','0','1','1','1','1','0','EQ','input','',8,'admin','2025-11-26 07:27:31','','2025-11-26 10:33:57'),(167,17,'operator_id','操作人ID','bigint(20)','Long','operatorId','0','0','1','1','1','0','0','EQ','input','',9,'admin','2025-11-26 07:27:31','','2025-11-26 10:33:57'),(168,17,'remark','备注','varchar(500)','String','remark','0','0','0','1','1','0',NULL,'EQ','textarea','',10,'admin','2025-11-26 07:27:31','','2025-11-26 10:33:57'),(169,17,'create_time','创建时间','datetime','Date','createTime','0','0','0','1',NULL,'0','0','EQ','datetime','',11,'admin','2025-11-26 07:27:31','','2025-11-26 10:33:57'),(170,17,'update_time','更新时间','datetime','Date','updateTime','0','0','0','0','1',NULL,NULL,'EQ','datetime','',12,'admin','2025-11-26 07:27:31','','2025-11-26 10:33:57'),(171,18,'detail_id','明细ID','bigint(20)','Long','detailId','1','1','0','1',NULL,NULL,NULL,'EQ','input','',1,'admin','2025-11-26 07:27:31','','2025-11-26 11:08:37'),(172,18,'check_id','盘点ID','bigint(20)','Long','checkId','0','0','1','1','1','1','1','EQ','input','',2,'admin','2025-11-26 07:27:31','','2025-11-26 11:08:37'),(173,18,'material_id','原料ID','bigint(20)','Long','materialId','0','0','1','1','1','1','1','EQ','input','',3,'admin','2025-11-26 07:27:31','','2025-11-26 11:08:37'),(174,18,'system_quantity','系统库存','decimal(15,4)','BigDecimal','systemQuantity','0','0','1','1','1','1','1','EQ','input','',4,'admin','2025-11-26 07:27:31','','2025-11-26 11:08:37'),(175,18,'actual_quantity','实际盘点数量','decimal(15,4)','BigDecimal','actualQuantity','0','0','1','1','1','1','1','EQ','input','',5,'admin','2025-11-26 07:27:31','','2025-11-26 11:08:37'),(176,18,'discrepancy_quantity','差异数量','decimal(15,4)','BigDecimal','discrepancyQuantity','0','0','1','1','1','1','0','EQ','input','',6,'admin','2025-11-26 07:27:31','','2025-11-26 11:08:37'),(177,18,'unit','单位','varchar(20)','String','unit','0','0','0','1','1','1','1','EQ','input','',7,'admin','2025-11-26 07:27:31','','2025-11-26 11:08:37'),(178,18,'status','处理状态','tinyint(4)','Integer','status','0','0','1','1','1','1','1','EQ','radio','dispose_status',8,'admin','2025-11-26 07:27:31','','2025-11-26 11:08:37'),(179,18,'adjustment_time','调整时间','datetime','Date','adjustmentTime','0','0','0','1','1','1','1','EQ','datetime','',9,'admin','2025-11-26 07:27:31','','2025-11-26 11:08:37'),(180,18,'remark','备注','varchar(500)','String','remark','0','0','0','1','1','0',NULL,'EQ','textarea','',10,'admin','2025-11-26 07:27:31','','2025-11-26 11:08:37');
/*!40000 ALTER TABLE `gen_table_column` ENABLE KEYS */;
UNLOCK TABLES;

--
-- Table structure for table `material_category`
--

DROP TABLE IF EXISTS `material_category`;
/*!40101 SET @saved_cs_client     = @@character_set_client */;
/*!40101 SET character_set_client = utf8 */;
CREATE TABLE `material_category` (
  `category_id` bigint(20) NOT NULL AUTO_INCREMENT COMMENT '分类ID',
  `category_name` varchar(50) COLLATE utf8mb4_unicode_ci NOT NULL COMMENT '分类名称',
  `parent_id` bigint(20) DEFAULT '0' COMMENT '父分类ID',
  `order_num` int(11) DEFAULT '0' COMMENT '显示顺序',
  `status` tinyint(4) DEFAULT '1' COMMENT '状态(1:启用,0:禁用)',
  `create_time` datetime NOT NULL COMMENT '创建时间',
  `update_time` datetime DEFAULT NULL COMMENT '更新时间',
  PRIMARY KEY (`category_id`),
  UNIQUE KEY `uk_category_name` (`category_name`)
) ENGINE=InnoDB AUTO_INCREMENT=2014 DEFAULT CHARSET=utf8mb4 COLLATE=utf8mb4_unicode_ci COMMENT='原料分类表';
/*!40101 SET character_set_client = @saved_cs_client */;

--
-- Dumping data for table `material_category`
--

LOCK TABLES `material_category` WRITE;
/*!40000 ALTER TABLE `material_category` DISABLE KEYS */;
INSERT INTO `material_category` VALUES (2001,'茶叶类',0,1,0,'2025-11-10 21:32:12','2025-11-24 14:43:14'),(2002,'乳制品',0,2,0,'2025-11-10 21:32:12','2025-11-10 21:32:12'),(2003,'糖类',0,3,0,'2025-11-10 21:32:12','2025-11-10 21:32:12'),(2004,'水果类',0,4,0,'2025-11-10 21:32:12','2025-11-10 21:32:12'),(2005,'小料类',0,5,0,'2025-11-10 21:32:12','2025-11-10 21:32:12'),(2006,'果酱类',0,6,0,'2025-11-10 21:32:12','2025-11-10 21:32:12'),(2007,'咖啡类',0,7,0,'2025-11-10 21:32:12','2025-11-10 21:32:12'),(2008,'包装材料',0,8,0,'2025-11-10 21:32:12','2025-11-10 21:32:12'),(2009,'添加剂',0,9,0,'2025-11-10 21:32:12','2025-11-10 21:32:12'),(2011,'功夫茶',2001,2,0,'2025-11-17 13:36:48','2025-11-17 13:38:56'),(2012,'其他',0,10,1,'2025-11-17 13:38:06','2025-11-17 13:38:11'),(2013,'铁观音',2011,0,1,'2025-11-23 17:49:11',NULL);
/*!40000 ALTER TABLE `material_category` ENABLE KEYS */;
UNLOCK TABLES;

--
-- Table structure for table `material_info`
--

DROP TABLE IF EXISTS `material_info`;
/*!40101 SET @saved_cs_client     = @@character_set_client */;
/*!40101 SET character_set_client = utf8 */;
CREATE TABLE `material_info` (
  `material_id` bigint(20) NOT NULL AUTO_INCREMENT COMMENT '原料ID',
  `material_name` varchar(100) COLLATE utf8mb4_unicode_ci NOT NULL COMMENT '原料名称',
  `category_id` bigint(20) NOT NULL COMMENT '分类ID',
  `specification` varchar(100) COLLATE utf8mb4_unicode_ci DEFAULT NULL COMMENT '规格',
  `unit` varchar(20) COLLATE utf8mb4_unicode_ci NOT NULL COMMENT '单位',
  `supplier_id` bigint(20) NOT NULL COMMENT '供应商ID',
  `purchase_price` decimal(10,4) DEFAULT NULL COMMENT '采购单价',
  `shelf_life` int(11) DEFAULT NULL COMMENT '保质期(天)',
  `warning_days` int(11) DEFAULT '7' COMMENT '预警天数',
  `status` tinyint(4) DEFAULT '1' COMMENT '状态(1:启用,0:禁用)',
  `create_by` varchar(64) COLLATE utf8mb4_unicode_ci DEFAULT NULL COMMENT '创建者',
  `create_time` datetime NOT NULL COMMENT '创建时间',
  `update_by` varchar(64) COLLATE utf8mb4_unicode_ci DEFAULT NULL COMMENT '更新者',
  `update_time` datetime DEFAULT NULL COMMENT '更新时间',
  PRIMARY KEY (`material_id`),
  KEY `idx_category_id` (`category_id`),
  KEY `idx_supplier_id` (`supplier_id`),
  CONSTRAINT `fk_material_category` FOREIGN KEY (`category_id`) REFERENCES `material_category` (`category_id`),
  CONSTRAINT `fk_material_supplier` FOREIGN KEY (`supplier_id`) REFERENCES `supplier` (`supplier_id`)
) ENGINE=InnoDB AUTO_INCREMENT=4029 DEFAULT CHARSET=utf8mb4 COLLATE=utf8mb4_unicode_ci COMMENT='原料信息表';
/*!40101 SET character_set_client = @saved_cs_client */;

--
-- Dumping data for table `material_info`
--

LOCK TABLES `material_info` WRITE;
/*!40000 ALTER TABLE `material_info` DISABLE KEYS */;
INSERT INTO `material_info` VALUES (4001,'红茶茶叶',2001,'500g/包','包',3001,50.0000,180,15,0,'admin','2025-11-10 21:32:12','admin','2025-11-10 21:32:12'),(4002,'绿茶茶叶',2001,'500g/包','包',3001,45.0000,180,15,0,'admin','2025-11-10 21:32:12','admin','2025-11-10 21:32:12'),(4003,'牛奶',2002,'1L/盒','盒',3003,12.0000,15,3,0,'admin','2025-11-10 21:32:12','admin','2025-11-10 21:32:12'),(4004,'珍珠',2005,'1kg/包','包',3005,25.0000,90,10,0,'admin','2025-11-10 21:32:12','admin','2025-11-10 21:32:12'),(4005,'白砂糖',2003,'5kg/包','包',3007,20.0000,365,30,0,'admin','2025-11-10 21:32:12','admin','2025-11-10 21:32:12'),(4006,'草莓果酱',2006,'1kg/瓶','瓶',3008,40.0000,180,15,0,'admin','2025-11-10 21:32:12','admin','2025-11-10 21:32:12'),(4007,'芝士',2002,'500g/盒','盒',3003,60.0000,30,5,0,'admin','2025-11-10 21:32:12','admin','2025-11-10 21:32:12'),(4008,'柠檬',2004,'500g/份','份',3002,15.0000,7,2,0,'admin','2025-11-10 21:32:12','admin','2025-11-10 21:32:12'),(4009,'咖啡粉',2007,'500g/包','包',3006,80.0000,270,20,0,'admin','2025-11-10 21:32:12','admin','2025-11-10 21:32:12'),(4010,'一次性杯子',2008,'500个/箱','箱',3004,60.0000,730,60,0,'admin','2025-11-10 21:32:12','admin','2025-11-24 21:47:14'),(4022,'东方红',2002,'2','1',3001,NULL,NULL,7,1,NULL,'2025-11-24 23:05:51',NULL,NULL),(4026,'我问问',2001,'11','111',3003,NULL,NULL,7,1,NULL,'2025-11-24 23:25:53',NULL,NULL),(4027,'1',2001,'1','1',4025,NULL,NULL,7,1,NULL,'2025-11-24 23:31:52',NULL,NULL),(4028,'1',2001,'1','1',4026,NULL,NULL,7,1,NULL,'2025-11-24 23:35:46',NULL,NULL);
/*!40000 ALTER TABLE `material_info` ENABLE KEYS */;
UNLOCK TABLES;

--
-- Table structure for table `order_detail`
--

DROP TABLE IF EXISTS `order_detail`;
/*!40101 SET @saved_cs_client     = @@character_set_client */;
/*!40101 SET character_set_client = utf8 */;
CREATE TABLE `order_detail` (
  `detail_id` bigint(20) NOT NULL AUTO_INCREMENT COMMENT '详情ID',
  `order_id` bigint(20) NOT NULL COMMENT '订单ID',
  `product_id` bigint(20) NOT NULL COMMENT '产品ID',
  `product_name` varchar(100) COLLATE utf8mb4_unicode_ci NOT NULL COMMENT '产品名称',
  `quantity` int(11) NOT NULL COMMENT '数量',
  `price` decimal(10,2) NOT NULL COMMENT '单价',
  `subtotal` decimal(10,2) NOT NULL COMMENT '小计',
  `customization` varchar(500) COLLATE utf8mb4_unicode_ci DEFAULT NULL COMMENT '定制要求',
  `create_time` datetime NOT NULL COMMENT '创建时间',
  PRIMARY KEY (`detail_id`),
  KEY `idx_order_id` (`order_id`),
  KEY `idx_product_id` (`product_id`),
  CONSTRAINT `fk_detail_order` FOREIGN KEY (`order_id`) REFERENCES `order_main` (`order_id`),
  CONSTRAINT `fk_detail_product` FOREIGN KEY (`product_id`) REFERENCES `product_info` (`product_id`)
) ENGINE=InnoDB AUTO_INCREMENT=10018 DEFAULT CHARSET=utf8mb4 COLLATE=utf8mb4_unicode_ci COMMENT='订单明细表';
/*!40101 SET character_set_client = @saved_cs_client */;

--
-- Dumping data for table `order_detail`
--

LOCK TABLES `order_detail` WRITE;
/*!40000 ALTER TABLE `order_detail` DISABLE KEYS */;
INSERT INTO `order_detail` VALUES (10001,9001,1001,'原味珍珠奶茶',2,12.00,24.00,'少冰','2025-11-10 21:32:12'),(10002,9002,1002,'草莓果茶',1,15.00,15.00,'正常','2025-11-10 21:32:12'),(10003,9003,1003,'芝士奶盖绿茶',1,18.00,18.00,'多芝士','2025-11-10 21:32:12'),(10004,9004,1004,'柠檬冷泡茶',1,14.00,14.00,'常温','2025-11-10 21:32:12'),(10005,9005,1005,'芒果冰沙',1,16.00,16.00,'少糖','2025-11-10 21:32:12'),(10006,9006,1006,'红豆奶茶',1,13.00,13.00,'正常','2025-11-10 21:32:12'),(10007,9007,1007,'焦糖咖啡',1,17.00,17.00,'多冰','2025-11-10 21:32:12'),(10008,9008,1008,'黑糖珍珠奶茶',1,15.00,15.00,'正常','2025-11-10 21:32:12'),(10009,9009,1009,'蓝莓奶盖茶',1,19.00,19.00,'少奶盖','2025-11-10 21:32:12'),(10010,9010,1010,'杨枝甘露',1,20.00,20.00,'正常','2025-11-10 21:32:12'),(10011,9016,1007,'焦糖咖啡',1,17.00,17.00,'','2025-12-01 23:54:35'),(10012,9017,1004,'柠檬冷泡茶',1,14.00,14.00,'','2025-12-02 07:50:53'),(10013,9018,1001,'原味珍珠奶茶',2,12.00,24.00,'小料选择: 珍珠,椰果,红豆,布丁;','2025-12-08 13:27:32'),(10014,9021,1001,'原味珍珠奶茶',1,12.00,12.00,'糖度选择: 无糖,少糖,正常,多糖;','2025-12-08 14:37:03'),(10017,9023,1001,'原味珍珠奶茶',1,12.00,12.00,'糖度选择: 正常; 酸度: 7分酸;','2025-12-08 20:26:51');
/*!40000 ALTER TABLE `order_detail` ENABLE KEYS */;
UNLOCK TABLES;

--
-- Table structure for table `order_main`
--

DROP TABLE IF EXISTS `order_main`;
/*!40101 SET @saved_cs_client     = @@character_set_client */;
/*!40101 SET character_set_client = utf8 */;
CREATE TABLE `order_main` (
  `order_id` bigint(20) NOT NULL AUTO_INCREMENT COMMENT '订单ID',
  `order_no` varchar(50) COLLATE utf8mb4_unicode_ci NOT NULL COMMENT '订单编号',
  `customer_id` bigint(20) DEFAULT NULL COMMENT '顾客ID',
  `customer_name` varchar(50) COLLATE utf8mb4_unicode_ci NOT NULL COMMENT '顾客姓名',
  `customer_phone` varchar(20) COLLATE utf8mb4_unicode_ci NOT NULL COMMENT '顾客电话',
  `total_amount` decimal(10,2) NOT NULL COMMENT '总金额',
  `actual_amount` decimal(10,2) NOT NULL COMMENT '实际支付金额',
  `discount_amount` decimal(10,2) DEFAULT '0.00' COMMENT '优惠金额',
  `order_type` tinyint(4) NOT NULL COMMENT '订单类型(1:堂食,2:外卖,3:自提)',
  `status` tinyint(4) NOT NULL COMMENT '订单状态(1:待支付,2:待制作,3:制作中,4:待配送,5:配送中,6:已完成,7:已取消)',
  `payment_status` tinyint(4) NOT NULL COMMENT '支付状态(0:未支付,1:已支付,2:支付失败,3:退款中,4:已退款)',
  `payment_type` tinyint(4) DEFAULT NULL COMMENT '支付方式(1:微信,2:支付宝,3:现金)',
  `table_no` varchar(20) COLLATE utf8mb4_unicode_ci DEFAULT NULL COMMENT '桌号(堂食)',
  `delivery_address` varchar(500) COLLATE utf8mb4_unicode_ci DEFAULT NULL COMMENT '配送地址',
  `remark` varchar(500) COLLATE utf8mb4_unicode_ci DEFAULT NULL COMMENT '备注',
  `operator_id` bigint(20) DEFAULT NULL COMMENT '操作人ID',
  `create_time` datetime NOT NULL COMMENT '创建时间',
  `update_time` datetime DEFAULT NULL COMMENT '更新时间',
  `payment_time` datetime DEFAULT NULL COMMENT '支付时间',
  `completion_time` datetime DEFAULT NULL COMMENT '完成时间',
  PRIMARY KEY (`order_id`),
  UNIQUE KEY `uk_order_no` (`order_no`),
  KEY `idx_customer_id` (`customer_id`),
  KEY `idx_create_time` (`create_time`),
  KEY `idx_status` (`status`),
  CONSTRAINT `fk_order_customer` FOREIGN KEY (`customer_id`) REFERENCES `customer` (`customer_id`)
) ENGINE=InnoDB AUTO_INCREMENT=9024 DEFAULT CHARSET=utf8mb4 COLLATE=utf8mb4_unicode_ci COMMENT='订单主表';
/*!40101 SET character_set_client = @saved_cs_client */;

--
-- Dumping data for table `order_main`
--

LOCK TABLES `order_main` WRITE;
/*!40000 ALTER TABLE `order_main` DISABLE KEYS */;
INSERT INTO `order_main` VALUES (9001,'ORD-20240101001',8001,'张三','13812345678',12.00,12.00,0.00,1,8,1,1,'A01',NULL,'少冰',1,'2025-11-10 21:32:12','2025-12-08 13:17:24','2025-11-10 00:00:00','2025-12-08 00:00:00'),(9002,'ORD-20240101002',8002,'李四','13887654321',15.00,15.00,0.00,2,7,1,2,NULL,'深圳市南山区科技园','正常',1,'2025-11-10 21:32:12','2025-12-01 13:19:12','2025-11-10 00:00:00','2025-11-10 00:00:00'),(9003,'ORD-20240101003',8003,'王五','13912345678',18.00,16.00,2.00,3,8,3,1,NULL,NULL,'多芝士',1,'2025-11-10 21:32:12','2025-12-02 14:46:11','2025-11-10 00:00:00','2025-12-02 00:00:00'),(9004,'ORD-20240101004',8004,'赵六','13987654321',14.00,14.00,0.00,1,8,0,3,'B02',NULL,'常温',1,'2025-11-10 21:32:12','2025-12-01 21:01:54','2025-11-10 00:00:00','2025-12-01 00:00:00'),(9005,'ORD-20240101005',8005,'孙七','13712345678',16.00,16.00,0.00,2,8,1,1,NULL,'深圳市福田区','少糖',1,'2025-11-10 21:32:12','2025-12-02 14:46:23','2025-11-10 00:00:00','2025-12-02 00:00:00'),(9006,'ORD-20240101006',8006,'周八','13787654321',13.00,13.00,0.00,3,6,1,2,NULL,NULL,'正常',1,'2025-11-10 21:32:12','2025-11-10 21:32:12','2025-11-10 21:32:12','2025-11-10 21:32:12'),(9007,'ORD-20240101007',8007,'吴九','13612345678',17.00,15.00,2.00,1,1,1,1,'C03',NULL,'多冰',1,'2025-11-10 21:32:12','2025-12-01 18:20:39','2025-11-10 00:00:00','2025-11-10 00:00:00'),(9008,'ORD-20240101008',8008,'郑十','13687654321',15.00,15.00,0.00,2,6,1,1,NULL,'深圳市罗湖区','正常',1,'2025-11-10 21:32:12','2025-11-10 21:32:12','2025-11-10 21:32:12','2025-11-10 21:32:12'),(9009,'ORD-20240101009',8009,'钱一','13512345678',19.00,19.00,0.00,3,8,1,3,NULL,NULL,'少奶盖',1,'2025-11-10 21:32:12','2025-12-02 14:25:27','2025-11-10 00:00:00','2025-12-02 00:00:00'),(9010,'ORD-20240101010',8010,'孙二','13587654321',20.00,18.00,2.00,1,6,1,2,'A04',NULL,'正常',1,'2025-11-10 21:32:12','2025-11-10 21:32:12','2025-11-10 21:32:12','2025-11-10 21:32:12'),(9016,'ORD-20251201725',NULL,'1','1',1.00,1.00,0.00,1,8,1,NULL,'1',NULL,NULL,NULL,'2025-12-01 23:54:35','2025-12-08 20:54:19',NULL,'2025-12-08 00:00:00'),(9017,'ORD-20251202255',8002,'张三','1',1.00,1.00,0.00,3,8,4,1,NULL,NULL,NULL,NULL,'2025-12-02 07:50:53','2025-12-08 20:54:05',NULL,'2025-12-08 00:00:00'),(9018,'ORD-20251208455',NULL,'张三','123',24.00,14.00,10.00,1,8,0,NULL,'A1',NULL,'备注',NULL,'2025-12-08 13:27:32','2025-12-08 20:55:31',NULL,'2025-12-08 00:00:00'),(9021,'ORD-20251208178',NULL,'1','1',12.00,12.00,0.00,3,8,1,NULL,NULL,NULL,NULL,NULL,'2025-12-08 14:37:03','2025-12-08 20:54:45',NULL,'2025-12-08 00:00:00'),(9023,'ORD-20251208275',NULL,'1','1',12.00,12.00,0.00,2,1,1,NULL,NULL,'1','备注',NULL,'2025-12-08 20:26:51','2025-12-08 20:43:30',NULL,NULL);
/*!40000 ALTER TABLE `order_main` ENABLE KEYS */;
UNLOCK TABLES;

--
-- Table structure for table `product_attribute`
--

DROP TABLE IF EXISTS `product_attribute`;
/*!40101 SET @saved_cs_client     = @@character_set_client */;
/*!40101 SET character_set_client = utf8 */;
CREATE TABLE `product_attribute` (
  `attribute_id` bigint(20) NOT NULL AUTO_INCREMENT COMMENT '属性ID',
  `attribute_name` varchar(50) COLLATE utf8mb4_unicode_ci NOT NULL COMMENT '属性名称',
  `attribute_value` varchar(255) COLLATE utf8mb4_unicode_ci NOT NULL COMMENT '属性值(JSON格式)',
  `product_id` bigint(20) NOT NULL COMMENT '产品ID',
  `create_time` datetime NOT NULL COMMENT '创建时间',
  `update_time` datetime DEFAULT NULL COMMENT '更新时间',
  PRIMARY KEY (`attribute_id`),
  KEY `idx_product_id` (`product_id`),
  CONSTRAINT `fk_attribute_product` FOREIGN KEY (`product_id`) REFERENCES `product_info` (`product_id`)
) ENGINE=InnoDB AUTO_INCREMENT=13013 DEFAULT CHARSET=utf8mb4 COLLATE=utf8mb4_unicode_ci COMMENT='产品属性表';
/*!40101 SET character_set_client = @saved_cs_client */;

--
-- Dumping data for table `product_attribute`
--

LOCK TABLES `product_attribute` WRITE;
/*!40000 ALTER TABLE `product_attribute` DISABLE KEYS */;
INSERT INTO `product_attribute` VALUES (13002,'糖度选择','{\"options\":[\"无糖\",\"少糖\",\"正常\",\"多糖\"]}',1001,'2025-11-10 21:32:12','2025-11-10 21:32:12'),(13003,'小料选择','{\"options\":[\"珍珠\",\"椰果\",\"红豆\",\"布丁\"]}',1001,'2025-11-10 21:32:12','2025-11-10 21:32:12'),(13004,'温度选择','{\"options\":[\"冰\",\"常温\",\"热\"]}',1002,'2025-11-10 21:32:12','2025-11-10 21:32:12'),(13005,'糖度选择','{\"options\":[\"无糖\",\"少糖\",\"正常\",\"多糖\"]}',1002,'2025-11-10 21:32:12','2025-11-10 21:32:12'),(13006,'温度选择','{\"options\":[\"冰\",\"常温\"]}',1003,'2025-11-10 21:32:12','2025-11-10 21:32:12'),(13007,'糖度选择','{\"options\":[\"无糖\",\"少糖\",\"正常\"]}',1003,'2025-11-10 21:32:12','2025-11-10 21:32:12'),(13008,'奶盖厚度','{\"options\":[\"标准\",\"厚\"]}',1003,'2025-11-10 21:32:12','2025-11-10 21:32:12'),(13009,'温度选择','{\"options\":[\"冰\"]}',1004,'2025-11-10 21:32:12','2025-11-10 21:32:12'),(13010,'糖度选择','{\"options\":[\"少糖\",\"正常\",\"多糖\"]}',1004,'2025-11-10 21:32:12','2025-11-10 21:32:12'),(13011,'酸度','{\"options\":[\"无酸\",\"3分酸\",\"7分酸\"]}',1002,'2025-11-13 23:47:17','2025-11-24 14:33:07'),(13012,'酸','{\"options\":[\"酸1\",\"酸2\"]}',1001,'2025-11-13 23:47:45',NULL);
/*!40000 ALTER TABLE `product_attribute` ENABLE KEYS */;
UNLOCK TABLES;

--
-- Table structure for table `product_category`
--

DROP TABLE IF EXISTS `product_category`;
/*!40101 SET @saved_cs_client     = @@character_set_client */;
/*!40101 SET character_set_client = utf8 */;
CREATE TABLE `product_category` (
  `category_id` bigint(20) NOT NULL AUTO_INCREMENT COMMENT '分类ID',
  `category_name` varchar(50) COLLATE utf8mb4_unicode_ci NOT NULL COMMENT '分类名称',
  `parent_id` bigint(20) DEFAULT '0' COMMENT '父分类ID',
  `order_num` int(11) DEFAULT '0' COMMENT '显示顺序',
  `status` tinyint(4) DEFAULT '1' COMMENT '状态(1:启用,0:禁用)',
  `create_time` datetime NOT NULL COMMENT '创建时间',
  `update_time` datetime DEFAULT NULL COMMENT '更新时间',
  PRIMARY KEY (`category_id`),
  UNIQUE KEY `uk_category_name` (`category_name`)
) ENGINE=InnoDB AUTO_INCREMENT=1016 DEFAULT CHARSET=utf8mb4 COLLATE=utf8mb4_unicode_ci COMMENT='产品分类表';
/*!40101 SET character_set_client = @saved_cs_client */;

--
-- Dumping data for table `product_category`
--

LOCK TABLES `product_category` WRITE;
/*!40000 ALTER TABLE `product_category` DISABLE KEYS */;
INSERT INTO `product_category` VALUES (1001,'经典奶茶',1001,1,1,'2025-11-10 21:32:12','2025-11-11 21:36:59'),(1002,'果茶系列',0,2,0,'2025-11-10 21:32:12','2025-11-12 17:19:36'),(1003,'奶盖茶',0,3,0,'2025-11-10 21:32:12','2025-11-13 23:15:50'),(1004,'冷泡茶',0,4,1,'2025-11-10 21:32:12','2025-11-10 21:32:12'),(1005,'季节限定',0,5,1,'2025-11-10 21:32:12','2025-11-10 21:32:12'),(1006,'咖啡系列',0,6,1,'2025-11-10 21:32:12','2025-11-10 21:32:12'),(1007,'热饮系列',0,7,1,'2025-11-10 21:32:12','2025-11-10 21:32:12'),(1008,'小吃系列',0,8,0,'2025-11-10 21:32:12','2025-11-17 20:31:41'),(1009,'冰沙系列',0,9,1,'2025-11-10 21:32:12','2025-11-10 21:32:12'),(1010,'特调饮品',0,10,1,'2025-11-10 21:32:12','2025-11-10 21:32:12'),(1011,'奶盖茉莉',1003,1,1,'2025-11-11 21:37:38',NULL),(1012,'1',1002,0,0,'2025-11-12 14:40:41','2025-11-12 16:27:25'),(1013,'111',0,0,0,'2025-11-12 16:50:44',NULL),(1014,'糕点',1008,0,0,'2025-11-12 17:27:08',NULL),(1015,'蛋糕',0,1,0,'2025-11-24 14:31:00','2025-11-24 14:31:06');
/*!40000 ALTER TABLE `product_category` ENABLE KEYS */;
UNLOCK TABLES;

--
-- Table structure for table `product_formula`
--

DROP TABLE IF EXISTS `product_formula`;
/*!40101 SET @saved_cs_client     = @@character_set_client */;
/*!40101 SET character_set_client = utf8 */;
CREATE TABLE `product_formula` (
  `formula_id` bigint(20) NOT NULL AUTO_INCREMENT COMMENT '配方ID',
  `product_id` bigint(20) NOT NULL COMMENT '产品ID',
  `material_id` bigint(20) NOT NULL COMMENT '原料ID',
  `quantity` decimal(10,4) NOT NULL COMMENT '用量',
  `unit` varchar(20) COLLATE utf8mb4_unicode_ci NOT NULL COMMENT '单位',
  `create_time` datetime NOT NULL COMMENT '创建时间',
  `update_time` datetime DEFAULT NULL COMMENT '更新时间',
  PRIMARY KEY (`formula_id`),
  KEY `idx_product_id` (`product_id`),
  KEY `idx_material_id` (`material_id`)
) ENGINE=InnoDB AUTO_INCREMENT=12022 DEFAULT CHARSET=utf8mb4 COLLATE=utf8mb4_unicode_ci COMMENT='产品配方表';
/*!40101 SET character_set_client = @saved_cs_client */;

--
-- Dumping data for table `product_formula`
--

LOCK TABLES `product_formula` WRITE;
/*!40000 ALTER TABLE `product_formula` DISABLE KEYS */;
INSERT INTO `product_formula` VALUES (12006,1002,4006,0.1000,'kg','2025-12-02 13:38:26','2025-12-02 13:38:26'),(12007,1002,4005,0.0200,'kg','2025-12-02 13:38:26','2025-12-02 13:38:26'),(12008,1003,4002,0.0500,'kg','2025-12-02 13:39:03','2025-12-02 13:39:03'),(12009,1003,4007,0.0800,'kg','2025-12-02 13:39:03','2025-12-02 13:39:03'),(12010,1003,4005,0.0200,'kg','2025-12-02 13:39:03','2025-12-02 13:39:03'),(12011,1001,4001,0.1000,'g','2025-12-02 13:44:03','2025-12-02 13:44:03'),(12012,1025,4005,1.0000,'包','2025-11-23 19:19:36','2025-11-23 19:19:36'),(12013,1026,4008,1.0000,'份','2025-11-23 19:30:31','2025-11-23 19:30:31'),(12014,1026,4006,1.0000,'瓶','2025-11-23 19:30:31','2025-11-23 19:30:31'),(12015,1028,4008,1.0000,'份','2025-11-23 19:31:24','2025-11-23 19:31:24'),(12016,1029,4002,1.0000,'包','2025-11-23 19:54:31','2025-11-23 19:54:31'),(12018,1032,4001,6.0000,'包','2025-11-23 20:40:18','2025-11-23 20:40:18'),(12019,1033,4007,67.0000,'盒','2025-11-23 20:42:38','2025-11-23 20:42:38'),(12020,1034,4002,1.0000,'包','2025-11-23 20:43:24','2025-11-23 20:43:24'),(12021,1034,4006,1.0000,'瓶','2025-11-23 20:43:24','2025-11-23 20:43:24');
/*!40000 ALTER TABLE `product_formula` ENABLE KEYS */;
UNLOCK TABLES;

--
-- Table structure for table `product_info`
--

DROP TABLE IF EXISTS `product_info`;
/*!40101 SET @saved_cs_client     = @@character_set_client */;
/*!40101 SET character_set_client = utf8 */;
CREATE TABLE `product_info` (
  `product_id` bigint(20) NOT NULL AUTO_INCREMENT COMMENT '产品ID',
  `product_name` varchar(100) COLLATE utf8mb4_unicode_ci NOT NULL COMMENT '产品名称',
  `category_id` bigint(20) NOT NULL COMMENT '分类ID',
  `price` decimal(10,2) NOT NULL COMMENT '价格',
  `description` varchar(500) COLLATE utf8mb4_unicode_ci DEFAULT NULL COMMENT '产品描述',
  `image_url` varchar(255) COLLATE utf8mb4_unicode_ci DEFAULT NULL COMMENT '产品图片',
  `is_hot` tinyint(4) DEFAULT '0' COMMENT '是否热销(1:是,0:否)',
  `is_new` tinyint(4) DEFAULT '0' COMMENT '是否新品(1:是,0:否)',
  `status` tinyint(4) DEFAULT '1' COMMENT '状态(1:上架,0:下架)',
  `create_by` varchar(64) COLLATE utf8mb4_unicode_ci DEFAULT NULL COMMENT '创建者',
  `create_time` datetime NOT NULL COMMENT '创建时间',
  `update_by` varchar(64) COLLATE utf8mb4_unicode_ci DEFAULT NULL COMMENT '更新者',
  `update_time` datetime DEFAULT NULL COMMENT '更新时间',
  PRIMARY KEY (`product_id`),
  UNIQUE KEY `uk_product_name` (`product_name`),
  KEY `idx_category_id` (`category_id`),
  CONSTRAINT `fk_product_category` FOREIGN KEY (`category_id`) REFERENCES `product_category` (`category_id`)
) ENGINE=InnoDB AUTO_INCREMENT=1037 DEFAULT CHARSET=utf8mb4 COLLATE=utf8mb4_unicode_ci COMMENT='产品信息表';
/*!40101 SET character_set_client = @saved_cs_client */;

--
-- Dumping data for table `product_info`
--

LOCK TABLES `product_info` WRITE;
/*!40000 ALTER TABLE `product_info` DISABLE KEYS */;
INSERT INTO `product_info` VALUES (1001,'原味珍珠奶茶',1001,12.00,'经典原味奶茶搭配Q弹珍珠','/profile/upload/2025/11/13/milkyTea2_20251113160421A001.png',1,0,0,'admin','2025-11-10 21:32:12','admin','2025-12-02 13:44:03'),(1002,'草莓果茶',1002,15.00,'新鲜草莓搭配清香茶底','/profile/upload/2025/12/02/ingredient _20251202133823A001.png',1,1,1,'admin','2025-11-10 21:32:12','admin','2025-12-02 13:38:26'),(1003,'芝士奶盖绿茶',1003,18.00,'浓郁芝士奶盖搭配清香绿茶','/profile/upload/2025/12/02/milkyTea2_20251202133830A002.png',1,0,0,'admin','2025-11-10 21:32:12','admin','2025-12-02 13:39:03'),(1004,'柠檬冷泡茶',1004,14.00,'清爽柠檬冷泡茶，夏日解暑','/profile/upload/2025/12/02/milkyTea1_20251202133847A003.png',0,1,1,'admin','2025-11-10 21:32:12','admin','2025-12-02 13:38:48'),(1005,'芒果冰沙',1009,16.00,'新鲜芒果制作的冰沙','/profile/upload/2025/12/02/make_20251202133854A004.png',0,0,0,'admin','2025-11-10 21:32:12','admin','2025-12-08 08:53:44'),(1006,'红豆奶茶',1001,13.00,'香甜红豆搭配丝滑奶茶','/profile/upload/2025/12/02/milkyTea1_20251202135602A001.png',0,0,1,'admin','2025-11-10 21:32:12','admin','2025-12-02 13:56:04'),(1007,'焦糖咖啡',1006,17.00,'浓郁咖啡搭配焦糖风味','img/milkyTea1.png',0,1,1,'admin','2025-11-10 21:32:12','admin','2025-11-10 21:32:12'),(1008,'黑糖珍珠奶茶',1001,15.00,'黑糖风味珍珠奶茶','img/milkyTea2.png',1,0,1,'admin','2025-11-10 21:32:12','admin','2025-11-10 21:32:12'),(1009,'蓝莓奶盖茶',1003,19.00,'蓝莓风味奶盖茶','img/milkyTea1.png',0,1,1,'admin','2025-11-10 21:32:12','admin','2025-11-10 21:32:12'),(1010,'杨枝甘露',1005,20.00,'季节限定杨枝甘露','img/milkyTea2.png',1,1,1,'admin','2025-11-10 21:32:12','admin','2025-11-10 21:32:12'),(1018,'柠檬茶',1001,11.00,NULL,'/profile/upload/2025/11/13/make_20251113230320A001.png',0,0,1,NULL,'2025-11-13 23:03:24',NULL,NULL),(1019,'测试',1013,1111111.00,NULL,'/profile/upload/2025/11/17/logo_20251117202505A001.png',0,0,1,NULL,'2025-11-13 23:26:30',NULL,'2025-11-17 20:25:08'),(1025,'1',1012,1.00,NULL,NULL,0,0,1,NULL,'2025-11-23 19:19:36',NULL,NULL),(1026,'2',1001,2.00,NULL,NULL,0,0,1,NULL,'2025-11-23 19:30:31',NULL,NULL),(1028,'111',1013,11.00,NULL,NULL,0,0,1,NULL,'2025-11-23 19:31:24',NULL,NULL),(1029,'44',1002,1.00,NULL,NULL,0,0,1,NULL,'2025-11-23 19:54:31',NULL,NULL),(1032,'26',1001,2.00,NULL,NULL,0,0,1,NULL,'2025-11-23 20:40:18',NULL,NULL),(1033,'99',1003,77.00,NULL,NULL,0,0,1,NULL,'2025-11-23 20:42:38',NULL,NULL),(1034,'45',1002,6.00,NULL,NULL,0,0,1,NULL,'2025-11-23 20:43:24',NULL,NULL),(1036,'原味珍珠奶茶1',1001,23.00,NULL,NULL,0,0,1,NULL,'2025-11-23 20:44:13',NULL,NULL);
/*!40000 ALTER TABLE `product_info` ENABLE KEYS */;
UNLOCK TABLES;

--
-- Table structure for table `purchase_detail`
--

DROP TABLE IF EXISTS `purchase_detail`;
/*!40101 SET @saved_cs_client     = @@character_set_client */;
/*!40101 SET character_set_client = utf8 */;
CREATE TABLE `purchase_detail` (
  `detail_id` bigint(20) NOT NULL AUTO_INCREMENT COMMENT '详情ID',
  `purchase_id` bigint(20) NOT NULL COMMENT '采购订单ID',
  `material_id` bigint(20) NOT NULL COMMENT '原料ID',
  `material_name` varchar(100) COLLATE utf8mb4_unicode_ci NOT NULL COMMENT '原料名称',
  `specification` varchar(100) COLLATE utf8mb4_unicode_ci DEFAULT NULL COMMENT '规格',
  `unit` varchar(20) COLLATE utf8mb4_unicode_ci NOT NULL COMMENT '单位',
  `quantity` decimal(15,4) NOT NULL COMMENT '采购数量',
  `unit_price` decimal(10,4) NOT NULL COMMENT '单价',
  `amount` decimal(10,2) NOT NULL COMMENT '金额',
  `actual_quantity` decimal(15,4) DEFAULT NULL COMMENT '实际到货数量',
  `create_time` datetime NOT NULL COMMENT '创建时间',
  `update_time` datetime DEFAULT NULL COMMENT '更新时间',
  PRIMARY KEY (`detail_id`),
  KEY `idx_purchase_id` (`purchase_id`),
  KEY `idx_material_id` (`material_id`),
  CONSTRAINT `fk_purchase_detail_material` FOREIGN KEY (`material_id`) REFERENCES `material_info` (`material_id`),
  CONSTRAINT `fk_purchase_detail_order` FOREIGN KEY (`purchase_id`) REFERENCES `purchase_order` (`purchase_id`)
) ENGINE=InnoDB AUTO_INCREMENT=15016 DEFAULT CHARSET=utf8mb4 COLLATE=utf8mb4_unicode_ci COMMENT='采购明细表';
/*!40101 SET character_set_client = @saved_cs_client */;

--
-- Dumping data for table `purchase_detail`
--

LOCK TABLES `purchase_detail` WRITE;
/*!40000 ALTER TABLE `purchase_detail` DISABLE KEYS */;
INSERT INTO `purchase_detail` VALUES (15001,14001,4001,'红茶茶叶','500g/包','包',55.0000,50.0000,2750.00,50.0000,'2025-12-08 20:56:06','2025-12-02 13:19:55'),(15002,14001,4002,'绿茶茶叶','500g/包','包',50.0000,45.0000,2250.00,50.0000,'2025-12-08 20:56:06','2025-11-10 21:32:12'),(15003,14002,4003,'牛奶','1L/盒','盒',100.0000,12.0000,1200.00,100.0000,'2025-11-10 21:32:12','2025-11-10 21:32:12'),(15004,14003,4004,'珍珠','1kg/包','包',20.0000,25.0000,500.00,20.0000,'2025-12-02 13:58:53','2025-11-10 21:32:12'),(15005,14004,4008,'柠檬','500g/份','份',50.0000,15.0000,750.00,50.0000,'2025-12-02 13:58:58','2025-11-10 21:32:12'),(15006,14005,4005,'白砂糖','5kg/包','包',15.0000,20.0000,300.00,15.0000,'2025-11-10 21:32:12','2025-11-10 21:32:12'),(15007,14006,4006,'草莓果酱','1kg/瓶','瓶',80.0000,40.0000,3200.00,80.0000,'2025-11-10 21:32:12','2025-11-10 21:32:12'),(15008,14007,4009,'咖啡粉','500g/包','包',20.0000,80.0000,1600.00,20.0000,'2025-11-10 21:32:12','2025-11-10 21:32:12'),(15009,14008,4010,'一次性杯子','500个/箱','箱',10.0000,60.0000,600.00,10.0000,'2025-11-10 21:32:12','2025-11-10 21:32:12'),(15010,14009,4007,'芝士','500g/盒','盒',15.0000,60.0000,900.00,NULL,'2025-11-10 21:32:12','2025-11-10 21:32:12'),(15012,14017,4006,'草莓果酱','1kg/瓶','瓶',1.0000,40.0000,40.00,NULL,'2025-12-02 13:14:02',NULL),(15013,14018,4008,'柠檬','500g/份','份',100.0000,15.0000,1500.00,NULL,'2025-12-02 13:25:18',NULL),(15014,14018,4008,'柠檬','500g/份','份',50.0000,15.0000,750.00,NULL,'2025-12-02 13:25:18',NULL),(15015,14018,4008,'柠檬',NULL,'颗',2.0000,20.0000,40.00,2.0000,'2025-12-02 13:25:18',NULL);
/*!40000 ALTER TABLE `purchase_detail` ENABLE KEYS */;
UNLOCK TABLES;

--
-- Table structure for table `purchase_order`
--

DROP TABLE IF EXISTS `purchase_order`;
/*!40101 SET @saved_cs_client     = @@character_set_client */;
/*!40101 SET character_set_client = utf8 */;
CREATE TABLE `purchase_order` (
  `purchase_id` bigint(20) NOT NULL AUTO_INCREMENT COMMENT '采购订单ID',
  `purchase_no` varchar(50) COLLATE utf8mb4_unicode_ci NOT NULL COMMENT '采购单号',
  `supplier_id` bigint(20) NOT NULL COMMENT '供应商ID',
  `total_amount` decimal(10,2) NOT NULL COMMENT '总金额',
  `status` tinyint(4) NOT NULL COMMENT '状态(1:待审核,2:已审核,3:采购中,4:已完成,5:已取消)',
  `remark` varchar(500) COLLATE utf8mb4_unicode_ci DEFAULT NULL COMMENT '备注',
  `creator_id` bigint(20) DEFAULT NULL COMMENT '创建人ID',
  `auditor_id` bigint(20) DEFAULT NULL COMMENT '审核人ID',
  `create_time` datetime NOT NULL COMMENT '创建时间',
  `update_time` datetime DEFAULT NULL COMMENT '更新时间',
  `audit_time` datetime DEFAULT NULL COMMENT '审核时间',
  `completion_time` datetime DEFAULT NULL COMMENT '完成时间',
  PRIMARY KEY (`purchase_id`),
  UNIQUE KEY `uk_purchase_no` (`purchase_no`),
  KEY `idx_supplier_id` (`supplier_id`),
  KEY `idx_create_time` (`create_time`),
  KEY `idx_status` (`status`),
  CONSTRAINT `fk_purchase_supplier` FOREIGN KEY (`supplier_id`) REFERENCES `supplier` (`supplier_id`)
) ENGINE=InnoDB AUTO_INCREMENT=14019 DEFAULT CHARSET=utf8mb4 COLLATE=utf8mb4_unicode_ci COMMENT='采购订单表';
/*!40101 SET character_set_client = @saved_cs_client */;

--
-- Dumping data for table `purchase_order`
--

LOCK TABLES `purchase_order` WRITE;
/*!40000 ALTER TABLE `purchase_order` DISABLE KEYS */;
INSERT INTO `purchase_order` VALUES (14001,'PO-20240101001',3001,5000.00,2,'茶叶采购',1,1,'2025-11-10 21:32:12','2025-12-08 20:56:06','2025-11-10 00:00:00','2025-11-10 00:00:00'),(14002,'PO-20240101002',3003,1200.00,4,'乳制品采购',1,1,'2025-11-10 21:32:12','2025-11-10 21:32:12','2025-11-10 21:32:12','2025-11-10 21:32:12'),(14003,'PO-20240101003',3005,500.00,3,'小料采购',1,1,'2025-11-10 21:32:12','2025-12-02 13:58:53','2025-11-10 00:00:00','2025-11-10 00:00:00'),(14004,'PO-20240101004',3002,750.00,2,'水果采购',1,1,'2025-11-10 21:32:12','2025-12-02 13:58:58','2025-11-10 00:00:00','2025-11-10 00:00:00'),(14005,'PO-20240101005',3007,300.00,4,'糖类采购',1,1,'2025-11-10 21:32:12','2025-11-10 21:32:12','2025-11-10 21:32:12','2025-11-10 21:32:12'),(14006,'PO-20240101006',3008,3200.00,4,'果酱采购',1,1,'2025-11-10 21:32:12','2025-11-10 21:32:12','2025-11-10 21:32:12','2025-11-10 21:32:12'),(14007,'PO-20240101007',3006,1600.00,4,'咖啡采购',1,1,'2025-11-10 21:32:12','2025-11-10 21:32:12','2025-11-10 21:32:12','2025-11-10 21:32:12'),(14008,'PO-20240101008',3004,600.00,4,'包装材料采购',1,1,'2025-11-10 21:32:12','2025-11-10 21:32:12','2025-11-10 21:32:12','2025-11-10 21:32:12'),(14009,'PO-20240101009',3009,900.00,3,'添加剂采购',1,1,'2025-11-10 21:32:12','2025-11-10 21:32:12','2025-11-10 21:32:12',NULL),(14010,'PO-20240101010',3010,2000.00,2,'综合原料采购',1,1,'2025-11-10 21:32:12','2025-11-10 21:32:12','2025-11-10 21:32:12',NULL),(14011,'PO-20251202001',3001,5780.00,1,'3号送达',NULL,NULL,'2025-12-02 08:53:13',NULL,NULL,NULL),(14017,'PO-20251202283',3002,40.00,2,NULL,NULL,NULL,'2025-12-02 13:14:02',NULL,NULL,NULL),(14018,'PO-20251202464',3002,2290.00,2,'断保产品',NULL,NULL,'2025-12-02 13:15:58','2025-12-02 13:25:18',NULL,NULL);
/*!40000 ALTER TABLE `purchase_order` ENABLE KEYS */;
UNLOCK TABLES;

--
-- Table structure for table `qrtz_blob_triggers`
--

DROP TABLE IF EXISTS `qrtz_blob_triggers`;
/*!40101 SET @saved_cs_client     = @@character_set_client */;
/*!40101 SET character_set_client = utf8 */;
CREATE TABLE `qrtz_blob_triggers` (
  `sched_name` varchar(120) COLLATE utf8mb4_unicode_ci NOT NULL COMMENT '调度名称',
  `trigger_name` varchar(200) COLLATE utf8mb4_unicode_ci NOT NULL COMMENT 'qrtz_triggers表trigger_name的外键',
  `trigger_group` varchar(200) COLLATE utf8mb4_unicode_ci NOT NULL COMMENT 'qrtz_triggers表trigger_group的外键',
  `blob_data` blob COMMENT '存放持久化Trigger对象',
  PRIMARY KEY (`sched_name`,`trigger_name`,`trigger_group`),
  CONSTRAINT `qrtz_blob_triggers_ibfk_1` FOREIGN KEY (`sched_name`, `trigger_name`, `trigger_group`) REFERENCES `qrtz_triggers` (`sched_name`, `trigger_name`, `trigger_group`)
) ENGINE=InnoDB DEFAULT CHARSET=utf8mb4 COLLATE=utf8mb4_unicode_ci COMMENT='Blob类型的触发器表';
/*!40101 SET character_set_client = @saved_cs_client */;

--
-- Dumping data for table `qrtz_blob_triggers`
--

LOCK TABLES `qrtz_blob_triggers` WRITE;
/*!40000 ALTER TABLE `qrtz_blob_triggers` DISABLE KEYS */;
/*!40000 ALTER TABLE `qrtz_blob_triggers` ENABLE KEYS */;
UNLOCK TABLES;

--
-- Table structure for table `qrtz_calendars`
--

DROP TABLE IF EXISTS `qrtz_calendars`;
/*!40101 SET @saved_cs_client     = @@character_set_client */;
/*!40101 SET character_set_client = utf8 */;
CREATE TABLE `qrtz_calendars` (
  `sched_name` varchar(120) COLLATE utf8mb4_unicode_ci NOT NULL COMMENT '调度名称',
  `calendar_name` varchar(200) COLLATE utf8mb4_unicode_ci NOT NULL COMMENT '日历名称',
  `calendar` blob NOT NULL COMMENT '存放持久化calendar对象',
  PRIMARY KEY (`sched_name`,`calendar_name`)
) ENGINE=InnoDB DEFAULT CHARSET=utf8mb4 COLLATE=utf8mb4_unicode_ci COMMENT='日历信息表';
/*!40101 SET character_set_client = @saved_cs_client */;

--
-- Dumping data for table `qrtz_calendars`
--

LOCK TABLES `qrtz_calendars` WRITE;
/*!40000 ALTER TABLE `qrtz_calendars` DISABLE KEYS */;
/*!40000 ALTER TABLE `qrtz_calendars` ENABLE KEYS */;
UNLOCK TABLES;

--
-- Table structure for table `qrtz_cron_triggers`
--

DROP TABLE IF EXISTS `qrtz_cron_triggers`;
/*!40101 SET @saved_cs_client     = @@character_set_client */;
/*!40101 SET character_set_client = utf8 */;
CREATE TABLE `qrtz_cron_triggers` (
  `sched_name` varchar(120) COLLATE utf8mb4_unicode_ci NOT NULL COMMENT '调度名称',
  `trigger_name` varchar(200) COLLATE utf8mb4_unicode_ci NOT NULL COMMENT 'qrtz_triggers表trigger_name的外键',
  `trigger_group` varchar(200) COLLATE utf8mb4_unicode_ci NOT NULL COMMENT 'qrtz_triggers表trigger_group的外键',
  `cron_expression` varchar(200) COLLATE utf8mb4_unicode_ci NOT NULL COMMENT 'cron表达式',
  `time_zone_id` varchar(80) COLLATE utf8mb4_unicode_ci DEFAULT NULL COMMENT '时区',
  PRIMARY KEY (`sched_name`,`trigger_name`,`trigger_group`),
  CONSTRAINT `qrtz_cron_triggers_ibfk_1` FOREIGN KEY (`sched_name`, `trigger_name`, `trigger_group`) REFERENCES `qrtz_triggers` (`sched_name`, `trigger_name`, `trigger_group`)
) ENGINE=InnoDB DEFAULT CHARSET=utf8mb4 COLLATE=utf8mb4_unicode_ci COMMENT='Cron类型的触发器表';
/*!40101 SET character_set_client = @saved_cs_client */;

--
-- Dumping data for table `qrtz_cron_triggers`
--

LOCK TABLES `qrtz_cron_triggers` WRITE;
/*!40000 ALTER TABLE `qrtz_cron_triggers` DISABLE KEYS */;
/*!40000 ALTER TABLE `qrtz_cron_triggers` ENABLE KEYS */;
UNLOCK TABLES;

--
-- Table structure for table `qrtz_fired_triggers`
--

DROP TABLE IF EXISTS `qrtz_fired_triggers`;
/*!40101 SET @saved_cs_client     = @@character_set_client */;
/*!40101 SET character_set_client = utf8 */;
CREATE TABLE `qrtz_fired_triggers` (
  `sched_name` varchar(120) COLLATE utf8mb4_unicode_ci NOT NULL COMMENT '调度名称',
  `entry_id` varchar(95) COLLATE utf8mb4_unicode_ci NOT NULL COMMENT '调度器实例id',
  `trigger_name` varchar(200) COLLATE utf8mb4_unicode_ci NOT NULL COMMENT 'qrtz_triggers表trigger_name的外键',
  `trigger_group` varchar(200) COLLATE utf8mb4_unicode_ci NOT NULL COMMENT 'qrtz_triggers表trigger_group的外键',
  `instance_name` varchar(200) COLLATE utf8mb4_unicode_ci NOT NULL COMMENT '调度器实例名',
  `fired_time` bigint(13) NOT NULL COMMENT '触发的时间',
  `sched_time` bigint(13) NOT NULL COMMENT '定时器制定的时间',
  `priority` int(11) NOT NULL COMMENT '优先级',
  `state` varchar(16) COLLATE utf8mb4_unicode_ci NOT NULL COMMENT '状态',
  `job_name` varchar(200) COLLATE utf8mb4_unicode_ci DEFAULT NULL COMMENT '任务名称',
  `job_group` varchar(200) COLLATE utf8mb4_unicode_ci DEFAULT NULL COMMENT '任务组名',
  `is_nonconcurrent` varchar(1) COLLATE utf8mb4_unicode_ci DEFAULT NULL COMMENT '是否并发',
  `requests_recovery` varchar(1) COLLATE utf8mb4_unicode_ci DEFAULT NULL COMMENT '是否接受恢复执行',
  PRIMARY KEY (`sched_name`,`entry_id`)
) ENGINE=InnoDB DEFAULT CHARSET=utf8mb4 COLLATE=utf8mb4_unicode_ci COMMENT='已触发的触发器表';
/*!40101 SET character_set_client = @saved_cs_client */;

--
-- Dumping data for table `qrtz_fired_triggers`
--

LOCK TABLES `qrtz_fired_triggers` WRITE;
/*!40000 ALTER TABLE `qrtz_fired_triggers` DISABLE KEYS */;
/*!40000 ALTER TABLE `qrtz_fired_triggers` ENABLE KEYS */;
UNLOCK TABLES;

--
-- Table structure for table `qrtz_job_details`
--

DROP TABLE IF EXISTS `qrtz_job_details`;
/*!40101 SET @saved_cs_client     = @@character_set_client */;
/*!40101 SET character_set_client = utf8 */;
CREATE TABLE `qrtz_job_details` (
  `sched_name` varchar(120) COLLATE utf8mb4_unicode_ci NOT NULL COMMENT '调度名称',
  `job_name` varchar(200) COLLATE utf8mb4_unicode_ci NOT NULL COMMENT '任务名称',
  `job_group` varchar(200) COLLATE utf8mb4_unicode_ci NOT NULL COMMENT '任务组名',
  `description` varchar(250) COLLATE utf8mb4_unicode_ci DEFAULT NULL COMMENT '相关介绍',
  `job_class_name` varchar(250) COLLATE utf8mb4_unicode_ci NOT NULL COMMENT '执行任务类名称',
  `is_durable` varchar(1) COLLATE utf8mb4_unicode_ci NOT NULL COMMENT '是否持久化',
  `is_nonconcurrent` varchar(1) COLLATE utf8mb4_unicode_ci NOT NULL COMMENT '是否并发',
  `is_update_data` varchar(1) COLLATE utf8mb4_unicode_ci NOT NULL COMMENT '是否更新数据',
  `requests_recovery` varchar(1) COLLATE utf8mb4_unicode_ci NOT NULL COMMENT '是否接受恢复执行',
  `job_data` blob COMMENT '存放持久化job对象',
  PRIMARY KEY (`sched_name`,`job_name`,`job_group`)
) ENGINE=InnoDB DEFAULT CHARSET=utf8mb4 COLLATE=utf8mb4_unicode_ci COMMENT='任务详细信息表';
/*!40101 SET character_set_client = @saved_cs_client */;

--
-- Dumping data for table `qrtz_job_details`
--

LOCK TABLES `qrtz_job_details` WRITE;
/*!40000 ALTER TABLE `qrtz_job_details` DISABLE KEYS */;
/*!40000 ALTER TABLE `qrtz_job_details` ENABLE KEYS */;
UNLOCK TABLES;

--
-- Table structure for table `qrtz_locks`
--

DROP TABLE IF EXISTS `qrtz_locks`;
/*!40101 SET @saved_cs_client     = @@character_set_client */;
/*!40101 SET character_set_client = utf8 */;
CREATE TABLE `qrtz_locks` (
  `sched_name` varchar(120) COLLATE utf8mb4_unicode_ci NOT NULL COMMENT '调度名称',
  `lock_name` varchar(40) COLLATE utf8mb4_unicode_ci NOT NULL COMMENT '悲观锁名称',
  PRIMARY KEY (`sched_name`,`lock_name`)
) ENGINE=InnoDB DEFAULT CHARSET=utf8mb4 COLLATE=utf8mb4_unicode_ci COMMENT='存储的悲观锁信息表';
/*!40101 SET character_set_client = @saved_cs_client */;

--
-- Dumping data for table `qrtz_locks`
--

LOCK TABLES `qrtz_locks` WRITE;
/*!40000 ALTER TABLE `qrtz_locks` DISABLE KEYS */;
/*!40000 ALTER TABLE `qrtz_locks` ENABLE KEYS */;
UNLOCK TABLES;

--
-- Table structure for table `qrtz_paused_trigger_grps`
--

DROP TABLE IF EXISTS `qrtz_paused_trigger_grps`;
/*!40101 SET @saved_cs_client     = @@character_set_client */;
/*!40101 SET character_set_client = utf8 */;
CREATE TABLE `qrtz_paused_trigger_grps` (
  `sched_name` varchar(120) COLLATE utf8mb4_unicode_ci NOT NULL COMMENT '调度名称',
  `trigger_group` varchar(200) COLLATE utf8mb4_unicode_ci NOT NULL COMMENT 'qrtz_triggers表trigger_group的外键',
  PRIMARY KEY (`sched_name`,`trigger_group`)
) ENGINE=InnoDB DEFAULT CHARSET=utf8mb4 COLLATE=utf8mb4_unicode_ci COMMENT='暂停的触发器表';
/*!40101 SET character_set_client = @saved_cs_client */;

--
-- Dumping data for table `qrtz_paused_trigger_grps`
--

LOCK TABLES `qrtz_paused_trigger_grps` WRITE;
/*!40000 ALTER TABLE `qrtz_paused_trigger_grps` DISABLE KEYS */;
/*!40000 ALTER TABLE `qrtz_paused_trigger_grps` ENABLE KEYS */;
UNLOCK TABLES;

--
-- Table structure for table `qrtz_scheduler_state`
--

DROP TABLE IF EXISTS `qrtz_scheduler_state`;
/*!40101 SET @saved_cs_client     = @@character_set_client */;
/*!40101 SET character_set_client = utf8 */;
CREATE TABLE `qrtz_scheduler_state` (
  `sched_name` varchar(120) COLLATE utf8mb4_unicode_ci NOT NULL COMMENT '调度名称',
  `instance_name` varchar(200) COLLATE utf8mb4_unicode_ci NOT NULL COMMENT '实例名称',
  `last_checkin_time` bigint(13) NOT NULL COMMENT '上次检查时间',
  `checkin_interval` bigint(13) NOT NULL COMMENT '检查间隔时间',
  PRIMARY KEY (`sched_name`,`instance_name`)
) ENGINE=InnoDB DEFAULT CHARSET=utf8mb4 COLLATE=utf8mb4_unicode_ci COMMENT='调度器状态表';
/*!40101 SET character_set_client = @saved_cs_client */;

--
-- Dumping data for table `qrtz_scheduler_state`
--

LOCK TABLES `qrtz_scheduler_state` WRITE;
/*!40000 ALTER TABLE `qrtz_scheduler_state` DISABLE KEYS */;
/*!40000 ALTER TABLE `qrtz_scheduler_state` ENABLE KEYS */;
UNLOCK TABLES;

--
-- Table structure for table `qrtz_simple_triggers`
--

DROP TABLE IF EXISTS `qrtz_simple_triggers`;
/*!40101 SET @saved_cs_client     = @@character_set_client */;
/*!40101 SET character_set_client = utf8 */;
CREATE TABLE `qrtz_simple_triggers` (
  `sched_name` varchar(120) COLLATE utf8mb4_unicode_ci NOT NULL COMMENT '调度名称',
  `trigger_name` varchar(200) COLLATE utf8mb4_unicode_ci NOT NULL COMMENT 'qrtz_triggers表trigger_name的外键',
  `trigger_group` varchar(200) COLLATE utf8mb4_unicode_ci NOT NULL COMMENT 'qrtz_triggers表trigger_group的外键',
  `repeat_count` bigint(7) NOT NULL COMMENT '重复的次数统计',
  `repeat_interval` bigint(12) NOT NULL COMMENT '重复的间隔时间',
  `times_triggered` bigint(10) NOT NULL COMMENT '已经触发的次数',
  PRIMARY KEY (`sched_name`,`trigger_name`,`trigger_group`),
  CONSTRAINT `qrtz_simple_triggers_ibfk_1` FOREIGN KEY (`sched_name`, `trigger_name`, `trigger_group`) REFERENCES `qrtz_triggers` (`sched_name`, `trigger_name`, `trigger_group`)
) ENGINE=InnoDB DEFAULT CHARSET=utf8mb4 COLLATE=utf8mb4_unicode_ci COMMENT='简单触发器的信息表';
/*!40101 SET character_set_client = @saved_cs_client */;

--
-- Dumping data for table `qrtz_simple_triggers`
--

LOCK TABLES `qrtz_simple_triggers` WRITE;
/*!40000 ALTER TABLE `qrtz_simple_triggers` DISABLE KEYS */;
/*!40000 ALTER TABLE `qrtz_simple_triggers` ENABLE KEYS */;
UNLOCK TABLES;

--
-- Table structure for table `qrtz_simprop_triggers`
--

DROP TABLE IF EXISTS `qrtz_simprop_triggers`;
/*!40101 SET @saved_cs_client     = @@character_set_client */;
/*!40101 SET character_set_client = utf8 */;
CREATE TABLE `qrtz_simprop_triggers` (
  `sched_name` varchar(120) COLLATE utf8mb4_unicode_ci NOT NULL COMMENT '调度名称',
  `trigger_name` varchar(200) COLLATE utf8mb4_unicode_ci NOT NULL COMMENT 'qrtz_triggers表trigger_name的外键',
  `trigger_group` varchar(200) COLLATE utf8mb4_unicode_ci NOT NULL COMMENT 'qrtz_triggers表trigger_group的外键',
  `str_prop_1` varchar(512) COLLATE utf8mb4_unicode_ci DEFAULT NULL COMMENT 'String类型的trigger的第一个参数',
  `str_prop_2` varchar(512) COLLATE utf8mb4_unicode_ci DEFAULT NULL COMMENT 'String类型的trigger的第二个参数',
  `str_prop_3` varchar(512) COLLATE utf8mb4_unicode_ci DEFAULT NULL COMMENT 'String类型的trigger的第三个参数',
  `int_prop_1` int(11) DEFAULT NULL COMMENT 'int类型的trigger的第一个参数',
  `int_prop_2` int(11) DEFAULT NULL COMMENT 'int类型的trigger的第二个参数',
  `long_prop_1` bigint(20) DEFAULT NULL COMMENT 'long类型的trigger的第一个参数',
  `long_prop_2` bigint(20) DEFAULT NULL COMMENT 'long类型的trigger的第二个参数',
  `dec_prop_1` decimal(13,4) DEFAULT NULL COMMENT 'decimal类型的trigger的第一个参数',
  `dec_prop_2` decimal(13,4) DEFAULT NULL COMMENT 'decimal类型的trigger的第二个参数',
  `bool_prop_1` varchar(1) COLLATE utf8mb4_unicode_ci DEFAULT NULL COMMENT 'Boolean类型的trigger的第一个参数',
  `bool_prop_2` varchar(1) COLLATE utf8mb4_unicode_ci DEFAULT NULL COMMENT 'Boolean类型的trigger的第二个参数',
  PRIMARY KEY (`sched_name`,`trigger_name`,`trigger_group`),
  CONSTRAINT `qrtz_simprop_triggers_ibfk_1` FOREIGN KEY (`sched_name`, `trigger_name`, `trigger_group`) REFERENCES `qrtz_triggers` (`sched_name`, `trigger_name`, `trigger_group`)
) ENGINE=InnoDB DEFAULT CHARSET=utf8mb4 COLLATE=utf8mb4_unicode_ci COMMENT='同步机制的行锁表';
/*!40101 SET character_set_client = @saved_cs_client */;

--
-- Dumping data for table `qrtz_simprop_triggers`
--

LOCK TABLES `qrtz_simprop_triggers` WRITE;
/*!40000 ALTER TABLE `qrtz_simprop_triggers` DISABLE KEYS */;
/*!40000 ALTER TABLE `qrtz_simprop_triggers` ENABLE KEYS */;
UNLOCK TABLES;

--
-- Table structure for table `qrtz_triggers`
--

DROP TABLE IF EXISTS `qrtz_triggers`;
/*!40101 SET @saved_cs_client     = @@character_set_client */;
/*!40101 SET character_set_client = utf8 */;
CREATE TABLE `qrtz_triggers` (
  `sched_name` varchar(120) COLLATE utf8mb4_unicode_ci NOT NULL COMMENT '调度名称',
  `trigger_name` varchar(200) COLLATE utf8mb4_unicode_ci NOT NULL COMMENT '触发器的名字',
  `trigger_group` varchar(200) COLLATE utf8mb4_unicode_ci NOT NULL COMMENT '触发器所属组的名字',
  `job_name` varchar(200) COLLATE utf8mb4_unicode_ci NOT NULL COMMENT 'qrtz_job_details表job_name的外键',
  `job_group` varchar(200) COLLATE utf8mb4_unicode_ci NOT NULL COMMENT 'qrtz_job_details表job_group的外键',
  `description` varchar(250) COLLATE utf8mb4_unicode_ci DEFAULT NULL COMMENT '相关介绍',
  `next_fire_time` bigint(13) DEFAULT NULL COMMENT '上一次触发时间（毫秒）',
  `prev_fire_time` bigint(13) DEFAULT NULL COMMENT '下一次触发时间（默认为-1表示不触发）',
  `priority` int(11) DEFAULT NULL COMMENT '优先级',
  `trigger_state` varchar(16) COLLATE utf8mb4_unicode_ci NOT NULL COMMENT '触发器状态',
  `trigger_type` varchar(8) COLLATE utf8mb4_unicode_ci NOT NULL COMMENT '触发器的类型',
  `start_time` bigint(13) NOT NULL COMMENT '开始时间',
  `end_time` bigint(13) DEFAULT NULL COMMENT '结束时间',
  `calendar_name` varchar(200) COLLATE utf8mb4_unicode_ci DEFAULT NULL COMMENT '日程表名称',
  `misfire_instr` smallint(2) DEFAULT NULL COMMENT '补偿执行的策略',
  `job_data` blob COMMENT '存放持久化job对象',
  PRIMARY KEY (`sched_name`,`trigger_name`,`trigger_group`),
  KEY `sched_name` (`sched_name`,`job_name`,`job_group`),
  CONSTRAINT `qrtz_triggers_ibfk_1` FOREIGN KEY (`sched_name`, `job_name`, `job_group`) REFERENCES `qrtz_job_details` (`sched_name`, `job_name`, `job_group`)
) ENGINE=InnoDB DEFAULT CHARSET=utf8mb4 COLLATE=utf8mb4_unicode_ci COMMENT='触发器详细信息表';
/*!40101 SET character_set_client = @saved_cs_client */;

--
-- Dumping data for table `qrtz_triggers`
--

LOCK TABLES `qrtz_triggers` WRITE;
/*!40000 ALTER TABLE `qrtz_triggers` DISABLE KEYS */;
/*!40000 ALTER TABLE `qrtz_triggers` ENABLE KEYS */;
UNLOCK TABLES;

--
-- Table structure for table `stock_check`
--

DROP TABLE IF EXISTS `stock_check`;
/*!40101 SET @saved_cs_client     = @@character_set_client */;
/*!40101 SET character_set_client = utf8 */;
CREATE TABLE `stock_check` (
  `check_id` bigint(20) NOT NULL AUTO_INCREMENT COMMENT '盘点ID',
  `check_no` varchar(50) COLLATE utf8mb4_unicode_ci NOT NULL COMMENT '盘点单号',
  `warehouse_id` bigint(20) NOT NULL COMMENT '仓库ID',
  `check_date` datetime NOT NULL COMMENT '盘点日期',
  `check_type` tinyint(4) NOT NULL COMMENT '盘点类型(1:全部盘点,2:部分盘点)',
  `status` tinyint(4) NOT NULL COMMENT '盘点状态(1:进行中,2:已完成,3:已取消)',
  `total_count` int(11) NOT NULL DEFAULT '0' COMMENT '总盘点数量',
  `discrepancy_count` int(11) NOT NULL DEFAULT '0' COMMENT '差异数量',
  `operator_id` bigint(20) NOT NULL COMMENT '操作人ID',
  `remark` varchar(500) COLLATE utf8mb4_unicode_ci DEFAULT NULL COMMENT '备注',
  `create_time` datetime NOT NULL COMMENT '创建时间',
  `update_time` datetime NOT NULL COMMENT '更新时间',
  PRIMARY KEY (`check_id`),
  UNIQUE KEY `check_no` (`check_no`),
  KEY `operator_id` (`operator_id`),
  KEY `idx_check_no` (`check_no`),
  KEY `idx_warehouse_id` (`warehouse_id`),
  KEY `idx_check_date` (`check_date`),
  CONSTRAINT `stock_check_ibfk_1` FOREIGN KEY (`warehouse_id`) REFERENCES `warehouse` (`warehouse_id`),
  CONSTRAINT `stock_check_ibfk_2` FOREIGN KEY (`operator_id`) REFERENCES `sys_user` (`user_id`)
) ENGINE=InnoDB AUTO_INCREMENT=29 DEFAULT CHARSET=utf8mb4 COLLATE=utf8mb4_unicode_ci COMMENT='库存盘点表';
/*!40101 SET character_set_client = @saved_cs_client */;

--
-- Dumping data for table `stock_check`
--

LOCK TABLES `stock_check` WRITE;
/*!40000 ALTER TABLE `stock_check` DISABLE KEYS */;
INSERT INTO `stock_check` VALUES (11,'CK20250522001',5001,'2025-05-22 00:00:00',1,2,50,5,1,'月度盘点','2025-05-22 08:00:00','2025-11-26 11:30:16'),(12,'CK20250522002',5001,'2025-05-22 14:00:00',2,2,20,2,2,'周盘点','2025-05-22 13:00:00','2025-05-22 15:30:00'),(13,'CK20250523001',5002,'2025-05-23 10:00:00',1,2,45,3,1,'新店开业前盘点','2025-05-23 09:00:00','2025-05-23 12:30:00'),(14,'CK20250524001',5003,'2025-05-24 16:00:00',2,1,15,0,1,'日常抽查盘点','2025-05-24 15:00:00','2025-05-24 16:00:00'),(15,'CK20250525001',5002,'2025-05-25 09:30:00',1,2,55,7,2,'季度大盘点','2025-05-25 08:30:00','2025-05-25 12:00:00'),(16,'CK20250522003',5002,'2025-11-19 00:00:00',2,1,1,1,1,NULL,'2025-11-28 23:35:34','2025-11-28 23:35:33'),(23,'CK20251129001',5003,'2025-11-29 15:39:37',2,1,2,1,1,'今天第一个','2025-11-29 15:40:26','2025-11-29 15:40:33'),(24,'CK20251129002',5002,'2025-11-05 00:00:00',2,1,12,1,1,NULL,'2025-11-29 16:12:02','2025-11-29 16:12:01'),(27,'CK20251129003',5002,'2025-11-13 00:00:00',2,1,1,1,1,NULL,'2025-11-29 17:44:24','2025-11-29 17:44:23'),(28,'CK20251130001',5002,'2025-11-12 00:00:00',1,1,30,0,1,'1','2025-11-30 15:38:53','2025-11-30 15:38:52');
/*!40000 ALTER TABLE `stock_check` ENABLE KEYS */;
UNLOCK TABLES;

--
-- Table structure for table `stock_check_detail`
--

DROP TABLE IF EXISTS `stock_check_detail`;
/*!40101 SET @saved_cs_client     = @@character_set_client */;
/*!40101 SET character_set_client = utf8 */;
CREATE TABLE `stock_check_detail` (
  `detail_id` bigint(20) NOT NULL AUTO_INCREMENT COMMENT '明细ID',
  `check_id` bigint(20) NOT NULL COMMENT '盘点ID',
  `material_id` bigint(20) NOT NULL COMMENT '原料ID',
  `system_quantity` decimal(15,4) NOT NULL COMMENT '系统库存',
  `actual_quantity` decimal(15,4) NOT NULL COMMENT '实际盘点数量',
  `discrepancy_quantity` decimal(15,4) NOT NULL COMMENT '差异数量',
  `unit` varchar(20) COLLATE utf8mb4_unicode_ci NOT NULL COMMENT '单位',
  `status` tinyint(4) NOT NULL DEFAULT '1' COMMENT '处理状态(1:未处理,2:已调整)',
  `adjustment_time` datetime DEFAULT NULL COMMENT '调整时间',
  `remark` varchar(500) COLLATE utf8mb4_unicode_ci DEFAULT NULL COMMENT '备注',
  PRIMARY KEY (`detail_id`),
  KEY `idx_check_id` (`check_id`),
  KEY `idx_material_id` (`material_id`),
  CONSTRAINT `stock_check_detail_ibfk_1` FOREIGN KEY (`check_id`) REFERENCES `stock_check` (`check_id`),
  CONSTRAINT `stock_check_detail_ibfk_2` FOREIGN KEY (`material_id`) REFERENCES `material_info` (`material_id`)
) ENGINE=InnoDB AUTO_INCREMENT=23 DEFAULT CHARSET=utf8mb4 COLLATE=utf8mb4_unicode_ci COMMENT='库存盘点明细表';
/*!40101 SET character_set_client = @saved_cs_client */;

--
-- Dumping data for table `stock_check_detail`
--

LOCK TABLES `stock_check_detail` WRITE;
/*!40000 ALTER TABLE `stock_check_detail` DISABLE KEYS */;
INSERT INTO `stock_check_detail` VALUES (11,11,4001,100.0000,98.0000,-2.0000,'包',2,'2025-05-22 00:00:00','损耗'),(12,11,4002,80.0000,80.0000,0.0000,'包',1,NULL,'无差异'),(13,11,4003,50.0000,48.5000,-1.5000,'盒',2,'2025-05-22 11:30:00','过期'),(14,11,4004,60.0000,62.0000,2.0000,'包',2,'2025-05-22 11:30:00','盘盈'),(15,11,4005,40.0000,40.0000,0.0000,'包',1,NULL,'无差异'),(16,12,4006,25.0000,24.0000,-1.0000,'瓶',2,'2025-05-22 15:30:00','正常损耗'),(17,12,4007,15.0000,15.0000,0.0000,'盒',1,NULL,'无差异'),(18,12,4008,30.0000,29.0000,-1.0000,'份',2,'2025-05-22 15:30:00','腐烂'),(19,12,4009,20.0000,20.0000,0.0000,'包',1,NULL,'无差异'),(20,12,4010,10.0000,10.0000,0.0000,'箱',1,NULL,'无差异'),(21,27,4007,1.0000,1.0000,1.0000,'1',2,NULL,NULL),(22,28,4003,3.0000,27.0000,0.0000,'1',1,'2025-11-18 00:00:00',NULL);
/*!40000 ALTER TABLE `stock_check_detail` ENABLE KEYS */;
UNLOCK TABLES;

--
-- Table structure for table `stock_info`
--

DROP TABLE IF EXISTS `stock_info`;
/*!40101 SET @saved_cs_client     = @@character_set_client */;
/*!40101 SET character_set_client = utf8 */;
CREATE TABLE `stock_info` (
  `stock_id` bigint(20) NOT NULL AUTO_INCREMENT COMMENT '库存ID',
  `material_id` bigint(20) NOT NULL COMMENT '原料ID',
  `quantity` decimal(15,4) NOT NULL DEFAULT '0.0000' COMMENT '库存数量',
  `alert_threshold` decimal(15,4) NOT NULL DEFAULT '0.0000' COMMENT '预警阈值',
  `warehouse_id` bigint(20) NOT NULL COMMENT '仓库ID',
  `location` varchar(100) COLLATE utf8mb4_unicode_ci DEFAULT NULL COMMENT '存储位置',
  `create_time` datetime NOT NULL COMMENT '创建时间',
  `update_time` datetime DEFAULT NULL,
  PRIMARY KEY (`stock_id`),
  UNIQUE KEY `uk_material_warehouse` (`material_id`,`warehouse_id`),
  KEY `idx_warehouse_id` (`warehouse_id`),
  CONSTRAINT `fk_stock_material` FOREIGN KEY (`material_id`) REFERENCES `material_info` (`material_id`),
  CONSTRAINT `fk_stock_warehouse` FOREIGN KEY (`warehouse_id`) REFERENCES `warehouse` (`warehouse_id`)
) ENGINE=InnoDB AUTO_INCREMENT=6013 DEFAULT CHARSET=utf8mb4 COLLATE=utf8mb4_unicode_ci COMMENT='库存信息表';
/*!40101 SET character_set_client = @saved_cs_client */;

--
-- Dumping data for table `stock_info`
--

LOCK TABLES `stock_info` WRITE;
/*!40000 ALTER TABLE `stock_info` DISABLE KEYS */;
INSERT INTO `stock_info` VALUES (6001,4001,50.0000,5.0000,5001,'A区-01','2025-11-10 21:32:12','2025-12-08 21:18:16'),(6002,4002,45.0000,15.0000,5001,'A区-02','2025-11-10 21:32:12','2025-12-02 13:32:12'),(6003,4003,30.0000,10.0000,5002,'B区-01','2025-11-10 21:32:12','2025-11-10 21:32:12'),(6004,4004,3.0000,3.0000,5001,'A区-03','2025-11-10 21:32:12','2025-12-02 13:31:36'),(6005,4005,15.0000,5.0000,5001,'A区-04','2025-11-10 21:32:12','2025-11-10 21:32:12'),(6006,4006,5.0000,5.0000,5001,'A区-05','2025-11-10 21:32:12','2025-11-30 15:35:29'),(6007,4007,2.0000,3.0000,5002,'B区-02','2025-11-10 21:32:12','2025-11-30 15:35:39'),(6008,4008,25.0000,30.0000,5002,'B区-03','2025-11-10 21:32:12','2025-12-02 13:31:49'),(6009,4009,8.0000,2.0000,5001,'A区-06','2025-11-10 21:32:12','2025-11-10 21:32:12'),(6010,4010,5.0000,10.0000,5003,'C区-01','2025-11-10 21:32:12','2025-12-02 13:32:02'),(6012,4001,100.0000,20.0000,5003,'C区-02','2025-12-08 21:27:44',NULL);
/*!40000 ALTER TABLE `stock_info` ENABLE KEYS */;
UNLOCK TABLES;

--
-- Table structure for table `stock_record`
--

DROP TABLE IF EXISTS `stock_record`;
/*!40101 SET @saved_cs_client     = @@character_set_client */;
/*!40101 SET character_set_client = utf8 */;
CREATE TABLE `stock_record` (
  `record_id` bigint(20) NOT NULL AUTO_INCREMENT COMMENT '记录ID',
  `material_id` bigint(20) NOT NULL COMMENT '原料ID',
  `type` tinyint(4) NOT NULL COMMENT '变动类型(1:入库,2:出库,3:盘点,4:报损)',
  `quantity` decimal(15,4) NOT NULL COMMENT '变动数量',
  `before_quantity` decimal(15,4) NOT NULL COMMENT '变动前数量',
  `after_quantity` decimal(15,4) NOT NULL COMMENT '变动后数量',
  `order_id` bigint(20) DEFAULT NULL COMMENT '关联订单ID',
  `reference_no` varchar(50) COLLATE utf8mb4_unicode_ci DEFAULT NULL COMMENT '参考单号',
  `operator_id` bigint(20) DEFAULT NULL COMMENT '操作人ID',
  `remark` varchar(500) COLLATE utf8mb4_unicode_ci DEFAULT NULL COMMENT '备注',
  `create_time` datetime NOT NULL COMMENT '创建时间',
  PRIMARY KEY (`record_id`),
  KEY `idx_material_id` (`material_id`),
  KEY `idx_create_time` (`create_time`),
  CONSTRAINT `fk_record_material` FOREIGN KEY (`material_id`) REFERENCES `material_info` (`material_id`)
) ENGINE=InnoDB AUTO_INCREMENT=7011 DEFAULT CHARSET=utf8mb4 COLLATE=utf8mb4_unicode_ci COMMENT='库存变动记录表';
/*!40101 SET character_set_client = @saved_cs_client */;

--
-- Dumping data for table `stock_record`
--

LOCK TABLES `stock_record` WRITE;
/*!40000 ALTER TABLE `stock_record` DISABLE KEYS */;
INSERT INTO `stock_record` VALUES (7001,4001,1,50.0000,0.0000,50.0000,1001,'PO-20240101001',1,'首次入库','2025-11-10 21:32:12'),(7002,4002,1,45.0000,0.0000,45.0000,1001,'PO-20240101001',1,'首次入库','2025-11-10 21:32:12'),(7003,4003,1,30.0000,0.0000,30.0000,1002,'PO-20240101002',1,'首次入库','2025-11-10 21:32:12'),(7004,4004,1,20.0000,0.0000,20.0000,1002,'PO-20240101002',1,'首次入库','2025-11-10 21:32:12'),(7005,4001,2,2.0000,50.0000,48.0000,2001,'SO-20240101001',1,'日常消耗','2025-11-10 21:32:12'),(7006,4002,2,1.5000,45.0000,43.5000,2002,'SO-20240101002',1,'日常消耗','2025-11-10 21:32:12'),(7007,4003,2,5.0000,30.0000,25.0000,2001,'SO-20240101001',1,'日常消耗','2025-11-10 21:32:12'),(7008,4004,2,3.0000,20.0000,17.0000,2001,'SO-20240101001',1,'日常消耗','2025-11-10 21:32:12'),(7009,4005,3,15.0000,14.5000,15.0000,NULL,'INV-20240101001',1,'盘点调整','2025-11-10 21:32:12'),(7010,4006,4,0.5000,18.5000,18.0000,NULL,'LOSS-20240101001',1,'过期报损','2025-11-10 21:32:12');
/*!40000 ALTER TABLE `stock_record` ENABLE KEYS */;
UNLOCK TABLES;

--
-- Table structure for table `supplier`
--

DROP TABLE IF EXISTS `supplier`;
/*!40101 SET @saved_cs_client     = @@character_set_client */;
/*!40101 SET character_set_client = utf8 */;
CREATE TABLE `supplier` (
  `supplier_id` bigint(20) NOT NULL AUTO_INCREMENT COMMENT '供应商ID',
  `supplier_name` varchar(100) COLLATE utf8mb4_unicode_ci NOT NULL COMMENT '供应商名称',
  `contact_person` varchar(50) COLLATE utf8mb4_unicode_ci DEFAULT NULL COMMENT '联系人',
  `contact_phone` varchar(20) COLLATE utf8mb4_unicode_ci DEFAULT NULL COMMENT '联系电话',
  `email` varchar(100) COLLATE utf8mb4_unicode_ci DEFAULT NULL COMMENT '邮箱',
  `address` varchar(255) COLLATE utf8mb4_unicode_ci DEFAULT NULL COMMENT '地址',
  `status` tinyint(4) DEFAULT '1' COMMENT '状态(1:启用,0:禁用)',
  `create_time` datetime NOT NULL COMMENT '创建时间',
  `update_time` datetime DEFAULT NULL COMMENT '更新时间',
  PRIMARY KEY (`supplier_id`)
) ENGINE=InnoDB AUTO_INCREMENT=4027 DEFAULT CHARSET=utf8mb4 COLLATE=utf8mb4_unicode_ci COMMENT='供应商表';
/*!40101 SET character_set_client = @saved_cs_client */;

--
-- Dumping data for table `supplier`
--

LOCK TABLES `supplier` WRITE;
/*!40000 ALTER TABLE `supplier` DISABLE KEYS */;
INSERT INTO `supplier` VALUES (3001,'优质茶叶供应商','张三','13800138001','tea@example.com','北京市朝阳区',0,'2025-11-10 21:32:12','2025-11-24 14:43:23'),(3002,'新鲜水果供应商','李四','13800138002','fruit@example.com','上海市浦东新区',0,'2025-11-10 21:32:12','2025-12-08 21:17:37'),(3003,'乳制品供应商','王五','13800138003','milk@example.com','广州市天河区',0,'2025-11-10 21:32:12','2025-12-08 21:17:39'),(3004,'包装材料供应商','赵六','13800138004','packing@example.com','深圳市南山区',0,'2025-11-10 21:32:12','2025-12-08 21:17:42'),(3005,'小料供应商','孙七','13800138005','topping@example.com','杭州市西湖区',1,'2025-11-10 21:32:12','2025-11-10 21:32:12'),(3006,'咖啡供应商','周八','13800138006','coffee@example.com','成都市锦江区',1,'2025-11-10 21:32:12','2025-11-10 21:32:12'),(3007,'糖类供应商','吴九','13800138007','sugar@example.com','重庆市渝中区',0,'2025-11-10 21:32:12','2025-12-08 21:17:46'),(3008,'果酱供应商','郑十','13800138008','jam@example.com','武汉市江汉区',1,'2025-11-10 21:32:12','2025-11-10 21:32:12'),(3009,'添加剂供应商','钱一','13800138009','additive@example.com','南京市玄武区',0,'2025-11-10 21:32:12','2025-12-08 21:17:49'),(3010,'综合原料供应商','孙二','13800138010','general@example.com','西安市雁塔区',1,'2025-11-10 21:32:12','2025-11-10 21:32:12'),(4018,'我是新的','1','1',NULL,NULL,0,'2025-11-24 22:53:11',NULL),(4019,'我是新的','1','1',NULL,NULL,0,'2025-11-27 00:00:00',NULL),(4020,'我是供应商','1','1','','',0,'2025-11-24 23:05:51','2025-11-24 15:05:38'),(4021,'我我我','1','11',NULL,NULL,1,'2025-11-24 23:14:32',NULL),(4022,'真的','1','1',NULL,NULL,0,'2025-11-24 23:20:06',NULL),(4025,'问问','1','1',NULL,NULL,0,'2025-11-24 23:31:52',NULL),(4026,'方法','1','1','','',1,'2025-11-24 23:35:46',NULL);
/*!40000 ALTER TABLE `supplier` ENABLE KEYS */;
UNLOCK TABLES;

--
-- Table structure for table `sys_config`
--

DROP TABLE IF EXISTS `sys_config`;
/*!40101 SET @saved_cs_client     = @@character_set_client */;
/*!40101 SET character_set_client = utf8 */;
CREATE TABLE `sys_config` (
  `config_id` int(5) NOT NULL AUTO_INCREMENT COMMENT '参数主键',
  `config_name` varchar(100) COLLATE utf8mb4_unicode_ci DEFAULT '' COMMENT '参数名称',
  `config_key` varchar(100) COLLATE utf8mb4_unicode_ci DEFAULT '' COMMENT '参数键名',
  `config_value` varchar(500) COLLATE utf8mb4_unicode_ci DEFAULT '' COMMENT '参数键值',
  `config_type` char(1) COLLATE utf8mb4_unicode_ci DEFAULT 'N' COMMENT '系统内置（Y是 N否）',
  `create_by` varchar(64) COLLATE utf8mb4_unicode_ci DEFAULT '' COMMENT '创建者',
  `create_time` datetime DEFAULT NULL COMMENT '创建时间',
  `update_by` varchar(64) COLLATE utf8mb4_unicode_ci DEFAULT '' COMMENT '更新者',
  `update_time` datetime DEFAULT NULL COMMENT '更新时间',
  `remark` varchar(500) COLLATE utf8mb4_unicode_ci DEFAULT NULL COMMENT '备注',
  PRIMARY KEY (`config_id`)
) ENGINE=InnoDB AUTO_INCREMENT=9 DEFAULT CHARSET=utf8mb4 COLLATE=utf8mb4_unicode_ci COMMENT='参数配置表';
/*!40101 SET character_set_client = @saved_cs_client */;

--
-- Dumping data for table `sys_config`
--

LOCK TABLES `sys_config` WRITE;
/*!40000 ALTER TABLE `sys_config` DISABLE KEYS */;
INSERT INTO `sys_config` VALUES (1,'主框架页-默认皮肤样式名称','sys.index.skinName','skin-blue','Y','admin','2025-11-10 21:36:16','',NULL,'蓝色 skin-blue、绿色 skin-green、紫色 skin-purple、红色 skin-red、黄色 skin-yellow'),(2,'用户管理-账号初始密码','sys.user.initPassword','123456','Y','admin','2025-11-10 21:36:16','',NULL,'初始化密码 123456'),(3,'主框架页-侧边栏主题','sys.index.sideTheme','theme-dark','Y','admin','2025-11-10 21:36:16','',NULL,'深色主题theme-dark，浅色主题theme-light'),(4,'账号自助-验证码开关','sys.account.captchaEnabled','true','Y','admin','2025-11-10 21:36:16','admin','2025-12-08 08:51:39','是否开启验证码功能（true开启，false关闭）'),(5,'账号自助-是否开启用户注册功能','sys.account.registerUser','false','Y','admin','2025-11-10 21:36:16','',NULL,'是否开启注册用户功能（true开启，false关闭）'),(6,'用户登录-黑名单列表','sys.login.blackIPList','','Y','admin','2025-11-10 21:36:16','',NULL,'设置登录IP黑名单限制，多个匹配项以;分隔，支持匹配（*通配、网段）'),(7,'用户管理-初始密码修改策略','sys.account.initPasswordModify','1','Y','admin','2025-11-10 21:36:16','',NULL,'0：初始密码修改策略关闭，没有任何提示，1：提醒用户，如果未修改初始密码，则在登录时就会提醒修改密码对话框'),(8,'用户管理-账号密码更新周期','sys.account.passwordValidateDays','0','Y','admin','2025-11-10 21:36:16','',NULL,'密码更新周期（填写数字，数据初始化值为0不限制，若修改必须为大于0小于365的正整数），如果超过这个周期登录系统时，则在登录时就会提醒修改密码对话框');
/*!40000 ALTER TABLE `sys_config` ENABLE KEYS */;
UNLOCK TABLES;

--
-- Table structure for table `sys_dept`
--

DROP TABLE IF EXISTS `sys_dept`;
/*!40101 SET @saved_cs_client     = @@character_set_client */;
/*!40101 SET character_set_client = utf8 */;
CREATE TABLE `sys_dept` (
  `dept_id` bigint(20) NOT NULL AUTO_INCREMENT COMMENT '部门id',
  `parent_id` bigint(20) DEFAULT '0' COMMENT '父部门id',
  `ancestors` varchar(50) COLLATE utf8mb4_unicode_ci DEFAULT '' COMMENT '祖级列表',
  `dept_name` varchar(30) COLLATE utf8mb4_unicode_ci DEFAULT '' COMMENT '部门名称',
  `order_num` int(4) DEFAULT '0' COMMENT '显示顺序',
  `leader` varchar(20) COLLATE utf8mb4_unicode_ci DEFAULT NULL COMMENT '负责人',
  `phone` varchar(11) COLLATE utf8mb4_unicode_ci DEFAULT NULL COMMENT '联系电话',
  `email` varchar(50) COLLATE utf8mb4_unicode_ci DEFAULT NULL COMMENT '邮箱',
  `status` char(1) COLLATE utf8mb4_unicode_ci DEFAULT '0' COMMENT '部门状态（0正常 1停用）',
  `del_flag` char(1) COLLATE utf8mb4_unicode_ci DEFAULT '0' COMMENT '删除标志（0代表存在 2代表删除）',
  `create_by` varchar(64) COLLATE utf8mb4_unicode_ci DEFAULT '' COMMENT '创建者',
  `create_time` datetime DEFAULT NULL COMMENT '创建时间',
  `update_by` varchar(64) COLLATE utf8mb4_unicode_ci DEFAULT '' COMMENT '更新者',
  `update_time` datetime DEFAULT NULL COMMENT '更新时间',
  PRIMARY KEY (`dept_id`)
) ENGINE=InnoDB AUTO_INCREMENT=110 DEFAULT CHARSET=utf8mb4 COLLATE=utf8mb4_unicode_ci COMMENT='部门表';
/*!40101 SET character_set_client = @saved_cs_client */;

--
-- Dumping data for table `sys_dept`
--

LOCK TABLES `sys_dept` WRITE;
/*!40000 ALTER TABLE `sys_dept` DISABLE KEYS */;
INSERT INTO `sys_dept` VALUES (100,0,'0','若依科技',0,'若依','15888888888','ry@qq.com','0','0','admin','2025-11-10 21:36:16','',NULL),(101,100,'0,100','深圳总公司',1,'若依','15888888888','ry@qq.com','0','0','admin','2025-11-10 21:36:16','',NULL),(102,100,'0,100','长沙分公司',2,'若依','15888888888','ry@qq.com','0','0','admin','2025-11-10 21:36:16','',NULL),(103,101,'0,100,101','研发部门',1,'若依','15888888888','ry@qq.com','0','0','admin','2025-11-10 21:36:16','',NULL),(104,101,'0,100,101','市场部门',2,'若依','15888888888','ry@qq.com','0','0','admin','2025-11-10 21:36:16','',NULL),(105,101,'0,100,101','测试部门',3,'若依','15888888888','ry@qq.com','0','0','admin','2025-11-10 21:36:16','',NULL),(106,101,'0,100,101','财务部门',4,'若依','15888888888','ry@qq.com','0','0','admin','2025-11-10 21:36:16','',NULL),(107,101,'0,100,101','运维部门',5,'若依','15888888888','ry@qq.com','0','0','admin','2025-11-10 21:36:16','',NULL),(108,102,'0,100,102','市场部门',1,'若依','15888888888','ry@qq.com','0','0','admin','2025-11-10 21:36:16','',NULL),(109,102,'0,100,102','财务部门',2,'若依','15888888888','ry@qq.com','0','0','admin','2025-11-10 21:36:16','',NULL);
/*!40000 ALTER TABLE `sys_dept` ENABLE KEYS */;
UNLOCK TABLES;

--
-- Table structure for table `sys_dict_data`
--

DROP TABLE IF EXISTS `sys_dict_data`;
/*!40101 SET @saved_cs_client     = @@character_set_client */;
/*!40101 SET character_set_client = utf8 */;
CREATE TABLE `sys_dict_data` (
  `dict_code` bigint(20) NOT NULL AUTO_INCREMENT COMMENT '字典编码',
  `dict_sort` int(4) DEFAULT '0' COMMENT '字典排序',
  `dict_label` varchar(100) COLLATE utf8mb4_unicode_ci DEFAULT '' COMMENT '字典标签',
  `dict_value` varchar(100) COLLATE utf8mb4_unicode_ci DEFAULT '' COMMENT '字典键值',
  `dict_type` varchar(100) COLLATE utf8mb4_unicode_ci DEFAULT '' COMMENT '字典类型',
  `css_class` varchar(100) COLLATE utf8mb4_unicode_ci DEFAULT NULL COMMENT '样式属性（其他样式扩展）',
  `list_class` varchar(100) COLLATE utf8mb4_unicode_ci DEFAULT NULL COMMENT '表格回显样式',
  `is_default` char(1) COLLATE utf8mb4_unicode_ci DEFAULT 'N' COMMENT '是否默认（Y是 N否）',
  `status` char(1) COLLATE utf8mb4_unicode_ci DEFAULT '0' COMMENT '状态（0正常 1停用）',
  `create_by` varchar(64) COLLATE utf8mb4_unicode_ci DEFAULT '' COMMENT '创建者',
  `create_time` datetime DEFAULT NULL COMMENT '创建时间',
  `update_by` varchar(64) COLLATE utf8mb4_unicode_ci DEFAULT '' COMMENT '更新者',
  `update_time` datetime DEFAULT NULL COMMENT '更新时间',
  `remark` varchar(500) COLLATE utf8mb4_unicode_ci DEFAULT NULL COMMENT '备注',
  PRIMARY KEY (`dict_code`)
) ENGINE=InnoDB AUTO_INCREMENT=69 DEFAULT CHARSET=utf8mb4 COLLATE=utf8mb4_unicode_ci COMMENT='字典数据表';
/*!40101 SET character_set_client = @saved_cs_client */;

--
-- Dumping data for table `sys_dict_data`
--

LOCK TABLES `sys_dict_data` WRITE;
/*!40000 ALTER TABLE `sys_dict_data` DISABLE KEYS */;
INSERT INTO `sys_dict_data` VALUES (1,1,'男','0','sys_user_sex','','','Y','0','admin','2025-11-10 21:36:16','',NULL,'性别男'),(2,2,'女','1','sys_user_sex','','','N','0','admin','2025-11-10 21:36:16','',NULL,'性别女'),(3,3,'未知','2','sys_user_sex','','','N','0','admin','2025-11-10 21:36:16','',NULL,'性别未知'),(4,1,'显示','0','sys_show_hide','','primary','Y','0','admin','2025-11-10 21:36:16','',NULL,'显示菜单'),(5,2,'隐藏','1','sys_show_hide','','danger','N','0','admin','2025-11-10 21:36:16','',NULL,'隐藏菜单'),(6,1,'正常','0','sys_normal_disable','','primary','Y','0','admin','2025-11-10 21:36:16','',NULL,'正常状态'),(7,2,'停用','1','sys_normal_disable','','danger','N','0','admin','2025-11-10 21:36:16','',NULL,'停用状态'),(8,1,'正常','0','sys_job_status','','primary','Y','0','admin','2025-11-10 21:36:16','',NULL,'正常状态'),(9,2,'暂停','1','sys_job_status','','danger','N','0','admin','2025-11-10 21:36:16','',NULL,'停用状态'),(10,1,'默认','DEFAULT','sys_job_group','','','Y','0','admin','2025-11-10 21:36:16','',NULL,'默认分组'),(11,2,'系统','SYSTEM','sys_job_group','','','N','0','admin','2025-11-10 21:36:16','',NULL,'系统分组'),(12,1,'是','Y','sys_yes_no','','primary','Y','0','admin','2025-11-10 21:36:16','',NULL,'系统默认是'),(13,2,'否','N','sys_yes_no','','danger','N','0','admin','2025-11-10 21:36:16','',NULL,'系统默认否'),(14,1,'通知','1','sys_notice_type','','warning','Y','0','admin','2025-11-10 21:36:16','',NULL,'通知'),(15,2,'公告','2','sys_notice_type','','success','N','0','admin','2025-11-10 21:36:16','',NULL,'公告'),(16,1,'正常','0','sys_notice_status','','primary','Y','0','admin','2025-11-10 21:36:16','',NULL,'正常状态'),(17,2,'关闭','1','sys_notice_status','','danger','N','0','admin','2025-11-10 21:36:16','',NULL,'关闭状态'),(18,99,'其他','0','sys_oper_type','','info','N','0','admin','2025-11-10 21:36:16','',NULL,'其他操作'),(19,1,'新增','1','sys_oper_type','','info','N','0','admin','2025-11-10 21:36:16','',NULL,'新增操作'),(20,2,'修改','2','sys_oper_type','','info','N','0','admin','2025-11-10 21:36:16','',NULL,'修改操作'),(21,3,'删除','3','sys_oper_type','','danger','N','0','admin','2025-11-10 21:36:16','',NULL,'删除操作'),(22,4,'授权','4','sys_oper_type','','primary','N','0','admin','2025-11-10 21:36:16','',NULL,'授权操作'),(23,5,'导出','5','sys_oper_type','','warning','N','0','admin','2025-11-10 21:36:16','',NULL,'导出操作'),(24,6,'导入','6','sys_oper_type','','warning','N','0','admin','2025-11-10 21:36:16','',NULL,'导入操作'),(25,7,'强退','7','sys_oper_type','','danger','N','0','admin','2025-11-10 21:36:16','',NULL,'强退操作'),(26,8,'生成代码','8','sys_oper_type','','warning','N','0','admin','2025-11-10 21:36:16','',NULL,'生成操作'),(27,9,'清空数据','9','sys_oper_type','','danger','N','0','admin','2025-11-10 21:36:16','',NULL,'清空操作'),(28,1,'成功','0','sys_common_status','','primary','N','0','admin','2025-11-10 21:36:16','',NULL,'正常状态'),(29,2,'失败','1','sys_common_status','','danger','N','0','admin','2025-11-10 21:36:16','',NULL,'停用状态'),(30,0,'上架','0','putaway_yes_no',NULL,'primary','N','0','admin','2025-11-18 21:05:33','',NULL,NULL),(31,1,'下架','1','putaway_yes_no',NULL,'warning','N','0','admin','2025-11-18 21:06:30','',NULL,NULL),(32,0,'全部盘点','1','check_type',NULL,'primary','N','0','admin','2025-11-26 10:28:25','admin','2025-11-26 10:31:05',NULL),(33,1,'部分盘点','2','check_type',NULL,'info','N','0','admin','2025-11-26 10:30:50','',NULL,NULL),(34,0,'进行中','1','check_status',NULL,'primary','N','0','admin','2025-11-26 10:32:10','',NULL,NULL),(35,1,'已完成','2','check_status',NULL,'success','N','0','admin','2025-11-26 10:32:26','',NULL,NULL),(36,2,'已取消','3','check_status',NULL,'info','N','0','admin','2025-11-26 10:32:55','',NULL,NULL),(37,0,'未处理','1','dispose_status',NULL,'warning','N','0','admin','2025-11-26 11:05:15','',NULL,NULL),(38,1,'已调整','2','dispose_status',NULL,'primary','N','0','admin','2025-11-26 11:05:41','',NULL,NULL),(39,1,'入库','1','change_type',NULL,'primary','N','0','admin','2025-11-26 11:37:46','admin','2025-11-26 11:37:56',NULL),(40,2,'出库','2','change_type',NULL,'success','N','0','admin','2025-11-26 11:38:13','',NULL,NULL),(41,3,'盘点','3','change_type',NULL,'warning','N','0','admin','2025-11-26 11:38:39','',NULL,NULL),(42,4,'报损','4','change_type',NULL,'danger','N','0','admin','2025-11-26 11:39:00','',NULL,NULL),(43,1,'订单创建','1','order_status',NULL,'primary','N','0','admin','2025-11-30 20:32:55','',NULL,NULL),(44,2,'支付成功','2','order_status',NULL,'success','N','0','admin','2025-11-30 20:33:27','',NULL,NULL),(45,3,'开始制作','3','order_status',NULL,'info','N','0','admin','2025-11-30 20:33:54','',NULL,NULL),(46,4,'制作完成 ','4','order_status',NULL,'success','N','0','admin','2025-11-30 20:34:10','',NULL,NULL),(47,5,'待配送 ','5','order_status',NULL,'info','N','0','admin','2025-11-30 20:34:30','',NULL,NULL),(48,6,'配送中','6','order_status',NULL,'info','N','0','admin','2025-11-30 20:34:49','',NULL,NULL),(49,7,'配送完成','7','order_status',NULL,'success','N','0','admin','2025-11-30 20:35:05','',NULL,NULL),(50,8,' 订单完成','8','order_status',NULL,'success','N','0','admin','2025-11-30 20:35:20','',NULL,NULL),(51,1,'微信','1','pay_way',NULL,'success','N','0','admin','2025-11-30 21:11:11','admin','2025-11-30 21:11:56',NULL),(52,2,'支付宝','2','pay_way',NULL,'primary','N','0','admin','2025-11-30 21:11:31','',NULL,NULL),(53,3,'现金','3','pay_way',NULL,'warning','N','0','admin','2025-11-30 21:11:48','',NULL,NULL),(54,1,'堂食','1','order_type',NULL,'primary','N','0','admin','2025-11-30 21:13:31','',NULL,NULL),(55,2,'外卖','2','order_type',NULL,'primary','N','0','admin','2025-11-30 21:13:48','',NULL,NULL),(56,3,'自提','3','order_type',NULL,'primary','N','0','admin','2025-11-30 21:13:57','',NULL,NULL),(57,0,'未支付','0','pay_status',NULL,'info','N','0','admin','2025-11-30 21:15:30','',NULL,NULL),(58,1,'已支付','1','pay_status',NULL,'success','N','0','admin','2025-11-30 21:15:52','',NULL,NULL),(59,2,'支付失败','2','pay_status',NULL,'warning','N','0','admin','2025-11-30 21:16:10','',NULL,NULL),(60,3,'退款中','3','pay_status',NULL,'info','N','0','admin','2025-11-30 21:16:40','',NULL,NULL),(61,4,'已退款','4','pay_status',NULL,'danger','N','0','admin','2025-11-30 21:16:55','',NULL,NULL),(62,1,'待审核','1','purchase_status',NULL,'info','N','0','admin','2025-11-30 21:33:22','',NULL,NULL),(63,2,'已审核','2','purchase_status',NULL,'success','N','0','admin','2025-11-30 21:33:35','',NULL,NULL),(64,3,'采购中','3','purchase_status',NULL,'info','N','0','admin','2025-11-30 21:33:55','',NULL,NULL),(65,4,'已完成','4','purchase_status',NULL,'success','N','0','admin','2025-11-30 21:34:11','',NULL,NULL),(66,5,'已取消','5','purchase_status',NULL,'danger','N','0','admin','2025-11-30 21:34:24','',NULL,NULL),(67,0,'是','0','yes_no',NULL,'success','N','0','admin','2025-12-02 13:54:25','',NULL,NULL),(68,1,'否','1','yes_no',NULL,'danger','N','0','admin','2025-12-02 13:54:38','',NULL,NULL);
/*!40000 ALTER TABLE `sys_dict_data` ENABLE KEYS */;
UNLOCK TABLES;

--
-- Table structure for table `sys_dict_type`
--

DROP TABLE IF EXISTS `sys_dict_type`;
/*!40101 SET @saved_cs_client     = @@character_set_client */;
/*!40101 SET character_set_client = utf8 */;
CREATE TABLE `sys_dict_type` (
  `dict_id` bigint(20) NOT NULL AUTO_INCREMENT COMMENT '字典主键',
  `dict_name` varchar(100) COLLATE utf8mb4_unicode_ci DEFAULT '' COMMENT '字典名称',
  `dict_type` varchar(100) COLLATE utf8mb4_unicode_ci DEFAULT '' COMMENT '字典类型',
  `status` char(1) COLLATE utf8mb4_unicode_ci DEFAULT '0' COMMENT '状态（0正常 1停用）',
  `create_by` varchar(64) COLLATE utf8mb4_unicode_ci DEFAULT '' COMMENT '创建者',
  `create_time` datetime DEFAULT NULL COMMENT '创建时间',
  `update_by` varchar(64) COLLATE utf8mb4_unicode_ci DEFAULT '' COMMENT '更新者',
  `update_time` datetime DEFAULT NULL COMMENT '更新时间',
  `remark` varchar(500) COLLATE utf8mb4_unicode_ci DEFAULT NULL COMMENT '备注',
  PRIMARY KEY (`dict_id`),
  UNIQUE KEY `dict_type` (`dict_type`)
) ENGINE=InnoDB AUTO_INCREMENT=22 DEFAULT CHARSET=utf8mb4 COLLATE=utf8mb4_unicode_ci COMMENT='字典类型表';
/*!40101 SET character_set_client = @saved_cs_client */;

--
-- Dumping data for table `sys_dict_type`
--

LOCK TABLES `sys_dict_type` WRITE;
/*!40000 ALTER TABLE `sys_dict_type` DISABLE KEYS */;
INSERT INTO `sys_dict_type` VALUES (1,'用户性别','sys_user_sex','0','admin','2025-11-10 21:36:16','',NULL,'用户性别列表'),(2,'菜单状态','sys_show_hide','0','admin','2025-11-10 21:36:16','',NULL,'菜单状态列表'),(3,'系统开关','sys_normal_disable','0','admin','2025-11-10 21:36:16','',NULL,'系统开关列表'),(4,'任务状态','sys_job_status','0','admin','2025-11-10 21:36:16','',NULL,'任务状态列表'),(5,'任务分组','sys_job_group','0','admin','2025-11-10 21:36:16','',NULL,'任务分组列表'),(6,'系统是否','sys_yes_no','0','admin','2025-11-10 21:36:16','',NULL,'系统是否列表'),(7,'通知类型','sys_notice_type','0','admin','2025-11-10 21:36:16','',NULL,'通知类型列表'),(8,'通知状态','sys_notice_status','0','admin','2025-11-10 21:36:16','',NULL,'通知状态列表'),(9,'操作类型','sys_oper_type','0','admin','2025-11-10 21:36:16','',NULL,'操作类型列表'),(10,'系统状态','sys_common_status','0','admin','2025-11-10 21:36:16','',NULL,'登录状态列表'),(11,'上架状态','putaway_yes_no','0','admin','2025-11-18 21:03:20','',NULL,'0:上架 ,1:下架'),(12,'盘点类型','check_type','0','admin','2025-11-26 10:26:22','',NULL,'1:全部盘点,2:部分盘点'),(13,'盘点状态','check_status','0','admin','2025-11-26 10:27:15','',NULL,'1:进行中,2:已完成,3:已取消'),(14,'处理状态','dispose_status','0','admin','2025-11-26 11:04:53','',NULL,'1:未处理,2:已调整'),(15,'变动类型','change_type','0','admin','2025-11-26 11:36:44','admin','2025-11-26 11:37:03','1:入库,2:出库,3:盘点,4:报损'),(16,'订单状态','order_status','0','admin','2025-11-30 20:26:13','',NULL,'1,订单创建\n2,支付成功\n3,开始制作\n4,制作完成\n5,待配送\n6,配送中\n7,配送完成\n8,订单完成'),(17,'支付方式','pay_way','0','admin','2025-11-30 21:10:45','',NULL,'1:微信,2:支付宝,3:现金'),(18,'订单类型','order_type','0','admin','2025-11-30 21:12:48','',NULL,'1:堂食,2:外卖,3:自提'),(19,'支付状态','pay_status','0','admin','2025-11-30 21:15:06','',NULL,'0:未支付,1:已支付,2:支付失败,3:退款中,4:已退款'),(20,'采购状态','purchase_status','0','admin','2025-11-30 21:32:53','',NULL,'1:待审核,2:已审核,3:采购中,4:已完成,5:已取消'),(21,'0-1是否','yes_no','0','admin','2025-12-02 13:54:05','',NULL,'0-是,1-否');
/*!40000 ALTER TABLE `sys_dict_type` ENABLE KEYS */;
UNLOCK TABLES;

--
-- Table structure for table `sys_job`
--

DROP TABLE IF EXISTS `sys_job`;
/*!40101 SET @saved_cs_client     = @@character_set_client */;
/*!40101 SET character_set_client = utf8 */;
CREATE TABLE `sys_job` (
  `job_id` bigint(20) NOT NULL AUTO_INCREMENT COMMENT '任务ID',
  `job_name` varchar(64) COLLATE utf8mb4_unicode_ci NOT NULL DEFAULT '' COMMENT '任务名称',
  `job_group` varchar(64) COLLATE utf8mb4_unicode_ci NOT NULL DEFAULT 'DEFAULT' COMMENT '任务组名',
  `invoke_target` varchar(500) COLLATE utf8mb4_unicode_ci NOT NULL COMMENT '调用目标字符串',
  `cron_expression` varchar(255) COLLATE utf8mb4_unicode_ci DEFAULT '' COMMENT 'cron执行表达式',
  `misfire_policy` varchar(20) COLLATE utf8mb4_unicode_ci DEFAULT '3' COMMENT '计划执行错误策略（1立即执行 2执行一次 3放弃执行）',
  `concurrent` char(1) COLLATE utf8mb4_unicode_ci DEFAULT '1' COMMENT '是否并发执行（0允许 1禁止）',
  `status` char(1) COLLATE utf8mb4_unicode_ci DEFAULT '0' COMMENT '状态（0正常 1暂停）',
  `create_by` varchar(64) COLLATE utf8mb4_unicode_ci DEFAULT '' COMMENT '创建者',
  `create_time` datetime DEFAULT NULL COMMENT '创建时间',
  `update_by` varchar(64) COLLATE utf8mb4_unicode_ci DEFAULT '' COMMENT '更新者',
  `update_time` datetime DEFAULT NULL COMMENT '更新时间',
  `remark` varchar(500) COLLATE utf8mb4_unicode_ci DEFAULT '' COMMENT '备注信息',
  PRIMARY KEY (`job_id`,`job_name`,`job_group`)
) ENGINE=InnoDB AUTO_INCREMENT=4 DEFAULT CHARSET=utf8mb4 COLLATE=utf8mb4_unicode_ci COMMENT='定时任务调度表';
/*!40101 SET character_set_client = @saved_cs_client */;

--
-- Dumping data for table `sys_job`
--

LOCK TABLES `sys_job` WRITE;
/*!40000 ALTER TABLE `sys_job` DISABLE KEYS */;
INSERT INTO `sys_job` VALUES (1,'系统默认（无参）','DEFAULT','ryTask.ryNoParams','0/10 * * * * ?','3','1','1','admin','2025-11-10 21:36:16','',NULL,''),(2,'系统默认（有参）','DEFAULT','ryTask.ryParams(\'ry\')','0/15 * * * * ?','3','1','1','admin','2025-11-10 21:36:16','',NULL,''),(3,'系统默认（多参）','DEFAULT','ryTask.ryMultipleParams(\'ry\', true, 2000L, 316.50D, 100)','0/20 * * * * ?','3','1','1','admin','2025-11-10 21:36:16','',NULL,'');
/*!40000 ALTER TABLE `sys_job` ENABLE KEYS */;
UNLOCK TABLES;

--
-- Table structure for table `sys_job_log`
--

DROP TABLE IF EXISTS `sys_job_log`;
/*!40101 SET @saved_cs_client     = @@character_set_client */;
/*!40101 SET character_set_client = utf8 */;
CREATE TABLE `sys_job_log` (
  `job_log_id` bigint(20) NOT NULL AUTO_INCREMENT COMMENT '任务日志ID',
  `job_name` varchar(64) COLLATE utf8mb4_unicode_ci NOT NULL COMMENT '任务名称',
  `job_group` varchar(64) COLLATE utf8mb4_unicode_ci NOT NULL COMMENT '任务组名',
  `invoke_target` varchar(500) COLLATE utf8mb4_unicode_ci NOT NULL COMMENT '调用目标字符串',
  `job_message` varchar(500) COLLATE utf8mb4_unicode_ci DEFAULT NULL COMMENT '日志信息',
  `status` char(1) COLLATE utf8mb4_unicode_ci DEFAULT '0' COMMENT '执行状态（0正常 1失败）',
  `exception_info` varchar(2000) COLLATE utf8mb4_unicode_ci DEFAULT '' COMMENT '异常信息',
  `create_time` datetime DEFAULT NULL COMMENT '创建时间',
  PRIMARY KEY (`job_log_id`)
) ENGINE=InnoDB DEFAULT CHARSET=utf8mb4 COLLATE=utf8mb4_unicode_ci COMMENT='定时任务调度日志表';
/*!40101 SET character_set_client = @saved_cs_client */;

--
-- Dumping data for table `sys_job_log`
--

LOCK TABLES `sys_job_log` WRITE;
/*!40000 ALTER TABLE `sys_job_log` DISABLE KEYS */;
/*!40000 ALTER TABLE `sys_job_log` ENABLE KEYS */;
UNLOCK TABLES;

--
-- Table structure for table `sys_logininfor`
--

DROP TABLE IF EXISTS `sys_logininfor`;
/*!40101 SET @saved_cs_client     = @@character_set_client */;
/*!40101 SET character_set_client = utf8 */;
CREATE TABLE `sys_logininfor` (
  `info_id` bigint(20) NOT NULL AUTO_INCREMENT COMMENT '访问ID',
  `user_name` varchar(50) COLLATE utf8mb4_unicode_ci DEFAULT '' COMMENT '用户账号',
  `ipaddr` varchar(128) COLLATE utf8mb4_unicode_ci DEFAULT '' COMMENT '登录IP地址',
  `login_location` varchar(255) COLLATE utf8mb4_unicode_ci DEFAULT '' COMMENT '登录地点',
  `browser` varchar(50) COLLATE utf8mb4_unicode_ci DEFAULT '' COMMENT '浏览器类型',
  `os` varchar(50) COLLATE utf8mb4_unicode_ci DEFAULT '' COMMENT '操作系统',
  `status` char(1) COLLATE utf8mb4_unicode_ci DEFAULT '0' COMMENT '登录状态（0成功 1失败）',
  `msg` varchar(255) COLLATE utf8mb4_unicode_ci DEFAULT '' COMMENT '提示消息',
  `login_time` datetime DEFAULT NULL COMMENT '访问时间',
  PRIMARY KEY (`info_id`),
  KEY `idx_sys_logininfor_s` (`status`),
  KEY `idx_sys_logininfor_lt` (`login_time`)
) ENGINE=InnoDB AUTO_INCREMENT=228 DEFAULT CHARSET=utf8mb4 COLLATE=utf8mb4_unicode_ci COMMENT='系统访问记录';
/*!40101 SET character_set_client = @saved_cs_client */;

--
-- Dumping data for table `sys_logininfor`
--

LOCK TABLES `sys_logininfor` WRITE;
/*!40000 ALTER TABLE `sys_logininfor` DISABLE KEYS */;
INSERT INTO `sys_logininfor` VALUES (100,'admin','127.0.0.1','内网IP','Chrome 13','Windows 10','0','登录成功','2025-11-10 22:24:23'),(101,'admin','127.0.0.1','内网IP','Chrome 13','Windows 10','0','登录成功','2025-11-11 08:09:21'),(102,'admin','127.0.0.1','内网IP','Chrome 13','Windows 10','0','登录成功','2025-11-11 08:10:03'),(103,'admin','127.0.0.1','内网IP','Chrome 13','Windows 10','0','登录成功','2025-11-11 08:44:18'),(104,'admin','127.0.0.1','内网IP','Chrome 13','Windows 10','0','登录成功','2025-11-11 12:58:42'),(105,'admin','127.0.0.1','内网IP','Chrome 13','Windows 10','0','登录成功','2025-11-11 13:01:40'),(106,'admin','127.0.0.1','内网IP','Chrome 13','Windows 10','0','登录成功','2025-11-11 15:03:37'),(107,'admin','127.0.0.1','内网IP','Chrome 13','Windows 10','0','登录成功','2025-11-11 15:34:05'),(108,'admin','127.0.0.1','内网IP','Chrome 13','Windows 10','0','登录成功','2025-11-11 15:58:55'),(109,'admin','127.0.0.1','内网IP','Chrome 13','Windows 10','0','登录成功','2025-11-11 20:26:33'),(110,'admin','127.0.0.1','内网IP','Chrome 13','Windows 10','0','退出成功','2025-11-11 21:11:30'),(111,'admin','127.0.0.1','内网IP','Chrome 13','Windows 10','0','登录成功','2025-11-11 21:11:32'),(112,'admin','127.0.0.1','内网IP','Chrome 13','Windows 10','0','退出成功','2025-11-11 22:16:08'),(113,'admin','127.0.0.1','内网IP','Chrome 13','Windows 10','0','登录成功','2025-11-11 22:18:46'),(114,'admin','127.0.0.1','内网IP','Chrome 13','Windows 10','0','登录成功','2025-11-12 07:03:07'),(115,'admin','127.0.0.1','内网IP','Chrome 13','Windows 10','0','登录成功','2025-11-12 14:25:19'),(116,'admin','127.0.0.1','内网IP','Chrome 13','Windows 10','0','登录成功','2025-11-12 16:26:58'),(117,'admin','127.0.0.1','内网IP','Chrome 13','Windows 10','0','登录成功','2025-11-12 17:19:20'),(118,'admin','127.0.0.1','内网IP','Chrome 13','Windows 10','0','登录成功','2025-11-12 22:07:53'),(119,'admin','127.0.0.1','内网IP','Chrome 13','Windows 10','0','登录成功','2025-11-12 23:07:37'),(120,'admin','127.0.0.1','内网IP','Chrome 13','Windows 10','0','登录成功','2025-11-12 23:50:07'),(121,'admin','127.0.0.1','内网IP','Chrome 13','Windows 10','0','登录成功','2025-11-13 08:15:42'),(122,'admin','127.0.0.1','内网IP','Chrome 13','Windows 10','0','登录成功','2025-11-13 09:04:54'),(123,'admin','127.0.0.1','内网IP','Chrome 13','Windows 10','0','登录成功','2025-11-13 15:30:42'),(124,'admin','127.0.0.1','内网IP','Chrome 13','Windows 10','0','登录成功','2025-11-13 16:04:05'),(125,'admin','127.0.0.1','内网IP','Chrome 13','Windows 10','0','登录成功','2025-11-13 18:20:35'),(126,'admin','127.0.0.1','内网IP','Chrome 13','Windows 10','0','登录成功','2025-11-13 21:19:11'),(127,'admin','127.0.0.1','内网IP','Chrome 13','Windows 10','0','登录成功','2025-11-13 22:14:24'),(128,'admin','127.0.0.1','内网IP','Chrome 13','Windows 10','0','登录成功','2025-11-13 22:36:26'),(129,'admin','127.0.0.1','内网IP','Chrome 13','Windows 10','0','登录成功','2025-11-14 07:56:51'),(130,'admin','127.0.0.1','内网IP','Chrome 13','Windows 10','0','登录成功','2025-11-14 08:50:28'),(131,'admin','127.0.0.1','内网IP','Chrome 13','Windows 10','0','登录成功','2025-11-14 14:05:54'),(132,'admin','127.0.0.1','内网IP','Chrome 13','Windows 10','0','登录成功','2025-11-14 16:13:54'),(133,'admin','127.0.0.1','内网IP','Chrome 13','Windows 10','0','登录成功','2025-11-17 13:01:12'),(134,'admin','127.0.0.1','内网IP','Chrome 13','Windows 10','0','登录成功','2025-11-17 15:45:56'),(135,'admin','127.0.0.1','内网IP','Chrome 13','Windows 10','0','登录成功','2025-11-17 20:22:46'),(136,'admin','127.0.0.1','内网IP','Chrome 13','Windows 10','0','登录成功','2025-11-18 15:04:13'),(137,'admin','127.0.0.1','内网IP','Chrome 13','Windows 10','0','登录成功','2025-11-18 20:30:20'),(138,'admin','127.0.0.1','内网IP','Chrome 13','Windows 10','0','登录成功','2025-11-18 21:22:39'),(139,'admin','127.0.0.1','内网IP','Chrome 13','Windows 10','0','登录成功','2025-11-18 21:56:33'),(140,'admin','127.0.0.1','内网IP','Chrome 13','Windows 10','0','登录成功','2025-11-18 22:41:15'),(141,'admin','127.0.0.1','内网IP','Chrome 14','Windows 10','0','登录成功','2025-11-18 22:41:52'),(142,'admin','127.0.0.1','内网IP','Chrome 13','Windows 10','0','登录成功','2025-11-20 15:27:15'),(143,'admin','127.0.0.1','内网IP','Chrome 13','Windows 10','0','登录成功','2025-11-20 15:43:26'),(144,'admin','127.0.0.1','内网IP','Chrome 13','Windows 10','0','登录成功','2025-11-20 15:44:18'),(145,'admin','127.0.0.1','内网IP','Chrome 13','Windows 10','0','登录成功','2025-11-20 16:15:23'),(146,'admin','127.0.0.1','内网IP','Chrome 13','Windows 10','0','登录成功','2025-11-20 16:32:34'),(147,'admin','127.0.0.1','内网IP','Chrome 13','Windows 10','0','退出成功','2025-11-20 16:33:22'),(148,'admin','127.0.0.1','内网IP','Chrome 13','Windows 10','0','登录成功','2025-11-20 16:33:27'),(149,'admin','127.0.0.1','内网IP','Chrome 13','Windows 10','0','退出成功','2025-11-20 16:33:57'),(150,'admin','127.0.0.1','内网IP','Chrome 13','Windows 10','0','登录成功','2025-11-20 16:34:01'),(151,'admin','127.0.0.1','内网IP','Chrome 13','Windows 10','0','登录成功','2025-11-20 16:36:13'),(152,'admin','127.0.0.1','内网IP','Chrome 13','Windows 10','0','登录成功','2025-11-20 16:37:51'),(153,'admin','127.0.0.1','内网IP','Chrome 13','Windows 10','0','登录成功','2025-11-20 17:34:52'),(154,'admin','127.0.0.1','内网IP','Chrome 13','Windows 10','0','登录成功','2025-11-20 17:37:23'),(155,'admin','127.0.0.1','内网IP','Chrome 13','Windows 10','0','登录成功','2025-11-20 17:40:28'),(156,'admin','127.0.0.1','内网IP','Chrome 13','Windows 10','0','登录成功','2025-11-20 17:44:09'),(157,'admin','127.0.0.1','内网IP','Chrome 13','Windows 10','0','登录成功','2025-11-20 17:45:51'),(158,'admin','127.0.0.1','内网IP','Chrome 13','Windows 10','0','登录成功','2025-11-20 17:48:51'),(159,'admin','127.0.0.1','内网IP','Chrome 13','Windows 10','0','登录成功','2025-11-20 18:13:17'),(160,'admin','127.0.0.1','内网IP','Chrome 13','Windows 10','0','登录成功','2025-11-20 19:58:20'),(161,'admin','127.0.0.1','内网IP','Chrome 13','Windows 10','0','登录成功','2025-11-20 22:45:24'),(162,'admin','127.0.0.1','内网IP','Chrome 13','Windows 10','0','登录成功','2025-11-20 22:48:52'),(163,'admin','127.0.0.1','内网IP','Chrome 13','Windows 10','0','登录成功','2025-11-21 09:09:06'),(164,'admin','127.0.0.1','内网IP','Chrome 13','Windows 10','0','登录成功','2025-11-21 16:30:17'),(165,'admin','127.0.0.1','内网IP','Chrome 13','Windows 10','0','登录成功','2025-11-22 14:29:51'),(166,'admin','127.0.0.1','内网IP','Chrome 13','Windows 10','0','登录成功','2025-11-22 15:41:57'),(167,'admin','127.0.0.1','内网IP','Chrome 13','Windows 10','0','登录成功','2025-11-23 09:40:47'),(168,'admin','127.0.0.1','内网IP','Chrome 13','Windows 10','0','登录成功','2025-11-23 11:51:20'),(169,'admin','127.0.0.1','内网IP','Chrome 13','Windows 10','0','登录成功','2025-11-23 16:06:36'),(170,'admin','127.0.0.1','内网IP','Chrome 13','Windows 10','0','登录成功','2025-11-23 20:35:35'),(171,'admin','127.0.0.1','内网IP','Chrome 13','Windows 10','0','登录成功','2025-11-24 14:30:06'),(172,'admin','127.0.0.1','内网IP','Chrome 13','Windows 10','0','登录成功','2025-11-24 16:36:50'),(173,'admin','127.0.0.1','内网IP','Chrome 13','Windows 10','0','登录成功','2025-11-24 16:37:18'),(174,'admin','127.0.0.1','内网IP','Chrome 13','Windows 10','0','登录成功','2025-11-24 20:10:29'),(175,'admin','127.0.0.1','内网IP','Chrome 13','Windows 10','0','登录成功','2025-11-24 21:36:55'),(176,'admin','127.0.0.1','内网IP','Chrome 13','Windows 10','0','退出成功','2025-11-24 22:37:31'),(177,'admin','127.0.0.1','内网IP','Chrome 13','Windows 10','0','登录成功','2025-11-24 22:37:34'),(178,'admin','127.0.0.1','内网IP','Chrome 13','Windows 10','0','登录成功','2025-11-25 08:04:07'),(179,'admin','127.0.0.1','内网IP','Chrome 13','Windows 10','0','登录成功','2025-11-25 09:16:28'),(180,'admin','127.0.0.1','内网IP','Chrome 13','Windows 10','0','登录成功','2025-11-25 14:49:18'),(181,'admin','127.0.0.1','内网IP','Chrome 13','Windows 10','0','登录成功','2025-11-25 22:43:58'),(182,'admin','127.0.0.1','内网IP','Chrome 13','Windows 10','0','登录成功','2025-11-26 07:11:23'),(183,'admin','127.0.0.1','内网IP','Chrome 13','Windows 10','0','登录成功','2025-11-26 10:13:27'),(184,'admin','127.0.0.1','内网IP','Chrome 13','Windows 10','0','登录成功','2025-11-26 15:44:55'),(185,'admin','127.0.0.1','内网IP','Chrome 13','Windows 10','0','登录成功','2025-11-26 21:36:37'),(186,'admin','127.0.0.1','内网IP','Chrome 13','Windows 10','0','登录成功','2025-11-28 12:21:33'),(187,'admin','127.0.0.1','内网IP','Chrome 13','Windows 10','0','登录成功','2025-11-28 16:42:58'),(188,'admin','127.0.0.1','内网IP','Chrome 13','Windows 10','0','登录成功','2025-11-28 17:40:27'),(189,'admin','127.0.0.1','内网IP','Chrome 13','Windows 10','0','登录成功','2025-11-28 20:08:29'),(190,'admin','127.0.0.1','内网IP','Chrome 13','Windows 10','0','登录成功','2025-11-28 21:14:09'),(191,'admin','127.0.0.1','内网IP','Chrome 13','Windows 10','0','登录成功','2025-11-28 22:06:02'),(192,'admin','127.0.0.1','内网IP','Chrome 13','Windows 10','0','登录成功','2025-11-29 07:38:16'),(193,'admin','127.0.0.1','内网IP','Chrome 13','Windows 10','0','登录成功','2025-11-29 09:35:29'),(194,'admin','127.0.0.1','内网IP','Chrome 13','Windows 10','0','登录成功','2025-11-29 15:34:03'),(195,'admin','127.0.0.1','内网IP','Chrome 13','Windows 10','0','登录成功','2025-11-29 17:07:26'),(196,'admin','127.0.0.1','内网IP','Chrome 13','Windows 10','0','登录成功','2025-11-29 17:43:50'),(197,'admin','127.0.0.1','内网IP','Chrome 13','Windows 10','0','登录成功','2025-11-29 18:18:05'),(198,'admin','127.0.0.1','内网IP','Chrome 13','Windows 10','0','登录成功','2025-11-29 20:17:28'),(199,'admin','127.0.0.1','内网IP','Chrome 13','Windows 10','0','登录成功','2025-11-29 21:31:55'),(200,'admin','127.0.0.1','内网IP','Chrome 13','Windows 10','0','登录成功','2025-11-30 13:04:43'),(201,'admin','127.0.0.1','内网IP','Chrome 13','Windows 10','0','登录成功','2025-11-30 14:30:55'),(202,'admin','127.0.0.1','内网IP','Chrome 13','Windows 10','0','登录成功','2025-11-30 15:26:38'),(203,'admin','127.0.0.1','内网IP','Chrome 13','Windows 10','0','登录成功','2025-11-30 17:18:06'),(204,'admin','127.0.0.1','内网IP','Chrome 13','Windows 10','0','登录成功','2025-11-30 19:22:30'),(205,'admin','127.0.0.1','内网IP','Chrome 13','Windows 10','0','登录成功','2025-12-01 07:38:29'),(206,'admin','127.0.0.1','内网IP','Chrome 13','Windows 10','0','登录成功','2025-12-01 11:03:57'),(207,'admin','127.0.0.1','内网IP','Chrome 13','Windows 10','0','登录成功','2025-12-01 12:47:03'),(208,'admin','127.0.0.1','内网IP','Chrome 13','Windows 10','0','登录成功','2025-12-01 14:20:21'),(209,'admin','127.0.0.1','内网IP','Chrome 13','Windows 10','0','登录成功','2025-12-01 18:16:58'),(210,'admin','127.0.0.1','内网IP','Chrome 13','Windows 10','0','登录成功','2025-12-01 19:42:46'),(211,'admin','127.0.0.1','内网IP','Chrome 13','Windows 10','0','登录成功','2025-12-01 20:16:56'),(212,'admin','127.0.0.1','内网IP','Chrome 13','Windows 10','0','登录成功','2025-12-01 20:23:17'),(213,'admin','127.0.0.1','内网IP','Chrome 13','Windows 10','0','登录成功','2025-12-01 20:59:50'),(214,'admin','127.0.0.1','内网IP','Chrome 13','Windows 10','0','退出成功','2025-12-01 23:05:45'),(215,'admin','127.0.0.1','内网IP','Chrome 13','Windows 10','0','登录成功','2025-12-01 23:05:47'),(216,'admin','127.0.0.1','内网IP','Chrome 13','Windows 10','0','登录成功','2025-12-02 07:49:05'),(217,'admin','127.0.0.1','内网IP','Chrome 13','Windows 10','0','登录成功','2025-12-02 12:47:57'),(218,'admin','127.0.0.1','内网IP','Chrome 13','Windows 10','0','登录成功','2025-12-08 08:50:25'),(219,'admin','127.0.0.1','内网IP','Chrome 13','Windows 10','0','登录成功','2025-12-08 13:13:56'),(220,'admin','127.0.0.1','内网IP','Chrome 13','Windows 10','0','登录成功','2025-12-08 14:35:59'),(221,'admin','127.0.0.1','内网IP','Chrome 13','Windows 10','0','登录成功','2025-12-08 15:56:15'),(222,'admin','127.0.0.1','内网IP','Chrome 13','Windows 10','0','登录成功','2025-12-08 19:00:16'),(223,'admin','127.0.0.1','内网IP','Chrome 13','Windows 10','0','登录成功','2025-12-08 21:42:49'),(224,'admin','127.0.0.1','内网IP','Chrome 13','Windows 10','0','登录成功','2025-12-08 21:46:47'),(225,'admin','127.0.0.1','内网IP','Chrome 13','Windows 10','0','登录成功','2025-12-08 21:47:59'),(226,'admin','127.0.0.1','内网IP','Chrome 13','Windows 10','0','登录成功','2025-12-08 21:56:30'),(227,'admin','127.0.0.1','内网IP','Chrome 13','Windows 10','0','登录成功','2025-12-08 23:24:51');
/*!40000 ALTER TABLE `sys_logininfor` ENABLE KEYS */;
UNLOCK TABLES;

--
-- Table structure for table `sys_menu`
--

DROP TABLE IF EXISTS `sys_menu`;
/*!40101 SET @saved_cs_client     = @@character_set_client */;
/*!40101 SET character_set_client = utf8 */;
CREATE TABLE `sys_menu` (
  `menu_id` bigint(20) NOT NULL AUTO_INCREMENT COMMENT '菜单ID',
  `menu_name` varchar(50) COLLATE utf8mb4_unicode_ci NOT NULL COMMENT '菜单名称',
  `parent_id` bigint(20) DEFAULT '0' COMMENT '父菜单ID',
  `order_num` int(4) DEFAULT '0' COMMENT '显示顺序',
  `path` varchar(200) COLLATE utf8mb4_unicode_ci DEFAULT '' COMMENT '路由地址',
  `component` varchar(255) COLLATE utf8mb4_unicode_ci DEFAULT NULL COMMENT '组件路径',
  `query` varchar(255) COLLATE utf8mb4_unicode_ci DEFAULT NULL COMMENT '路由参数',
  `route_name` varchar(50) COLLATE utf8mb4_unicode_ci DEFAULT '' COMMENT '路由名称',
  `is_frame` int(1) DEFAULT '1' COMMENT '是否为外链（0是 1否）',
  `is_cache` int(1) DEFAULT '0' COMMENT '是否缓存（0缓存 1不缓存）',
  `menu_type` char(1) COLLATE utf8mb4_unicode_ci DEFAULT '' COMMENT '菜单类型（M目录 C菜单 F按钮）',
  `visible` char(1) COLLATE utf8mb4_unicode_ci DEFAULT '0' COMMENT '菜单状态（0显示 1隐藏）',
  `status` char(1) COLLATE utf8mb4_unicode_ci DEFAULT '0' COMMENT '菜单状态（0正常 1停用）',
  `perms` varchar(100) COLLATE utf8mb4_unicode_ci DEFAULT NULL COMMENT '权限标识',
  `icon` varchar(100) COLLATE utf8mb4_unicode_ci DEFAULT '#' COMMENT '菜单图标',
  `create_by` varchar(64) COLLATE utf8mb4_unicode_ci DEFAULT '' COMMENT '创建者',
  `create_time` datetime DEFAULT NULL COMMENT '创建时间',
  `update_by` varchar(64) COLLATE utf8mb4_unicode_ci DEFAULT '' COMMENT '更新者',
  `update_time` datetime DEFAULT NULL COMMENT '更新时间',
  `remark` varchar(500) COLLATE utf8mb4_unicode_ci DEFAULT '' COMMENT '备注',
  PRIMARY KEY (`menu_id`)
) ENGINE=InnoDB AUTO_INCREMENT=2147 DEFAULT CHARSET=utf8mb4 COLLATE=utf8mb4_unicode_ci COMMENT='菜单权限表';
/*!40101 SET character_set_client = @saved_cs_client */;

--
-- Dumping data for table `sys_menu`
--

LOCK TABLES `sys_menu` WRITE;
/*!40000 ALTER TABLE `sys_menu` DISABLE KEYS */;
INSERT INTO `sys_menu` VALUES (1,'系统管理',0,8,'system',NULL,'','',1,0,'M','0','0','','system','admin','2025-11-10 21:36:16','admin','2025-11-11 15:05:14','系统管理目录'),(2,'系统监控',0,9,'monitor',NULL,'','',1,0,'M','1','0','','monitor','admin','2025-11-10 21:36:16','admin','2025-11-11 15:05:39','系统监控目录'),(3,'系统工具',0,10,'tool',NULL,'','',1,0,'M','0','0','','tool','admin','2025-11-10 21:36:16','admin','2025-11-11 15:05:56','系统工具目录'),(100,'用户管理',1,1,'user','system/user/index','','',1,0,'C','0','0','system:user:list','user','admin','2025-11-10 21:36:16','',NULL,'用户管理菜单'),(101,'角色管理',1,2,'role','system/role/index','','',1,0,'C','0','0','system:role:list','peoples','admin','2025-11-10 21:36:16','',NULL,'角色管理菜单'),(102,'菜单管理',1,3,'menu','system/menu/index','','',1,0,'C','0','0','system:menu:list','tree-table','admin','2025-11-10 21:36:16','',NULL,'菜单管理菜单'),(103,'部门管理',1,4,'dept','system/dept/index','','',1,0,'C','0','0','system:dept:list','tree','admin','2025-11-10 21:36:16','',NULL,'部门管理菜单'),(104,'岗位管理',1,5,'post','system/post/index','','',1,0,'C','0','0','system:post:list','post','admin','2025-11-10 21:36:16','',NULL,'岗位管理菜单'),(105,'字典管理',1,6,'dict','system/dict/index','','',1,0,'C','0','0','system:dict:list','dict','admin','2025-11-10 21:36:16','',NULL,'字典管理菜单'),(106,'参数设置',1,7,'config','system/config/index','','',1,0,'C','0','0','system:config:list','edit','admin','2025-11-10 21:36:16','',NULL,'参数设置菜单'),(107,'通知公告',1,8,'notice','system/notice/index','','',1,0,'C','0','0','system:notice:list','message','admin','2025-11-10 21:36:16','',NULL,'通知公告菜单'),(108,'日志管理',1,9,'log','','','',1,0,'M','0','0','','log','admin','2025-11-10 21:36:16','',NULL,'日志管理菜单'),(109,'在线用户',2,1,'online','monitor/online/index','','',1,0,'C','0','0','monitor:online:list','online','admin','2025-11-10 21:36:16','',NULL,'在线用户菜单'),(110,'定时任务',2,2,'job','monitor/job/index','','',1,0,'C','0','0','monitor:job:list','job','admin','2025-11-10 21:36:16','',NULL,'定时任务菜单'),(111,'数据监控',2,3,'druid','monitor/druid/index','','',1,0,'C','0','0','monitor:druid:list','druid','admin','2025-11-10 21:36:16','',NULL,'数据监控菜单'),(112,'服务监控',2,4,'server','monitor/server/index','','',1,0,'C','0','0','monitor:server:list','server','admin','2025-11-10 21:36:16','',NULL,'服务监控菜单'),(113,'缓存监控',2,5,'cache','monitor/cache/index','','',1,0,'C','0','0','monitor:cache:list','redis','admin','2025-11-10 21:36:16','',NULL,'缓存监控菜单'),(114,'缓存列表',2,6,'cacheList','monitor/cache/list','','',1,0,'C','0','0','monitor:cache:list','redis-list','admin','2025-11-10 21:36:16','',NULL,'缓存列表菜单'),(115,'表单构建',3,1,'build','tool/build/index','','',1,0,'C','0','0','tool:build:list','build','admin','2025-11-10 21:36:16','',NULL,'表单构建菜单'),(116,'代码生成',3,2,'gen','tool/gen/index','','',1,0,'C','0','0','tool:gen:list','code','admin','2025-11-10 21:36:16','',NULL,'代码生成菜单'),(117,'系统接口',3,3,'swagger','tool/swagger/index','','',1,0,'C','0','0','tool:swagger:list','swagger','admin','2025-11-10 21:36:16','',NULL,'系统接口菜单'),(500,'操作日志',108,1,'operlog','monitor/operlog/index','','',1,0,'C','0','0','monitor:operlog:list','form','admin','2025-11-10 21:36:16','',NULL,'操作日志菜单'),(501,'登录日志',108,2,'logininfor','monitor/logininfor/index','','',1,0,'C','0','0','monitor:logininfor:list','logininfor','admin','2025-11-10 21:36:16','',NULL,'登录日志菜单'),(1000,'用户查询',100,1,'','','','',1,0,'F','0','0','system:user:query','#','admin','2025-11-10 21:36:16','',NULL,''),(1001,'用户新增',100,2,'','','','',1,0,'F','0','0','system:user:add','#','admin','2025-11-10 21:36:16','',NULL,''),(1002,'用户修改',100,3,'','','','',1,0,'F','0','0','system:user:edit','#','admin','2025-11-10 21:36:16','',NULL,''),(1003,'用户删除',100,4,'','','','',1,0,'F','0','0','system:user:remove','#','admin','2025-11-10 21:36:16','',NULL,''),(1004,'用户导出',100,5,'','','','',1,0,'F','0','0','system:user:export','#','admin','2025-11-10 21:36:16','',NULL,''),(1005,'用户导入',100,6,'','','','',1,0,'F','0','0','system:user:import','#','admin','2025-11-10 21:36:16','',NULL,''),(1006,'重置密码',100,7,'','','','',1,0,'F','0','0','system:user:resetPwd','#','admin','2025-11-10 21:36:16','',NULL,''),(1007,'角色查询',101,1,'','','','',1,0,'F','0','0','system:role:query','#','admin','2025-11-10 21:36:16','',NULL,''),(1008,'角色新增',101,2,'','','','',1,0,'F','0','0','system:role:add','#','admin','2025-11-10 21:36:16','',NULL,''),(1009,'角色修改',101,3,'','','','',1,0,'F','0','0','system:role:edit','#','admin','2025-11-10 21:36:16','',NULL,''),(1010,'角色删除',101,4,'','','','',1,0,'F','0','0','system:role:remove','#','admin','2025-11-10 21:36:16','',NULL,''),(1011,'角色导出',101,5,'','','','',1,0,'F','0','0','system:role:export','#','admin','2025-11-10 21:36:16','',NULL,''),(1012,'菜单查询',102,1,'','','','',1,0,'F','0','0','system:menu:query','#','admin','2025-11-10 21:36:16','',NULL,''),(1013,'菜单新增',102,2,'','','','',1,0,'F','0','0','system:menu:add','#','admin','2025-11-10 21:36:16','',NULL,''),(1014,'菜单修改',102,3,'','','','',1,0,'F','0','0','system:menu:edit','#','admin','2025-11-10 21:36:16','',NULL,''),(1015,'菜单删除',102,4,'','','','',1,0,'F','0','0','system:menu:remove','#','admin','2025-11-10 21:36:16','',NULL,''),(1016,'部门查询',103,1,'','','','',1,0,'F','0','0','system:dept:query','#','admin','2025-11-10 21:36:16','',NULL,''),(1017,'部门新增',103,2,'','','','',1,0,'F','0','0','system:dept:add','#','admin','2025-11-10 21:36:16','',NULL,''),(1018,'部门修改',103,3,'','','','',1,0,'F','0','0','system:dept:edit','#','admin','2025-11-10 21:36:16','',NULL,''),(1019,'部门删除',103,4,'','','','',1,0,'F','0','0','system:dept:remove','#','admin','2025-11-10 21:36:16','',NULL,''),(1020,'岗位查询',104,1,'','','','',1,0,'F','0','0','system:post:query','#','admin','2025-11-10 21:36:16','',NULL,''),(1021,'岗位新增',104,2,'','','','',1,0,'F','0','0','system:post:add','#','admin','2025-11-10 21:36:16','',NULL,''),(1022,'岗位修改',104,3,'','','','',1,0,'F','0','0','system:post:edit','#','admin','2025-11-10 21:36:16','',NULL,''),(1023,'岗位删除',104,4,'','','','',1,0,'F','0','0','system:post:remove','#','admin','2025-11-10 21:36:16','',NULL,''),(1024,'岗位导出',104,5,'','','','',1,0,'F','0','0','system:post:export','#','admin','2025-11-10 21:36:16','',NULL,''),(1025,'字典查询',105,1,'#','','','',1,0,'F','0','0','system:dict:query','#','admin','2025-11-10 21:36:16','',NULL,''),(1026,'字典新增',105,2,'#','','','',1,0,'F','0','0','system:dict:add','#','admin','2025-11-10 21:36:16','',NULL,''),(1027,'字典修改',105,3,'#','','','',1,0,'F','0','0','system:dict:edit','#','admin','2025-11-10 21:36:16','',NULL,''),(1028,'字典删除',105,4,'#','','','',1,0,'F','0','0','system:dict:remove','#','admin','2025-11-10 21:36:16','',NULL,''),(1029,'字典导出',105,5,'#','','','',1,0,'F','0','0','system:dict:export','#','admin','2025-11-10 21:36:16','',NULL,''),(1030,'参数查询',106,1,'#','','','',1,0,'F','0','0','system:config:query','#','admin','2025-11-10 21:36:16','',NULL,''),(1031,'参数新增',106,2,'#','','','',1,0,'F','0','0','system:config:add','#','admin','2025-11-10 21:36:16','',NULL,''),(1032,'参数修改',106,3,'#','','','',1,0,'F','0','0','system:config:edit','#','admin','2025-11-10 21:36:16','',NULL,''),(1033,'参数删除',106,4,'#','','','',1,0,'F','0','0','system:config:remove','#','admin','2025-11-10 21:36:16','',NULL,''),(1034,'参数导出',106,5,'#','','','',1,0,'F','0','0','system:config:export','#','admin','2025-11-10 21:36:16','',NULL,''),(1035,'公告查询',107,1,'#','','','',1,0,'F','0','0','system:notice:query','#','admin','2025-11-10 21:36:16','',NULL,''),(1036,'公告新增',107,2,'#','','','',1,0,'F','0','0','system:notice:add','#','admin','2025-11-10 21:36:16','',NULL,''),(1037,'公告修改',107,3,'#','','','',1,0,'F','0','0','system:notice:edit','#','admin','2025-11-10 21:36:16','',NULL,''),(1038,'公告删除',107,4,'#','','','',1,0,'F','0','0','system:notice:remove','#','admin','2025-11-10 21:36:16','',NULL,''),(1039,'操作查询',500,1,'#','','','',1,0,'F','0','0','monitor:operlog:query','#','admin','2025-11-10 21:36:16','',NULL,''),(1040,'操作删除',500,2,'#','','','',1,0,'F','0','0','monitor:operlog:remove','#','admin','2025-11-10 21:36:16','',NULL,''),(1041,'日志导出',500,3,'#','','','',1,0,'F','0','0','monitor:operlog:export','#','admin','2025-11-10 21:36:16','',NULL,''),(1042,'登录查询',501,1,'#','','','',1,0,'F','0','0','monitor:logininfor:query','#','admin','2025-11-10 21:36:16','',NULL,''),(1043,'登录删除',501,2,'#','','','',1,0,'F','0','0','monitor:logininfor:remove','#','admin','2025-11-10 21:36:16','',NULL,''),(1044,'日志导出',501,3,'#','','','',1,0,'F','0','0','monitor:logininfor:export','#','admin','2025-11-10 21:36:16','',NULL,''),(1045,'账户解锁',501,4,'#','','','',1,0,'F','0','0','monitor:logininfor:unlock','#','admin','2025-11-10 21:36:16','',NULL,''),(1046,'在线查询',109,1,'#','','','',1,0,'F','0','0','monitor:online:query','#','admin','2025-11-10 21:36:16','',NULL,''),(1047,'批量强退',109,2,'#','','','',1,0,'F','0','0','monitor:online:batchLogout','#','admin','2025-11-10 21:36:16','',NULL,''),(1048,'单条强退',109,3,'#','','','',1,0,'F','0','0','monitor:online:forceLogout','#','admin','2025-11-10 21:36:16','',NULL,''),(1049,'任务查询',110,1,'#','','','',1,0,'F','0','0','monitor:job:query','#','admin','2025-11-10 21:36:16','',NULL,''),(1050,'任务新增',110,2,'#','','','',1,0,'F','0','0','monitor:job:add','#','admin','2025-11-10 21:36:16','',NULL,''),(1051,'任务修改',110,3,'#','','','',1,0,'F','0','0','monitor:job:edit','#','admin','2025-11-10 21:36:16','',NULL,''),(1052,'任务删除',110,4,'#','','','',1,0,'F','0','0','monitor:job:remove','#','admin','2025-11-10 21:36:16','',NULL,''),(1053,'状态修改',110,5,'#','','','',1,0,'F','0','0','monitor:job:changeStatus','#','admin','2025-11-10 21:36:16','',NULL,''),(1054,'任务导出',110,6,'#','','','',1,0,'F','0','0','monitor:job:export','#','admin','2025-11-10 21:36:16','',NULL,''),(1055,'生成查询',116,1,'#','','','',1,0,'F','0','0','tool:gen:query','#','admin','2025-11-10 21:36:16','',NULL,''),(1056,'生成修改',116,2,'#','','','',1,0,'F','0','0','tool:gen:edit','#','admin','2025-11-10 21:36:16','',NULL,''),(1057,'生成删除',116,3,'#','','','',1,0,'F','0','0','tool:gen:remove','#','admin','2025-11-10 21:36:16','',NULL,''),(1058,'导入代码',116,4,'#','','','',1,0,'F','0','0','tool:gen:import','#','admin','2025-11-10 21:36:16','',NULL,''),(1059,'预览代码',116,5,'#','','','',1,0,'F','0','0','tool:gen:preview','#','admin','2025-11-10 21:36:16','',NULL,''),(1060,'生成代码',116,6,'#','','','',1,0,'F','0','0','tool:gen:code','#','admin','2025-11-10 21:36:16','',NULL,''),(2000,'产品管理',0,1,'/product','Layout',NULL,'',1,0,'M','0','0',NULL,'shopping','admin','2025-11-11 08:57:34','',NULL,''),(2008,'原料管理',0,2,'/material',NULL,NULL,'',1,0,'M','0','0',NULL,'edit','admin','2025-11-11 15:35:41','',NULL,''),(2009,'库存管理',0,3,'/stock',NULL,NULL,'',1,0,'M','0','0',NULL,'chart','admin','2025-11-11 15:36:16','',NULL,''),(2010,'订单管理',0,4,'/order',NULL,NULL,'',1,0,'M','0','0',NULL,'clipboard','admin','2025-11-11 15:36:51','',NULL,''),(2011,'采购管理',0,5,'/purchase',NULL,NULL,'',1,0,'M','0','0',NULL,'shopping','admin','2025-11-11 16:01:46','',NULL,''),(2012,'报表分析',0,6,'/report',NULL,NULL,'',1,0,'M','1','0','','build','admin','2025-11-11 16:02:22','admin','2025-12-08 22:16:56',''),(2014,'产品属性',2000,3,'attribute','product/attribute/index',NULL,'',1,0,'C','0','0','product:attribute:list','#','admin','2025-11-11 23:22:19','admin','2025-11-12 07:30:52','产品属性菜单'),(2015,'产品属性查询',2014,1,'#','',NULL,'',1,0,'F','0','0','product:attribute:query','#','admin','2025-11-11 23:22:20','',NULL,''),(2016,'产品属性新增',2014,2,'#','',NULL,'',1,0,'F','0','0','product:attribute:add','#','admin','2025-11-11 23:22:20','',NULL,''),(2017,'产品属性修改',2014,3,'#','',NULL,'',1,0,'F','0','0','product:attribute:edit','#','admin','2025-11-11 23:22:20','',NULL,''),(2019,'产品属性导出',2014,5,'#','',NULL,'',1,0,'F','0','0','product:attribute:export','#','admin','2025-11-11 23:22:20','',NULL,''),(2020,'产品配方',2000,4,'formula','product/formula/index',NULL,'',1,0,'C','0','0','product:formula:list','#','admin','2025-11-11 23:22:20','admin','2025-11-23 19:21:01','产品配方菜单'),(2021,'产品配方查询',2020,1,'#','',NULL,'',1,0,'F','0','0','product:formula:query','#','admin','2025-11-11 23:22:20','',NULL,''),(2022,'产品配方新增',2020,2,'#','',NULL,'',1,0,'F','0','0','product:formula:add','#','admin','2025-11-11 23:22:20','',NULL,''),(2023,'产品配方修改',2020,3,'#','',NULL,'',1,0,'F','0','0','product:formula:edit','#','admin','2025-11-11 23:22:20','',NULL,''),(2024,'产品配方删除',2020,4,'#','',NULL,'',1,0,'F','0','0','product:formula:remove','#','admin','2025-11-11 23:22:20','',NULL,''),(2025,'产品配方导出',2020,5,'#','',NULL,'',1,0,'F','0','0','product:formula:export','#','admin','2025-11-11 23:22:20','',NULL,''),(2032,'原料分类',2008,2,'category','material/category/index',NULL,'',1,0,'C','0','0','material:category:list','#','admin','2025-11-14 14:53:55','admin','2025-11-23 18:21:58','原料分类菜单'),(2033,'原料分类查询',2032,1,'#','',NULL,'',1,0,'F','0','0','material:category:query','#','admin','2025-11-14 14:53:55','',NULL,''),(2034,'原料分类新增',2032,2,'#','',NULL,'',1,0,'F','0','0','material:category:add','#','admin','2025-11-14 14:53:55','',NULL,''),(2035,'原料分类修改',2032,3,'#','',NULL,'',1,0,'F','0','0','material:category:edit','#','admin','2025-11-14 14:53:55','',NULL,''),(2036,'原料分类删除',2032,4,'#','',NULL,'',1,0,'F','0','0','material:category:remove','#','admin','2025-11-14 14:53:55','',NULL,''),(2037,'原料分类导出',2032,5,'#','',NULL,'',1,0,'F','0','0','material:category:export','#','admin','2025-11-14 14:53:55','',NULL,''),(2038,'原料信息',2008,1,'info','material/info/index',NULL,'MaterialInfo',1,0,'C','0','0','material:info:list','#','admin','2025-11-14 14:53:55','admin','2025-11-23 18:21:53','原料信息菜单'),(2039,'原料信息查询',2038,1,'#','',NULL,'',1,0,'F','0','0','material:info:query','#','admin','2025-11-14 14:53:55','',NULL,''),(2040,'原料信息新增',2038,2,'#','',NULL,'',1,0,'F','0','0','material:info:add','#','admin','2025-11-14 14:53:55','',NULL,''),(2041,'原料信息修改',2038,3,'#','',NULL,'',1,0,'F','0','0','material:info:edit','#','admin','2025-11-14 14:53:55','',NULL,''),(2042,'原料信息删除',2038,4,'#','',NULL,'',1,0,'F','0','0','material:info:remove','#','admin','2025-11-14 14:53:55','',NULL,''),(2043,'原料信息导出',2038,5,'#','',NULL,'',1,0,'F','0','0','material:info:export','#','admin','2025-11-14 14:53:55','',NULL,''),(2044,'供应商',2008,3,'supplier','material/supplier/index',NULL,'',1,0,'C','0','0','material:supplier:list','#','admin','2025-11-14 14:53:55','admin','2025-11-23 18:22:03','供应商菜单'),(2045,'供应商查询',2044,1,'#','',NULL,'',1,0,'F','0','0','material:supplier:query','#','admin','2025-11-14 14:53:55','',NULL,''),(2046,'供应商新增',2044,2,'#','',NULL,'',1,0,'F','0','0','material:supplier:add','#','admin','2025-11-14 14:53:55','',NULL,''),(2047,'供应商修改',2044,3,'#','',NULL,'',1,0,'F','0','0','material:supplier:edit','#','admin','2025-11-14 14:53:55','',NULL,''),(2048,'供应商删除',2044,4,'#','',NULL,'',1,0,'F','0','0','material:supplier:remove','#','admin','2025-11-14 14:53:55','',NULL,''),(2049,'供应商导出',2044,5,'#','',NULL,'',1,0,'F','0','0','material:supplier:export','#','admin','2025-11-14 14:53:55','',NULL,''),(2068,'产品信息',2000,1,'info','product/info/index',NULL,'ProductInfo',1,0,'C','0','0','product:info:list','#','admin','2025-11-20 15:58:23','',NULL,'产品信息菜单'),(2069,'产品信息查询',2068,1,'#','',NULL,'',1,0,'F','0','0','product:info:query','#','admin','2025-11-20 15:58:23','',NULL,''),(2070,'产品信息新增',2068,2,'#','',NULL,'',1,0,'F','0','0','product:info:add','#','admin','2025-11-20 15:58:23','',NULL,''),(2071,'产品信息修改',2068,3,'#','',NULL,'',1,0,'F','0','0','product:info:edit','#','admin','2025-11-20 15:58:23','',NULL,''),(2072,'产品信息删除',2068,4,'#','',NULL,'',1,0,'F','0','0','product:info:remove','#','admin','2025-11-20 15:58:23','',NULL,''),(2073,'产品信息导出',2068,5,'#','',NULL,'',1,0,'F','0','0','product:info:export','#','admin','2025-11-20 15:58:23','',NULL,''),(2074,'产品分类',2000,2,'category','product/category/index',NULL,'ProductCategory',1,0,'C','0','0','product:category:list','#','admin','2025-11-20 15:58:23','',NULL,'产品分类菜单'),(2075,'产品分类查询',2074,1,'#','',NULL,'',1,0,'F','0','0','product:category:query','#','admin','2025-11-20 15:58:23','',NULL,''),(2076,'产品分类新增',2074,2,'#','',NULL,'',1,0,'F','0','0','product:category:add','#','admin','2025-11-20 15:58:23','',NULL,''),(2077,'产品分类修改',2074,3,'#','',NULL,'',1,0,'F','0','0','product:category:edit','#','admin','2025-11-20 15:58:23','',NULL,''),(2078,'产品分类删除',2074,4,'#','',NULL,'',1,0,'F','0','0','product:category:remove','#','admin','2025-11-20 15:58:23','',NULL,''),(2079,'产品分类导出',2074,5,'#','',NULL,'',1,0,'F','0','0','product:category:export','#','admin','2025-11-20 15:58:23','',NULL,''),(2080,'库存盘点',2009,2,'check','stock/check/index',NULL,'',1,0,'C','0','0','stock:check:list','#','admin','2025-11-26 10:22:16','admin','2025-11-29 16:15:24','库存盘点菜单'),(2081,'库存盘点查询',2080,1,'#','',NULL,'',1,0,'F','0','0','stock:check:query','#','admin','2025-11-26 10:22:17','',NULL,''),(2082,'库存盘点新增',2080,2,'#','',NULL,'',1,0,'F','0','0','stock:check:add','#','admin','2025-11-26 10:22:17','',NULL,''),(2083,'库存盘点修改',2080,3,'#','',NULL,'',1,0,'F','0','0','stock:check:edit','#','admin','2025-11-26 10:22:17','',NULL,''),(2084,'库存盘点删除',2080,4,'#','',NULL,'',1,0,'F','0','0','stock:check:remove','#','admin','2025-11-26 10:22:17','',NULL,''),(2085,'库存盘点导出',2080,5,'#','',NULL,'',1,0,'F','0','0','stock:check:export','#','admin','2025-11-26 10:22:17','',NULL,''),(2086,'仓库',2009,5,'warehouse','stock/warehouse/index',NULL,'',1,0,'C','1','0','stock:warehouse:list','#','admin','2025-11-26 10:22:17','admin','2025-11-29 23:25:36','仓库菜单'),(2087,'仓库查询',2086,1,'#','',NULL,'',1,0,'F','0','0','stock:warehouse:query','#','admin','2025-11-26 10:22:17','',NULL,''),(2088,'仓库新增',2086,2,'#','',NULL,'',1,0,'F','0','0','stock:warehouse:add','#','admin','2025-11-26 10:22:17','',NULL,''),(2089,'仓库修改',2086,3,'#','',NULL,'',1,0,'F','0','0','stock:warehouse:edit','#','admin','2025-11-26 10:22:17','',NULL,''),(2090,'仓库删除',2086,4,'#','',NULL,'',1,0,'F','0','0','stock:warehouse:remove','#','admin','2025-11-26 10:22:17','',NULL,''),(2091,'仓库导出',2086,5,'#','',NULL,'',1,0,'F','0','0','stock:warehouse:export','#','admin','2025-11-26 10:22:17','',NULL,''),(2092,'库存信息',2009,1,'info','stock/info/index',NULL,'',1,0,'C','0','0','stock:info:list','#','admin','2025-11-26 10:22:17','admin','2025-11-29 16:15:15','库存信息菜单'),(2093,'库存信息查询',2092,1,'#','',NULL,'',1,0,'F','0','0','stock:info:query','#','admin','2025-11-26 10:22:17','',NULL,''),(2094,'库存信息新增',2092,2,'#','',NULL,'',1,0,'F','0','0','stock:info:add','#','admin','2025-11-26 10:22:17','',NULL,''),(2095,'库存信息修改',2092,3,'#','',NULL,'',1,0,'F','0','0','stock:info:edit','#','admin','2025-11-26 10:22:17','',NULL,''),(2096,'库存信息删除',2092,4,'#','',NULL,'',1,0,'F','0','0','stock:info:remove','#','admin','2025-11-26 10:22:17','',NULL,''),(2097,'库存信息导出',2092,5,'#','',NULL,'',1,0,'F','0','0','stock:info:export','#','admin','2025-11-26 10:22:17','',NULL,''),(2098,'库存变动记录',2009,4,'record','stock/record/index',NULL,'',1,0,'C','0','1','stock:record:list','#','admin','2025-11-26 10:22:17','admin','2025-11-29 18:18:18','库存变动记录菜单'),(2099,'库存变动记录查询',2098,1,'#','',NULL,'',1,0,'F','0','0','stock:record:query','#','admin','2025-11-26 10:22:17','',NULL,''),(2100,'库存变动记录新增',2098,2,'#','',NULL,'',1,0,'F','0','0','stock:record:add','#','admin','2025-11-26 10:22:17','',NULL,''),(2101,'库存变动记录修改',2098,3,'#','',NULL,'',1,0,'F','0','0','stock:record:edit','#','admin','2025-11-26 10:22:17','',NULL,''),(2102,'库存变动记录删除',2098,4,'#','',NULL,'',1,0,'F','0','0','stock:record:remove','#','admin','2025-11-26 10:22:17','',NULL,''),(2103,'库存变动记录导出',2098,5,'#','',NULL,'',1,0,'F','0','0','stock:record:export','#','admin','2025-11-26 10:22:17','',NULL,''),(2104,'库存盘点明细',2009,6,'detail','stock/detail/index',NULL,'',1,0,'C','1','0','stock:detail:list','#','admin','2025-11-26 11:34:40','admin','2025-11-29 23:25:41','库存盘点明细菜单'),(2105,'库存盘点明细查询',2104,1,'#','',NULL,'',1,0,'F','0','0','stock:detail:query','#','admin','2025-11-26 11:34:40','',NULL,''),(2106,'库存盘点明细新增',2104,2,'#','',NULL,'',1,0,'F','0','0','stock:detail:add','#','admin','2025-11-26 11:34:40','',NULL,''),(2107,'库存盘点明细修改',2104,3,'#','',NULL,'',1,0,'F','0','0','stock:detail:edit','#','admin','2025-11-26 11:34:40','',NULL,''),(2108,'库存盘点明细删除',2104,4,'#','',NULL,'',1,0,'F','0','0','stock:detail:remove','#','admin','2025-11-26 11:34:40','',NULL,''),(2109,'库存盘点明细导出',2104,5,'#','',NULL,'',1,0,'F','0','0','stock:detail:export','#','admin','2025-11-26 11:34:40','',NULL,''),(2110,'信息总览',2012,1,'index','report/index','','',1,0,'C','0','0','report:dashboard:list','chart','admin','2025-11-30 00:06:38','admin','2025-12-01 07:39:23','报表分析菜单'),(2111,'仪表盘查询',2110,1,'','','','',1,0,'F','0','0','report:dashboard:list','#','admin','2025-11-30 00:06:38','',NULL,''),(2112,'库存统计查询',2110,2,'','','','',1,0,'F','0','0','report:stock:list','#','admin','2025-11-30 00:06:39','',NULL,''),(2113,'库存预警查询',2110,3,'','','','',1,0,'F','0','0','report:stock:list','#','admin','2025-11-30 00:06:39','',NULL,''),(2114,'盘点分析查询',2110,4,'','','','',1,0,'F','0','0','report:check:list','#','admin','2025-11-30 00:06:39','',NULL,''),(2115,'原料使用查询',2110,5,'','','','',1,0,'F','0','0','report:material:list','#','admin','2025-11-30 00:06:39','',NULL,''),(2116,'产品分析查询',2110,6,'','','','',1,0,'F','0','0','report:product:list','#','admin','2025-11-30 00:06:39','',NULL,''),(2117,'顾客',2010,1,'customer','order/customer/index',NULL,'',1,0,'C','0','0','order:customer:list','#','admin','2025-11-30 21:41:34','',NULL,'顾客菜单'),(2118,'顾客查询',2117,1,'#','',NULL,'',1,0,'F','0','0','order:customer:query','#','admin','2025-11-30 21:41:35','',NULL,''),(2119,'顾客新增',2117,2,'#','',NULL,'',1,0,'F','0','0','order:customer:add','#','admin','2025-11-30 21:41:35','',NULL,''),(2120,'顾客修改',2117,3,'#','',NULL,'',1,0,'F','0','0','order:customer:edit','#','admin','2025-11-30 21:41:35','',NULL,''),(2121,'顾客删除',2117,4,'#','',NULL,'',1,0,'F','0','0','order:customer:remove','#','admin','2025-11-30 21:41:35','',NULL,''),(2122,'顾客导出',2117,5,'#','',NULL,'',1,0,'F','0','0','order:customer:export','#','admin','2025-11-30 21:41:35','',NULL,''),(2123,'采购明细',2011,1,'detail','purchase/detail/index',NULL,'',1,0,'C','0','0','purchase:detail:list','#','admin','2025-11-30 21:41:35','',NULL,'采购明细菜单'),(2124,'采购明细查询',2123,1,'#','',NULL,'',1,0,'F','0','0','purchase:detail:query','#','admin','2025-11-30 21:41:35','',NULL,''),(2125,'采购明细新增',2123,2,'#','',NULL,'',1,0,'F','0','0','purchase:detail:add','#','admin','2025-11-30 21:41:35','',NULL,''),(2126,'采购明细修改',2123,3,'#','',NULL,'',1,0,'F','0','0','purchase:detail:edit','#','admin','2025-11-30 21:41:35','',NULL,''),(2127,'采购明细删除',2123,4,'#','',NULL,'',1,0,'F','0','0','purchase:detail:remove','#','admin','2025-11-30 21:41:35','',NULL,''),(2128,'采购明细导出',2123,5,'#','',NULL,'',1,0,'F','0','0','purchase:detail:export','#','admin','2025-11-30 21:41:35','',NULL,''),(2135,'客户订单',2010,0,'main','order/main/index',NULL,'',1,0,'C','0','0','order:main:list','#','admin','2025-11-30 21:41:35','admin','2025-12-01 07:46:10','客户订单菜单'),(2136,'客户订单查询',2135,1,'#','',NULL,'',1,0,'F','0','0','order:main:query','#','admin','2025-11-30 21:41:35','',NULL,''),(2137,'客户订单新增',2135,2,'#','',NULL,'',1,0,'F','0','0','order:main:add','#','admin','2025-11-30 21:41:35','',NULL,''),(2138,'客户订单修改',2135,3,'#','',NULL,'',1,0,'F','0','0','order:main:edit','#','admin','2025-11-30 21:41:35','',NULL,''),(2139,'客户订单删除',2135,4,'#','',NULL,'',1,0,'F','0','0','order:main:remove','#','admin','2025-11-30 21:41:35','',NULL,''),(2140,'客户订单导出',2135,5,'#','',NULL,'',1,0,'F','0','0','order:main:export','#','admin','2025-11-30 21:41:35','',NULL,''),(2141,'采购订单',2011,0,'order','purchase/order/index',NULL,'',1,0,'C','0','0','purchase:order:list','#','admin','2025-11-30 21:41:35','admin','2025-12-02 08:50:45','采购订单菜单'),(2142,'采购订单查询',2141,1,'#','',NULL,'',1,0,'F','0','0','purchase:order:query','#','admin','2025-11-30 21:41:35','',NULL,''),(2143,'采购订单新增',2141,2,'#','',NULL,'',1,0,'F','0','0','purchase:order:add','#','admin','2025-11-30 21:41:35','',NULL,''),(2144,'采购订单修改',2141,3,'#','',NULL,'',1,0,'F','0','0','purchase:order:edit','#','admin','2025-11-30 21:41:35','',NULL,''),(2145,'采购订单删除',2141,4,'#','',NULL,'',1,0,'F','0','0','purchase:order:remove','#','admin','2025-11-30 21:41:35','',NULL,''),(2146,'采购订单导出',2141,5,'#','',NULL,'',1,0,'F','0','0','purchase:order:export','#','admin','2025-11-30 21:41:35','',NULL,'');
/*!40000 ALTER TABLE `sys_menu` ENABLE KEYS */;
UNLOCK TABLES;

--
-- Table structure for table `sys_notice`
--

DROP TABLE IF EXISTS `sys_notice`;
/*!40101 SET @saved_cs_client     = @@character_set_client */;
/*!40101 SET character_set_client = utf8 */;
CREATE TABLE `sys_notice` (
  `notice_id` int(4) NOT NULL AUTO_INCREMENT COMMENT '公告ID',
  `notice_title` varchar(50) COLLATE utf8mb4_unicode_ci NOT NULL COMMENT '公告标题',
  `notice_type` char(1) COLLATE utf8mb4_unicode_ci NOT NULL COMMENT '公告类型（1通知 2公告）',
  `notice_content` longblob COMMENT '公告内容',
  `status` char(1) COLLATE utf8mb4_unicode_ci DEFAULT '0' COMMENT '公告状态（0正常 1关闭）',
  `create_by` varchar(64) COLLATE utf8mb4_unicode_ci DEFAULT '' COMMENT '创建者',
  `create_time` datetime DEFAULT NULL COMMENT '创建时间',
  `update_by` varchar(64) COLLATE utf8mb4_unicode_ci DEFAULT '' COMMENT '更新者',
  `update_time` datetime DEFAULT NULL COMMENT '更新时间',
  `remark` varchar(255) COLLATE utf8mb4_unicode_ci DEFAULT NULL COMMENT '备注',
  PRIMARY KEY (`notice_id`)
) ENGINE=InnoDB AUTO_INCREMENT=3 DEFAULT CHARSET=utf8mb4 COLLATE=utf8mb4_unicode_ci COMMENT='通知公告表';
/*!40101 SET character_set_client = @saved_cs_client */;

--
-- Dumping data for table `sys_notice`
--

LOCK TABLES `sys_notice` WRITE;
/*!40000 ALTER TABLE `sys_notice` DISABLE KEYS */;
INSERT INTO `sys_notice` VALUES (1,'温馨提醒：2018-07-01 若依新版本发布啦','2',_binary '新版本内容','0','admin','2025-11-10 21:36:16','',NULL,'管理员'),(2,'维护通知：2018-07-01 若依系统凌晨维护','1',_binary '维护内容','0','admin','2025-11-10 21:36:16','',NULL,'管理员');
/*!40000 ALTER TABLE `sys_notice` ENABLE KEYS */;
UNLOCK TABLES;

--
-- Table structure for table `sys_oper_log`
--

DROP TABLE IF EXISTS `sys_oper_log`;
/*!40101 SET @saved_cs_client     = @@character_set_client */;
/*!40101 SET character_set_client = utf8 */;
CREATE TABLE `sys_oper_log` (
  `oper_id` bigint(20) NOT NULL AUTO_INCREMENT COMMENT '日志主键',
  `title` varchar(50) COLLATE utf8mb4_unicode_ci DEFAULT '' COMMENT '模块标题',
  `business_type` int(2) DEFAULT '0' COMMENT '业务类型（0其它 1新增 2修改 3删除）',
  `method` varchar(200) COLLATE utf8mb4_unicode_ci DEFAULT '' COMMENT '方法名称',
  `request_method` varchar(10) COLLATE utf8mb4_unicode_ci DEFAULT '' COMMENT '请求方式',
  `operator_type` int(1) DEFAULT '0' COMMENT '操作类别（0其它 1后台用户 2手机端用户）',
  `oper_name` varchar(50) COLLATE utf8mb4_unicode_ci DEFAULT '' COMMENT '操作人员',
  `dept_name` varchar(50) COLLATE utf8mb4_unicode_ci DEFAULT '' COMMENT '部门名称',
  `oper_url` varchar(255) COLLATE utf8mb4_unicode_ci DEFAULT '' COMMENT '请求URL',
  `oper_ip` varchar(128) COLLATE utf8mb4_unicode_ci DEFAULT '' COMMENT '主机地址',
  `oper_location` varchar(255) COLLATE utf8mb4_unicode_ci DEFAULT '' COMMENT '操作地点',
  `oper_param` varchar(2000) COLLATE utf8mb4_unicode_ci DEFAULT '' COMMENT '请求参数',
  `json_result` varchar(2000) COLLATE utf8mb4_unicode_ci DEFAULT '' COMMENT '返回参数',
  `status` int(1) DEFAULT '0' COMMENT '操作状态（0正常 1异常）',
  `error_msg` varchar(2000) COLLATE utf8mb4_unicode_ci DEFAULT '' COMMENT '错误消息',
  `oper_time` datetime DEFAULT NULL COMMENT '操作时间',
  `cost_time` bigint(20) DEFAULT '0' COMMENT '消耗时间',
  PRIMARY KEY (`oper_id`),
  KEY `idx_sys_oper_log_bt` (`business_type`),
  KEY `idx_sys_oper_log_s` (`status`),
  KEY `idx_sys_oper_log_ot` (`oper_time`)
) ENGINE=InnoDB AUTO_INCREMENT=629 DEFAULT CHARSET=utf8mb4 COLLATE=utf8mb4_unicode_ci COMMENT='操作日志记录';
/*!40101 SET character_set_client = @saved_cs_client */;

--
-- Dumping data for table `sys_oper_log`
--

LOCK TABLES `sys_oper_log` WRITE;
/*!40000 ALTER TABLE `sys_oper_log` DISABLE KEYS */;
INSERT INTO `sys_oper_log` VALUES (100,'参数管理',2,'com.ruoyi.web.controller.system.SysConfigController.edit()','PUT',1,'admin','研发部门','/system/config','127.0.0.1','内网IP','{\"configId\":4,\"configKey\":\"sys.account.captchaEnabled\",\"configName\":\"账号自助-验证码开关\",\"configType\":\"Y\",\"configValue\":\"false\",\"createBy\":\"admin\",\"createTime\":\"2025-11-10 21:36:16\",\"params\":{},\"remark\":\"是否开启验证码功能（true开启，false关闭）\",\"updateBy\":\"admin\"}','{\"msg\":\"操作成功\",\"code\":200}',0,NULL,'2025-11-11 08:09:50',56),(101,'代码生成',6,'com.ruoyi.generator.controller.GenController.importTableSave()','POST',1,'admin','研发部门','/tool/gen/importTable','127.0.0.1','内网IP','{\"tables\":\"product_attribute,supplier,order_status_history,order_main,order_detail,stock_record,material_info,stock_info,material_category,purchase_order,customer,purchase_detail,product_formula,warehouse,product_info,product_category\"}','{\"msg\":\"操作成功\",\"code\":200}',0,NULL,'2025-11-11 08:10:58',1699),(102,'代码生成',8,'com.ruoyi.generator.controller.GenController.batchGenCode()','GET',1,'admin','研发部门','/tool/gen/batchGenCode','127.0.0.1','内网IP','{\"tables\":\"order_status_history\"}',NULL,0,NULL,'2025-11-11 08:11:19',887),(103,'菜单管理',1,'com.ruoyi.web.controller.system.SysMenuController.add()','POST',1,'admin','研发部门','/system/menu','127.0.0.1','内网IP','{\"children\":[],\"createBy\":\"admin\",\"icon\":\"shopping\",\"isCache\":\"0\",\"isFrame\":\"1\",\"menuName\":\"产品管理\",\"menuType\":\"M\",\"orderNum\":1,\"params\":{},\"parentId\":0,\"path\":\"/product\",\"status\":\"0\",\"visible\":\"0\"}','{\"msg\":\"操作成功\",\"code\":200}',0,NULL,'2025-11-11 08:57:34',31),(104,'菜单管理',1,'com.ruoyi.web.controller.system.SysMenuController.add()','POST',1,'admin','研发部门','/system/menu','127.0.0.1','内网IP','{\"children\":[],\"createBy\":\"admin\",\"isCache\":\"0\",\"isFrame\":\"1\",\"menuName\":\"产品分类管理\",\"menuType\":\"C\",\"orderNum\":1,\"params\":{},\"parentId\":2000,\"path\":\"/product/category\",\"status\":\"0\",\"visible\":\"0\"}','{\"msg\":\"操作成功\",\"code\":200}',0,NULL,'2025-11-11 09:02:27',14),(105,'代码生成',2,'com.ruoyi.generator.controller.GenController.editSave()','PUT',1,'admin','研发部门','/tool/gen','127.0.0.1','内网IP','{\"businessName\":\"category\",\"className\":\"ProductCategory\",\"columns\":[{\"capJavaField\":\"CategoryId\",\"columnComment\":\"分类ID\",\"columnId\":73,\"columnName\":\"category_id\",\"columnType\":\"bigint(20)\",\"createBy\":\"admin\",\"createTime\":\"2025-11-11 08:10:57\",\"dictType\":\"\",\"edit\":false,\"htmlType\":\"input\",\"increment\":true,\"insert\":true,\"isIncrement\":\"1\",\"isInsert\":\"1\",\"isPk\":\"1\",\"isRequired\":\"0\",\"javaField\":\"categoryId\",\"javaType\":\"Long\",\"list\":false,\"params\":{},\"pk\":true,\"query\":false,\"queryType\":\"EQ\",\"required\":false,\"sort\":1,\"superColumn\":false,\"tableId\":8,\"updateBy\":\"\",\"usableColumn\":false},{\"capJavaField\":\"CategoryName\",\"columnComment\":\"分类名称\",\"columnId\":74,\"columnName\":\"category_name\",\"columnType\":\"varchar(50)\",\"createBy\":\"admin\",\"createTime\":\"2025-11-11 08:10:57\",\"dictType\":\"\",\"edit\":true,\"htmlType\":\"input\",\"increment\":false,\"insert\":true,\"isEdit\":\"1\",\"isIncrement\":\"0\",\"isInsert\":\"1\",\"isList\":\"1\",\"isPk\":\"0\",\"isQuery\":\"1\",\"isRequired\":\"1\",\"javaField\":\"categoryName\",\"javaType\":\"String\",\"list\":true,\"params\":{},\"pk\":false,\"query\":true,\"queryType\":\"LIKE\",\"required\":true,\"sort\":2,\"superColumn\":false,\"tableId\":8,\"updateBy\":\"\",\"usableColumn\":false},{\"capJavaField\":\"ParentId\",\"columnComment\":\"父分类ID\",\"columnId\":75,\"columnName\":\"parent_id\",\"columnType\":\"bigint(20)\",\"createBy\":\"admin\",\"createTime\":\"2025-11-11 08:10:57\",\"dictType\":\"\",\"edit\":true,\"htmlType\":\"input\",\"increment\":false,\"insert\":true,\"isEdit\":\"1\",\"isIncrement\":\"0\",\"isInsert\":\"1\",\"isList\":\"1\",\"isPk\":\"0\",\"isQuery\":\"1\",\"isRequired\":\"0\",\"javaField\":\"parentId\",\"javaType\":\"Long\",\"list\":true,\"params\":{},\"pk\":false,\"query\":true,\"queryType\":\"EQ\",\"required\":false,\"sort\":3,\"superColumn\":true,\"tableId\":8,\"updateBy\":\"\",\"usableColumn\":true},{\"capJavaField\":\"OrderNum\",\"columnComment\":\"显示顺序\",\"columnId\":76,\"columnName\":\"order_num\",\"columnType\":\"int(11)\",\"createBy\":\"admin\",\"createTime\":\"2025-11-11 08:10:57\",\"dictType\":\"\",\"edit\":true,\"htmlType\":\"input\",\"increment\":false,\"insert\":true,\"isEdit\":\"1\",\"isIncrement\":\"0\",\"isInsert\":\"1\",\"isList\":\"1\",\"isPk\":','{\"msg\":\"操作成功\",\"code\":200}',0,NULL,'2025-11-11 09:12:10',46),(106,'代码生成',2,'com.ruoyi.generator.controller.GenController.editSave()','PUT',1,'admin','研发部门','/tool/gen','127.0.0.1','内网IP','{\"businessName\":\"materialCategory\",\"className\":\"MaterialCategory\",\"columns\":[{\"capJavaField\":\"CategoryId\",\"columnComment\":\"分类ID\",\"columnId\":10,\"columnName\":\"category_id\",\"columnType\":\"bigint(20)\",\"createBy\":\"admin\",\"createTime\":\"2025-11-11 08:10:56\",\"dictType\":\"\",\"edit\":false,\"htmlType\":\"input\",\"increment\":true,\"insert\":true,\"isIncrement\":\"1\",\"isInsert\":\"1\",\"isPk\":\"1\",\"isRequired\":\"0\",\"javaField\":\"categoryId\",\"javaType\":\"Long\",\"list\":false,\"params\":{},\"pk\":true,\"query\":false,\"queryType\":\"EQ\",\"required\":false,\"sort\":1,\"superColumn\":false,\"tableId\":2,\"updateBy\":\"\",\"usableColumn\":false},{\"capJavaField\":\"CategoryName\",\"columnComment\":\"分类名称\",\"columnId\":11,\"columnName\":\"category_name\",\"columnType\":\"varchar(50)\",\"createBy\":\"admin\",\"createTime\":\"2025-11-11 08:10:56\",\"dictType\":\"\",\"edit\":true,\"htmlType\":\"input\",\"increment\":false,\"insert\":true,\"isEdit\":\"1\",\"isIncrement\":\"0\",\"isInsert\":\"1\",\"isList\":\"1\",\"isPk\":\"0\",\"isQuery\":\"1\",\"isRequired\":\"1\",\"javaField\":\"categoryName\",\"javaType\":\"String\",\"list\":true,\"params\":{},\"pk\":false,\"query\":true,\"queryType\":\"LIKE\",\"required\":true,\"sort\":2,\"superColumn\":false,\"tableId\":2,\"updateBy\":\"\",\"usableColumn\":false},{\"capJavaField\":\"ParentId\",\"columnComment\":\"父分类ID\",\"columnId\":12,\"columnName\":\"parent_id\",\"columnType\":\"bigint(20)\",\"createBy\":\"admin\",\"createTime\":\"2025-11-11 08:10:56\",\"dictType\":\"\",\"edit\":true,\"htmlType\":\"input\",\"increment\":false,\"insert\":true,\"isEdit\":\"1\",\"isIncrement\":\"0\",\"isInsert\":\"1\",\"isList\":\"1\",\"isPk\":\"0\",\"isQuery\":\"1\",\"isRequired\":\"0\",\"javaField\":\"parentId\",\"javaType\":\"Long\",\"list\":true,\"params\":{},\"pk\":false,\"query\":true,\"queryType\":\"EQ\",\"required\":false,\"sort\":3,\"superColumn\":true,\"tableId\":2,\"updateBy\":\"\",\"usableColumn\":true},{\"capJavaField\":\"OrderNum\",\"columnComment\":\"显示顺序\",\"columnId\":13,\"columnName\":\"order_num\",\"columnType\":\"int(11)\",\"createBy\":\"admin\",\"createTime\":\"2025-11-11 08:10:56\",\"dictType\":\"\",\"edit\":true,\"htmlType\":\"input\",\"increment\":false,\"insert\":true,\"isEdit\":\"1\",\"isIncrement\":\"0\",\"isInsert\":\"1\",\"isList\":\"1',NULL,1,'树编码字段不能为空','2025-11-11 09:31:18',20),(107,'代码生成',2,'com.ruoyi.generator.controller.GenController.editSave()','PUT',1,'admin','研发部门','/tool/gen','127.0.0.1','内网IP','{\"businessName\":\"materialCategory\",\"className\":\"MaterialCategory\",\"columns\":[{\"capJavaField\":\"CategoryId\",\"columnComment\":\"分类ID\",\"columnId\":10,\"columnName\":\"category_id\",\"columnType\":\"bigint(20)\",\"createBy\":\"admin\",\"createTime\":\"2025-11-11 08:10:56\",\"dictType\":\"\",\"edit\":false,\"htmlType\":\"input\",\"increment\":true,\"insert\":true,\"isIncrement\":\"1\",\"isInsert\":\"1\",\"isPk\":\"1\",\"isRequired\":\"0\",\"javaField\":\"categoryId\",\"javaType\":\"Long\",\"list\":false,\"params\":{},\"pk\":true,\"query\":false,\"queryType\":\"EQ\",\"required\":false,\"sort\":1,\"superColumn\":false,\"tableId\":2,\"updateBy\":\"\",\"usableColumn\":false},{\"capJavaField\":\"CategoryName\",\"columnComment\":\"分类名称\",\"columnId\":11,\"columnName\":\"category_name\",\"columnType\":\"varchar(50)\",\"createBy\":\"admin\",\"createTime\":\"2025-11-11 08:10:56\",\"dictType\":\"\",\"edit\":true,\"htmlType\":\"input\",\"increment\":false,\"insert\":true,\"isEdit\":\"1\",\"isIncrement\":\"0\",\"isInsert\":\"1\",\"isList\":\"1\",\"isPk\":\"0\",\"isQuery\":\"1\",\"isRequired\":\"1\",\"javaField\":\"categoryName\",\"javaType\":\"String\",\"list\":true,\"params\":{},\"pk\":false,\"query\":true,\"queryType\":\"LIKE\",\"required\":true,\"sort\":2,\"superColumn\":false,\"tableId\":2,\"updateBy\":\"\",\"usableColumn\":false},{\"capJavaField\":\"ParentId\",\"columnComment\":\"父分类ID\",\"columnId\":12,\"columnName\":\"parent_id\",\"columnType\":\"bigint(20)\",\"createBy\":\"admin\",\"createTime\":\"2025-11-11 08:10:56\",\"dictType\":\"\",\"edit\":true,\"htmlType\":\"input\",\"increment\":false,\"insert\":true,\"isEdit\":\"1\",\"isIncrement\":\"0\",\"isInsert\":\"1\",\"isList\":\"1\",\"isPk\":\"0\",\"isQuery\":\"1\",\"isRequired\":\"0\",\"javaField\":\"parentId\",\"javaType\":\"Long\",\"list\":true,\"params\":{},\"pk\":false,\"query\":true,\"queryType\":\"EQ\",\"required\":false,\"sort\":3,\"superColumn\":true,\"tableId\":2,\"updateBy\":\"\",\"usableColumn\":true},{\"capJavaField\":\"OrderNum\",\"columnComment\":\"显示顺序\",\"columnId\":13,\"columnName\":\"order_num\",\"columnType\":\"int(11)\",\"createBy\":\"admin\",\"createTime\":\"2025-11-11 08:10:56\",\"dictType\":\"\",\"edit\":true,\"htmlType\":\"input\",\"increment\":false,\"insert\":true,\"isEdit\":\"1\",\"isIncrement\":\"0\",\"isInsert\":\"1\",\"isList\":\"1','{\"msg\":\"操作成功\",\"code\":200}',0,NULL,'2025-11-11 09:31:30',27),(108,'代码生成',2,'com.ruoyi.generator.controller.GenController.editSave()','PUT',1,'admin','研发部门','/tool/gen','127.0.0.1','内网IP','{\"businessName\":\"materialCategory\",\"className\":\"MaterialCategory\",\"columns\":[{\"capJavaField\":\"CategoryId\",\"columnComment\":\"分类ID\",\"columnId\":10,\"columnName\":\"category_id\",\"columnType\":\"bigint(20)\",\"createBy\":\"admin\",\"createTime\":\"2025-11-11 08:10:56\",\"dictType\":\"\",\"edit\":false,\"htmlType\":\"input\",\"increment\":true,\"insert\":true,\"isIncrement\":\"1\",\"isInsert\":\"1\",\"isPk\":\"1\",\"isRequired\":\"0\",\"javaField\":\"categoryId\",\"javaType\":\"Long\",\"list\":false,\"params\":{},\"pk\":true,\"query\":false,\"queryType\":\"EQ\",\"required\":false,\"sort\":1,\"superColumn\":false,\"tableId\":2,\"updateBy\":\"\",\"updateTime\":\"2025-11-11 09:31:30\",\"usableColumn\":false},{\"capJavaField\":\"CategoryName\",\"columnComment\":\"分类名称\",\"columnId\":11,\"columnName\":\"category_name\",\"columnType\":\"varchar(50)\",\"createBy\":\"admin\",\"createTime\":\"2025-11-11 08:10:56\",\"dictType\":\"\",\"edit\":true,\"htmlType\":\"input\",\"increment\":false,\"insert\":true,\"isEdit\":\"1\",\"isIncrement\":\"0\",\"isInsert\":\"1\",\"isList\":\"1\",\"isPk\":\"0\",\"isQuery\":\"1\",\"isRequired\":\"1\",\"javaField\":\"categoryName\",\"javaType\":\"String\",\"list\":true,\"params\":{},\"pk\":false,\"query\":true,\"queryType\":\"LIKE\",\"required\":true,\"sort\":2,\"superColumn\":false,\"tableId\":2,\"updateBy\":\"\",\"updateTime\":\"2025-11-11 09:31:30\",\"usableColumn\":false},{\"capJavaField\":\"ParentId\",\"columnComment\":\"父分类ID\",\"columnId\":12,\"columnName\":\"parent_id\",\"columnType\":\"bigint(20)\",\"createBy\":\"admin\",\"createTime\":\"2025-11-11 08:10:56\",\"dictType\":\"\",\"edit\":true,\"htmlType\":\"input\",\"increment\":false,\"insert\":true,\"isEdit\":\"1\",\"isIncrement\":\"0\",\"isInsert\":\"1\",\"isList\":\"1\",\"isPk\":\"0\",\"isQuery\":\"1\",\"isRequired\":\"0\",\"javaField\":\"parentId\",\"javaType\":\"Long\",\"list\":true,\"params\":{},\"pk\":false,\"query\":true,\"queryType\":\"EQ\",\"required\":false,\"sort\":3,\"superColumn\":true,\"tableId\":2,\"updateBy\":\"\",\"updateTime\":\"2025-11-11 09:31:30\",\"usableColumn\":true},{\"capJavaField\":\"OrderNum\",\"columnComment\":\"显示顺序\",\"columnId\":13,\"columnName\":\"order_num\",\"columnType\":\"int(11)\",\"createBy\":\"admin\",\"createTime\":\"2025-11-11 08:10:56\",\"dictType\":\"\",\"edit\":true,\"ht','{\"msg\":\"操作成功\",\"code\":200}',0,NULL,'2025-11-11 09:32:02',29),(109,'代码生成',2,'com.ruoyi.generator.controller.GenController.editSave()','PUT',1,'admin','研发部门','/tool/gen','127.0.0.1','内网IP','{\"businessName\":\"category\",\"className\":\"ProductCategory\",\"columns\":[{\"capJavaField\":\"CategoryId\",\"columnComment\":\"分类ID\",\"columnId\":73,\"columnName\":\"category_id\",\"columnType\":\"bigint(20)\",\"createBy\":\"admin\",\"createTime\":\"2025-11-11 08:10:57\",\"dictType\":\"\",\"edit\":false,\"htmlType\":\"input\",\"increment\":true,\"insert\":true,\"isIncrement\":\"1\",\"isInsert\":\"1\",\"isPk\":\"1\",\"isRequired\":\"0\",\"javaField\":\"categoryId\",\"javaType\":\"Long\",\"list\":false,\"params\":{},\"pk\":true,\"query\":false,\"queryType\":\"EQ\",\"required\":false,\"sort\":1,\"superColumn\":false,\"tableId\":8,\"updateBy\":\"\",\"updateTime\":\"2025-11-11 09:12:10\",\"usableColumn\":false},{\"capJavaField\":\"CategoryName\",\"columnComment\":\"分类名称\",\"columnId\":74,\"columnName\":\"category_name\",\"columnType\":\"varchar(50)\",\"createBy\":\"admin\",\"createTime\":\"2025-11-11 08:10:57\",\"dictType\":\"\",\"edit\":true,\"htmlType\":\"input\",\"increment\":false,\"insert\":true,\"isEdit\":\"1\",\"isIncrement\":\"0\",\"isInsert\":\"1\",\"isList\":\"1\",\"isPk\":\"0\",\"isQuery\":\"1\",\"isRequired\":\"1\",\"javaField\":\"categoryName\",\"javaType\":\"String\",\"list\":true,\"params\":{},\"pk\":false,\"query\":true,\"queryType\":\"LIKE\",\"required\":true,\"sort\":2,\"superColumn\":false,\"tableId\":8,\"updateBy\":\"\",\"updateTime\":\"2025-11-11 09:12:10\",\"usableColumn\":false},{\"capJavaField\":\"ParentId\",\"columnComment\":\"父分类ID\",\"columnId\":75,\"columnName\":\"parent_id\",\"columnType\":\"bigint(20)\",\"createBy\":\"admin\",\"createTime\":\"2025-11-11 08:10:57\",\"dictType\":\"\",\"edit\":true,\"htmlType\":\"input\",\"increment\":false,\"insert\":true,\"isEdit\":\"1\",\"isIncrement\":\"0\",\"isInsert\":\"1\",\"isList\":\"1\",\"isPk\":\"0\",\"isQuery\":\"1\",\"isRequired\":\"0\",\"javaField\":\"parentId\",\"javaType\":\"Long\",\"list\":true,\"params\":{},\"pk\":false,\"query\":true,\"queryType\":\"EQ\",\"required\":false,\"sort\":3,\"superColumn\":true,\"tableId\":8,\"updateBy\":\"\",\"updateTime\":\"2025-11-11 09:12:10\",\"usableColumn\":true},{\"capJavaField\":\"OrderNum\",\"columnComment\":\"显示顺序\",\"columnId\":76,\"columnName\":\"order_num\",\"columnType\":\"int(11)\",\"createBy\":\"admin\",\"createTime\":\"2025-11-11 08:10:57\",\"dictType\":\"\",\"edit\":true,\"htmlType\":\"','{\"msg\":\"操作成功\",\"code\":200}',0,NULL,'2025-11-11 09:35:29',20),(110,'代码生成',8,'com.ruoyi.generator.controller.GenController.batchGenCode()','GET',1,'admin','研发部门','/tool/gen/batchGenCode','127.0.0.1','内网IP','{\"tables\":\"product_category\"}',NULL,0,NULL,'2025-11-11 09:36:54',166),(111,'菜单管理',3,'com.ruoyi.web.controller.system.SysMenuController.remove()','DELETE',1,'admin','研发部门','/system/menu/2001','127.0.0.1','内网IP','2001','{\"msg\":\"操作成功\",\"code\":200}',0,NULL,'2025-11-11 13:06:09',18),(112,'菜单管理',2,'com.ruoyi.web.controller.system.SysMenuController.edit()','PUT',1,'admin','研发部门','/system/menu','127.0.0.1','内网IP','{\"children\":[],\"createTime\":\"2025-11-10 21:36:16\",\"icon\":\"system\",\"isCache\":\"0\",\"isFrame\":\"1\",\"menuId\":1,\"menuName\":\"系统管理\",\"menuType\":\"M\",\"orderNum\":8,\"params\":{},\"parentId\":0,\"path\":\"system\",\"perms\":\"\",\"query\":\"\",\"routeName\":\"\",\"status\":\"0\",\"updateBy\":\"admin\",\"visible\":\"0\"}','{\"msg\":\"操作成功\",\"code\":200}',0,NULL,'2025-11-11 15:05:15',71),(113,'菜单管理',2,'com.ruoyi.web.controller.system.SysMenuController.edit()','PUT',1,'admin','研发部门','/system/menu','127.0.0.1','内网IP','{\"children\":[],\"createTime\":\"2025-11-10 21:36:16\",\"icon\":\"monitor\",\"isCache\":\"0\",\"isFrame\":\"1\",\"menuId\":2,\"menuName\":\"系统监控\",\"menuType\":\"M\",\"orderNum\":9,\"params\":{},\"parentId\":0,\"path\":\"monitor\",\"perms\":\"\",\"query\":\"\",\"routeName\":\"\",\"status\":\"0\",\"updateBy\":\"admin\",\"visible\":\"1\"}','{\"msg\":\"操作成功\",\"code\":200}',0,NULL,'2025-11-11 15:05:39',26),(114,'菜单管理',2,'com.ruoyi.web.controller.system.SysMenuController.edit()','PUT',1,'admin','研发部门','/system/menu','127.0.0.1','内网IP','{\"children\":[],\"createTime\":\"2025-11-10 21:36:16\",\"icon\":\"tool\",\"isCache\":\"0\",\"isFrame\":\"1\",\"menuId\":3,\"menuName\":\"系统工具\",\"menuType\":\"M\",\"orderNum\":10,\"params\":{},\"parentId\":0,\"path\":\"tool\",\"perms\":\"\",\"query\":\"\",\"routeName\":\"\",\"status\":\"0\",\"updateBy\":\"admin\",\"visible\":\"0\"}','{\"msg\":\"操作成功\",\"code\":200}',0,NULL,'2025-11-11 15:05:56',30),(115,'菜单管理',2,'com.ruoyi.web.controller.system.SysMenuController.edit()','PUT',1,'admin','研发部门','/system/menu','127.0.0.1','内网IP','{\"children\":[],\"createTime\":\"2025-11-10 21:36:16\",\"icon\":\"guide\",\"isCache\":\"0\",\"isFrame\":\"0\",\"menuId\":4,\"menuName\":\"若依官网\",\"menuType\":\"M\",\"orderNum\":11,\"params\":{},\"parentId\":0,\"path\":\"http://ruoyi.vip\",\"perms\":\"\",\"query\":\"\",\"routeName\":\"\",\"status\":\"0\",\"updateBy\":\"admin\",\"visible\":\"1\"}','{\"msg\":\"操作成功\",\"code\":200}',0,NULL,'2025-11-11 15:06:08',20),(116,'菜单管理',1,'com.ruoyi.web.controller.system.SysMenuController.add()','POST',1,'admin','研发部门','/system/menu','127.0.0.1','内网IP','{\"children\":[],\"createBy\":\"admin\",\"icon\":\"edit\",\"isCache\":\"0\",\"isFrame\":\"1\",\"menuName\":\"原料管理\",\"menuType\":\"M\",\"orderNum\":2,\"params\":{},\"parentId\":0,\"path\":\"/material\",\"status\":\"0\",\"visible\":\"0\"}','{\"msg\":\"操作成功\",\"code\":200}',0,NULL,'2025-11-11 15:35:41',25),(117,'菜单管理',1,'com.ruoyi.web.controller.system.SysMenuController.add()','POST',1,'admin','研发部门','/system/menu','127.0.0.1','内网IP','{\"children\":[],\"createBy\":\"admin\",\"icon\":\"chart\",\"isCache\":\"0\",\"isFrame\":\"1\",\"menuName\":\"库存管理\",\"menuType\":\"M\",\"orderNum\":3,\"params\":{},\"parentId\":0,\"path\":\"/stock\",\"status\":\"0\",\"visible\":\"0\"}','{\"msg\":\"操作成功\",\"code\":200}',0,NULL,'2025-11-11 15:36:16',21),(118,'菜单管理',1,'com.ruoyi.web.controller.system.SysMenuController.add()','POST',1,'admin','研发部门','/system/menu','127.0.0.1','内网IP','{\"children\":[],\"createBy\":\"admin\",\"icon\":\"clipboard\",\"isCache\":\"0\",\"isFrame\":\"1\",\"menuName\":\"订单管理\",\"menuType\":\"M\",\"orderNum\":4,\"params\":{},\"parentId\":0,\"path\":\"/order\",\"status\":\"0\",\"visible\":\"0\"}','{\"msg\":\"操作成功\",\"code\":200}',0,NULL,'2025-11-11 15:36:51',26),(119,'菜单管理',1,'com.ruoyi.web.controller.system.SysMenuController.add()','POST',1,'admin','研发部门','/system/menu','127.0.0.1','内网IP','{\"children\":[],\"createBy\":\"admin\",\"icon\":\"shopping\",\"isCache\":\"0\",\"isFrame\":\"1\",\"menuName\":\"采购管理\",\"menuType\":\"M\",\"orderNum\":5,\"params\":{},\"parentId\":0,\"path\":\"/purchase\",\"status\":\"0\",\"visible\":\"0\"}','{\"msg\":\"操作成功\",\"code\":200}',0,NULL,'2025-11-11 16:01:46',21),(120,'菜单管理',1,'com.ruoyi.web.controller.system.SysMenuController.add()','POST',1,'admin','研发部门','/system/menu','127.0.0.1','内网IP','{\"children\":[],\"createBy\":\"admin\",\"icon\":\"build\",\"isCache\":\"0\",\"isFrame\":\"1\",\"menuName\":\"报表分析\",\"menuType\":\"M\",\"orderNum\":6,\"params\":{},\"parentId\":0,\"path\":\"/report\",\"status\":\"0\",\"visible\":\"0\"}','{\"msg\":\"操作成功\",\"code\":200}',0,NULL,'2025-11-11 16:02:22',25),(121,'菜单管理',1,'com.ruoyi.web.controller.system.SysMenuController.add()','POST',1,'admin','研发部门','/system/menu','127.0.0.1','内网IP','{\"children\":[],\"createBy\":\"admin\",\"icon\":\"online\",\"isCache\":\"0\",\"isFrame\":\"1\",\"menuName\":\"大模型智能应用\",\"menuType\":\"M\",\"orderNum\":7,\"params\":{},\"parentId\":0,\"path\":\"/ai\",\"status\":\"0\",\"visible\":\"0\"}','{\"msg\":\"操作成功\",\"code\":200}',0,NULL,'2025-11-11 16:03:35',25),(122,'代码生成',2,'com.ruoyi.generator.controller.GenController.editSave()','PUT',1,'admin','研发部门','/tool/gen','127.0.0.1','内网IP','{\"businessName\":\"info\",\"className\":\"ProductInfo\",\"columns\":[{\"capJavaField\":\"ProductId\",\"columnComment\":\"产品ID\",\"columnId\":87,\"columnName\":\"product_id\",\"columnType\":\"bigint(20)\",\"createBy\":\"admin\",\"createTime\":\"2025-11-11 08:10:57\",\"dictType\":\"\",\"edit\":false,\"htmlType\":\"input\",\"increment\":true,\"insert\":true,\"isIncrement\":\"1\",\"isInsert\":\"1\",\"isPk\":\"1\",\"isRequired\":\"0\",\"javaField\":\"productId\",\"javaType\":\"Long\",\"list\":false,\"params\":{},\"pk\":true,\"query\":false,\"queryType\":\"EQ\",\"required\":false,\"sort\":1,\"superColumn\":false,\"tableId\":10,\"updateBy\":\"\",\"usableColumn\":false},{\"capJavaField\":\"ProductName\",\"columnComment\":\"产品名称\",\"columnId\":88,\"columnName\":\"product_name\",\"columnType\":\"varchar(100)\",\"createBy\":\"admin\",\"createTime\":\"2025-11-11 08:10:57\",\"dictType\":\"\",\"edit\":true,\"htmlType\":\"input\",\"increment\":false,\"insert\":true,\"isEdit\":\"1\",\"isIncrement\":\"0\",\"isInsert\":\"1\",\"isList\":\"1\",\"isPk\":\"0\",\"isQuery\":\"1\",\"isRequired\":\"1\",\"javaField\":\"productName\",\"javaType\":\"String\",\"list\":true,\"params\":{},\"pk\":false,\"query\":true,\"queryType\":\"LIKE\",\"required\":true,\"sort\":2,\"superColumn\":false,\"tableId\":10,\"updateBy\":\"\",\"usableColumn\":false},{\"capJavaField\":\"CategoryId\",\"columnComment\":\"分类ID\",\"columnId\":89,\"columnName\":\"category_id\",\"columnType\":\"bigint(20)\",\"createBy\":\"admin\",\"createTime\":\"2025-11-11 08:10:57\",\"dictType\":\"\",\"edit\":true,\"htmlType\":\"input\",\"increment\":false,\"insert\":true,\"isEdit\":\"1\",\"isIncrement\":\"0\",\"isInsert\":\"1\",\"isList\":\"1\",\"isPk\":\"0\",\"isQuery\":\"1\",\"isRequired\":\"1\",\"javaField\":\"categoryId\",\"javaType\":\"Long\",\"list\":true,\"params\":{},\"pk\":false,\"query\":true,\"queryType\":\"EQ\",\"required\":true,\"sort\":3,\"superColumn\":false,\"tableId\":10,\"updateBy\":\"\",\"usableColumn\":false},{\"capJavaField\":\"Price\",\"columnComment\":\"价格\",\"columnId\":90,\"columnName\":\"price\",\"columnType\":\"decimal(10,2)\",\"createBy\":\"admin\",\"createTime\":\"2025-11-11 08:10:57\",\"dictType\":\"\",\"edit\":true,\"htmlType\":\"input\",\"increment\":false,\"insert\":true,\"isEdit\":\"1\",\"isIncrement\":\"0\",\"isInsert\":\"1\",\"isList\":\"1\",\"isPk\":\"0\",\"is','{\"msg\":\"操作成功\",\"code\":200}',0,NULL,'2025-11-11 20:30:17',170),(123,'代码生成',2,'com.ruoyi.generator.controller.GenController.editSave()','PUT',1,'admin','研发部门','/tool/gen','127.0.0.1','内网IP','{\"businessName\":\"info\",\"className\":\"ProductInfo\",\"columns\":[{\"capJavaField\":\"ProductId\",\"columnComment\":\"产品ID\",\"columnId\":87,\"columnName\":\"product_id\",\"columnType\":\"bigint(20)\",\"createBy\":\"admin\",\"createTime\":\"2025-11-11 08:10:57\",\"dictType\":\"\",\"edit\":false,\"htmlType\":\"input\",\"increment\":true,\"insert\":true,\"isIncrement\":\"1\",\"isInsert\":\"1\",\"isPk\":\"1\",\"isRequired\":\"0\",\"javaField\":\"productId\",\"javaType\":\"Long\",\"list\":false,\"params\":{},\"pk\":true,\"query\":false,\"queryType\":\"EQ\",\"required\":false,\"sort\":1,\"superColumn\":false,\"tableId\":10,\"updateBy\":\"\",\"updateTime\":\"2025-11-11 20:30:17\",\"usableColumn\":false},{\"capJavaField\":\"ProductName\",\"columnComment\":\"产品名称\",\"columnId\":88,\"columnName\":\"product_name\",\"columnType\":\"varchar(100)\",\"createBy\":\"admin\",\"createTime\":\"2025-11-11 08:10:57\",\"dictType\":\"\",\"edit\":true,\"htmlType\":\"input\",\"increment\":false,\"insert\":true,\"isEdit\":\"1\",\"isIncrement\":\"0\",\"isInsert\":\"1\",\"isList\":\"1\",\"isPk\":\"0\",\"isQuery\":\"1\",\"isRequired\":\"1\",\"javaField\":\"productName\",\"javaType\":\"String\",\"list\":true,\"params\":{},\"pk\":false,\"query\":true,\"queryType\":\"LIKE\",\"required\":true,\"sort\":2,\"superColumn\":false,\"tableId\":10,\"updateBy\":\"\",\"updateTime\":\"2025-11-11 20:30:17\",\"usableColumn\":false},{\"capJavaField\":\"CategoryId\",\"columnComment\":\"分类ID\",\"columnId\":89,\"columnName\":\"category_id\",\"columnType\":\"bigint(20)\",\"createBy\":\"admin\",\"createTime\":\"2025-11-11 08:10:57\",\"dictType\":\"\",\"edit\":true,\"htmlType\":\"input\",\"increment\":false,\"insert\":true,\"isEdit\":\"1\",\"isIncrement\":\"0\",\"isInsert\":\"1\",\"isList\":\"1\",\"isPk\":\"0\",\"isQuery\":\"1\",\"isRequired\":\"1\",\"javaField\":\"categoryId\",\"javaType\":\"Long\",\"list\":true,\"params\":{},\"pk\":false,\"query\":true,\"queryType\":\"EQ\",\"required\":true,\"sort\":3,\"superColumn\":false,\"tableId\":10,\"updateBy\":\"\",\"updateTime\":\"2025-11-11 20:30:17\",\"usableColumn\":false},{\"capJavaField\":\"Price\",\"columnComment\":\"价格\",\"columnId\":90,\"columnName\":\"price\",\"columnType\":\"decimal(10,2)\",\"createBy\":\"admin\",\"createTime\":\"2025-11-11 08:10:57\",\"dictType\":\"\",\"edit\":true,\"htmlType\":\"input\",','{\"msg\":\"操作成功\",\"code\":200}',0,NULL,'2025-11-11 20:30:41',45),(124,'代码生成',2,'com.ruoyi.generator.controller.GenController.editSave()','PUT',1,'admin','研发部门','/tool/gen','127.0.0.1','内网IP','{\"businessName\":\"info\",\"className\":\"ProductInfo\",\"columns\":[{\"capJavaField\":\"ProductId\",\"columnComment\":\"产品ID\",\"columnId\":87,\"columnName\":\"product_id\",\"columnType\":\"bigint(20)\",\"createBy\":\"admin\",\"createTime\":\"2025-11-11 08:10:57\",\"dictType\":\"\",\"edit\":false,\"htmlType\":\"input\",\"increment\":true,\"insert\":true,\"isIncrement\":\"1\",\"isInsert\":\"1\",\"isPk\":\"1\",\"isRequired\":\"0\",\"javaField\":\"productId\",\"javaType\":\"Long\",\"list\":false,\"params\":{},\"pk\":true,\"query\":false,\"queryType\":\"EQ\",\"required\":false,\"sort\":1,\"superColumn\":false,\"tableId\":10,\"updateBy\":\"\",\"updateTime\":\"2025-11-11 20:30:41\",\"usableColumn\":false},{\"capJavaField\":\"ProductName\",\"columnComment\":\"产品名称\",\"columnId\":88,\"columnName\":\"product_name\",\"columnType\":\"varchar(100)\",\"createBy\":\"admin\",\"createTime\":\"2025-11-11 08:10:57\",\"dictType\":\"\",\"edit\":true,\"htmlType\":\"input\",\"increment\":false,\"insert\":true,\"isEdit\":\"1\",\"isIncrement\":\"0\",\"isInsert\":\"1\",\"isList\":\"1\",\"isPk\":\"0\",\"isQuery\":\"1\",\"isRequired\":\"1\",\"javaField\":\"productName\",\"javaType\":\"String\",\"list\":true,\"params\":{},\"pk\":false,\"query\":true,\"queryType\":\"LIKE\",\"required\":true,\"sort\":2,\"superColumn\":false,\"tableId\":10,\"updateBy\":\"\",\"updateTime\":\"2025-11-11 20:30:41\",\"usableColumn\":false},{\"capJavaField\":\"CategoryId\",\"columnComment\":\"分类ID\",\"columnId\":89,\"columnName\":\"category_id\",\"columnType\":\"bigint(20)\",\"createBy\":\"admin\",\"createTime\":\"2025-11-11 08:10:57\",\"dictType\":\"\",\"edit\":true,\"htmlType\":\"input\",\"increment\":false,\"insert\":true,\"isEdit\":\"1\",\"isIncrement\":\"0\",\"isInsert\":\"1\",\"isList\":\"1\",\"isPk\":\"0\",\"isQuery\":\"1\",\"isRequired\":\"1\",\"javaField\":\"categoryId\",\"javaType\":\"Long\",\"list\":true,\"params\":{},\"pk\":false,\"query\":true,\"queryType\":\"EQ\",\"required\":true,\"sort\":3,\"superColumn\":false,\"tableId\":10,\"updateBy\":\"\",\"updateTime\":\"2025-11-11 20:30:41\",\"usableColumn\":false},{\"capJavaField\":\"Price\",\"columnComment\":\"价格\",\"columnId\":90,\"columnName\":\"price\",\"columnType\":\"decimal(10,2)\",\"createBy\":\"admin\",\"createTime\":\"2025-11-11 08:10:57\",\"dictType\":\"\",\"edit\":true,\"htmlType\":\"input\",','{\"msg\":\"操作成功\",\"code\":200}',0,NULL,'2025-11-11 20:40:54',41),(125,'代码生成',2,'com.ruoyi.generator.controller.GenController.editSave()','PUT',1,'admin','研发部门','/tool/gen','127.0.0.1','内网IP','{\"businessName\":\"category\",\"className\":\"ProductCategory\",\"columns\":[{\"capJavaField\":\"CategoryId\",\"columnComment\":\"分类ID\",\"columnId\":73,\"columnName\":\"category_id\",\"columnType\":\"bigint(20)\",\"createBy\":\"admin\",\"createTime\":\"2025-11-11 08:10:57\",\"dictType\":\"\",\"edit\":false,\"htmlType\":\"input\",\"increment\":true,\"insert\":true,\"isIncrement\":\"1\",\"isInsert\":\"1\",\"isPk\":\"1\",\"isRequired\":\"0\",\"javaField\":\"categoryId\",\"javaType\":\"Long\",\"list\":false,\"params\":{},\"pk\":true,\"query\":false,\"queryType\":\"EQ\",\"required\":false,\"sort\":1,\"superColumn\":false,\"tableId\":8,\"updateBy\":\"\",\"updateTime\":\"2025-11-11 09:35:28\",\"usableColumn\":false},{\"capJavaField\":\"CategoryName\",\"columnComment\":\"分类名称\",\"columnId\":74,\"columnName\":\"category_name\",\"columnType\":\"varchar(50)\",\"createBy\":\"admin\",\"createTime\":\"2025-11-11 08:10:57\",\"dictType\":\"\",\"edit\":true,\"htmlType\":\"input\",\"increment\":false,\"insert\":true,\"isEdit\":\"1\",\"isIncrement\":\"0\",\"isInsert\":\"1\",\"isList\":\"1\",\"isPk\":\"0\",\"isQuery\":\"1\",\"isRequired\":\"1\",\"javaField\":\"categoryName\",\"javaType\":\"String\",\"list\":true,\"params\":{},\"pk\":false,\"query\":true,\"queryType\":\"LIKE\",\"required\":true,\"sort\":2,\"superColumn\":false,\"tableId\":8,\"updateBy\":\"\",\"updateTime\":\"2025-11-11 09:35:28\",\"usableColumn\":false},{\"capJavaField\":\"ParentId\",\"columnComment\":\"父分类ID\",\"columnId\":75,\"columnName\":\"parent_id\",\"columnType\":\"bigint(20)\",\"createBy\":\"admin\",\"createTime\":\"2025-11-11 08:10:57\",\"dictType\":\"\",\"edit\":true,\"htmlType\":\"input\",\"increment\":false,\"insert\":true,\"isEdit\":\"1\",\"isIncrement\":\"0\",\"isInsert\":\"1\",\"isList\":\"1\",\"isPk\":\"0\",\"isQuery\":\"1\",\"isRequired\":\"0\",\"javaField\":\"parentId\",\"javaType\":\"Long\",\"list\":true,\"params\":{},\"pk\":false,\"query\":true,\"queryType\":\"EQ\",\"required\":false,\"sort\":3,\"superColumn\":true,\"tableId\":8,\"updateBy\":\"\",\"updateTime\":\"2025-11-11 09:35:28\",\"usableColumn\":true},{\"capJavaField\":\"OrderNum\",\"columnComment\":\"显示顺序\",\"columnId\":76,\"columnName\":\"order_num\",\"columnType\":\"int(11)\",\"createBy\":\"admin\",\"createTime\":\"2025-11-11 08:10:57\",\"dictType\":\"\",\"edit\":true,\"htmlType\":\"','{\"msg\":\"操作成功\",\"code\":200}',0,NULL,'2025-11-11 20:50:03',23),(126,'代码生成',2,'com.ruoyi.generator.controller.GenController.editSave()','PUT',1,'admin','研发部门','/tool/gen','127.0.0.1','内网IP','{\"businessName\":\"info\",\"className\":\"ProductInfo\",\"columns\":[{\"capJavaField\":\"ProductId\",\"columnComment\":\"产品ID\",\"columnId\":87,\"columnName\":\"product_id\",\"columnType\":\"bigint(20)\",\"createBy\":\"admin\",\"createTime\":\"2025-11-11 08:10:57\",\"dictType\":\"\",\"edit\":false,\"htmlType\":\"input\",\"increment\":true,\"insert\":true,\"isIncrement\":\"1\",\"isInsert\":\"1\",\"isPk\":\"1\",\"isRequired\":\"0\",\"javaField\":\"productId\",\"javaType\":\"Long\",\"list\":false,\"params\":{},\"pk\":true,\"query\":false,\"queryType\":\"EQ\",\"required\":false,\"sort\":1,\"superColumn\":false,\"tableId\":10,\"updateBy\":\"\",\"updateTime\":\"2025-11-11 20:40:53\",\"usableColumn\":false},{\"capJavaField\":\"ProductName\",\"columnComment\":\"产品名称\",\"columnId\":88,\"columnName\":\"product_name\",\"columnType\":\"varchar(100)\",\"createBy\":\"admin\",\"createTime\":\"2025-11-11 08:10:57\",\"dictType\":\"\",\"edit\":true,\"htmlType\":\"input\",\"increment\":false,\"insert\":true,\"isEdit\":\"1\",\"isIncrement\":\"0\",\"isInsert\":\"1\",\"isList\":\"1\",\"isPk\":\"0\",\"isQuery\":\"1\",\"isRequired\":\"1\",\"javaField\":\"productName\",\"javaType\":\"String\",\"list\":true,\"params\":{},\"pk\":false,\"query\":true,\"queryType\":\"LIKE\",\"required\":true,\"sort\":2,\"superColumn\":false,\"tableId\":10,\"updateBy\":\"\",\"updateTime\":\"2025-11-11 20:40:53\",\"usableColumn\":false},{\"capJavaField\":\"CategoryId\",\"columnComment\":\"分类ID\",\"columnId\":89,\"columnName\":\"category_id\",\"columnType\":\"bigint(20)\",\"createBy\":\"admin\",\"createTime\":\"2025-11-11 08:10:57\",\"dictType\":\"\",\"edit\":true,\"htmlType\":\"input\",\"increment\":false,\"insert\":true,\"isEdit\":\"1\",\"isIncrement\":\"0\",\"isInsert\":\"1\",\"isList\":\"1\",\"isPk\":\"0\",\"isQuery\":\"1\",\"isRequired\":\"1\",\"javaField\":\"categoryId\",\"javaType\":\"Long\",\"list\":true,\"params\":{},\"pk\":false,\"query\":true,\"queryType\":\"EQ\",\"required\":true,\"sort\":3,\"superColumn\":false,\"tableId\":10,\"updateBy\":\"\",\"updateTime\":\"2025-11-11 20:40:53\",\"usableColumn\":false},{\"capJavaField\":\"Price\",\"columnComment\":\"价格\",\"columnId\":90,\"columnName\":\"price\",\"columnType\":\"decimal(10,2)\",\"createBy\":\"admin\",\"createTime\":\"2025-11-11 08:10:57\",\"dictType\":\"\",\"edit\":true,\"htmlType\":\"input\",','{\"msg\":\"操作成功\",\"code\":200}',0,NULL,'2025-11-11 20:50:11',26),(127,'代码生成',8,'com.ruoyi.generator.controller.GenController.batchGenCode()','GET',1,'admin','研发部门','/tool/gen/batchGenCode','127.0.0.1','内网IP','{\"tables\":\"product_category\"}',NULL,0,NULL,'2025-11-11 20:50:17',164),(128,'产品分类',2,'com.ruoyi.product.controller.ProductCategoryController.edit()','PUT',1,'admin','研发部门','/product/category','127.0.0.1','内网IP','{\"categoryId\":1001,\"categoryName\":\"经典奶茶\",\"children\":[],\"createTime\":\"2025-11-10 21:32:12\",\"orderNum\":1,\"params\":{},\"parentId\":1001,\"status\":1,\"updateTime\":\"2025-11-11 21:36:58\"}','{\"msg\":\"操作成功\",\"code\":200}',0,NULL,'2025-11-11 21:36:58',23),(129,'产品分类',1,'com.ruoyi.product.controller.ProductCategoryController.add()','POST',1,'admin','研发部门','/product/category','127.0.0.1','内网IP','{\"categoryId\":1011,\"categoryName\":\"奶盖茉莉\",\"children\":[],\"createTime\":\"2025-11-11 21:37:37\",\"orderNum\":1,\"params\":{},\"parentId\":1003}','{\"msg\":\"操作成功\",\"code\":200}',0,NULL,'2025-11-11 21:37:37',11),(130,'代码生成',2,'com.ruoyi.generator.controller.GenController.editSave()','PUT',1,'admin','研发部门','/tool/gen','127.0.0.1','内网IP','{\"businessName\":\"formula\",\"className\":\"ProductFormula\",\"columns\":[{\"capJavaField\":\"FormulaId\",\"columnComment\":\"配方ID\",\"columnId\":80,\"columnName\":\"formula_id\",\"columnType\":\"bigint(20)\",\"createBy\":\"admin\",\"createTime\":\"2025-11-11 08:10:57\",\"dictType\":\"\",\"edit\":false,\"htmlType\":\"input\",\"increment\":true,\"insert\":true,\"isIncrement\":\"1\",\"isInsert\":\"1\",\"isPk\":\"1\",\"isRequired\":\"0\",\"javaField\":\"formulaId\",\"javaType\":\"Long\",\"list\":false,\"params\":{},\"pk\":true,\"query\":false,\"queryType\":\"EQ\",\"required\":false,\"sort\":1,\"superColumn\":false,\"tableId\":9,\"updateBy\":\"\",\"usableColumn\":false},{\"capJavaField\":\"ProductId\",\"columnComment\":\"产品ID\",\"columnId\":81,\"columnName\":\"product_id\",\"columnType\":\"bigint(20)\",\"createBy\":\"admin\",\"createTime\":\"2025-11-11 08:10:57\",\"dictType\":\"\",\"edit\":true,\"htmlType\":\"input\",\"increment\":false,\"insert\":true,\"isEdit\":\"1\",\"isIncrement\":\"0\",\"isInsert\":\"1\",\"isList\":\"1\",\"isPk\":\"0\",\"isQuery\":\"1\",\"isRequired\":\"1\",\"javaField\":\"productId\",\"javaType\":\"Long\",\"list\":true,\"params\":{},\"pk\":false,\"query\":true,\"queryType\":\"EQ\",\"required\":true,\"sort\":2,\"superColumn\":false,\"tableId\":9,\"updateBy\":\"\",\"usableColumn\":false},{\"capJavaField\":\"MaterialId\",\"columnComment\":\"原料ID\",\"columnId\":82,\"columnName\":\"material_id\",\"columnType\":\"bigint(20)\",\"createBy\":\"admin\",\"createTime\":\"2025-11-11 08:10:57\",\"dictType\":\"\",\"edit\":true,\"htmlType\":\"input\",\"increment\":false,\"insert\":true,\"isEdit\":\"1\",\"isIncrement\":\"0\",\"isInsert\":\"1\",\"isList\":\"1\",\"isPk\":\"0\",\"isQuery\":\"1\",\"isRequired\":\"1\",\"javaField\":\"materialId\",\"javaType\":\"Long\",\"list\":true,\"params\":{},\"pk\":false,\"query\":true,\"queryType\":\"EQ\",\"required\":true,\"sort\":3,\"superColumn\":false,\"tableId\":9,\"updateBy\":\"\",\"usableColumn\":false},{\"capJavaField\":\"Quantity\",\"columnComment\":\"用量\",\"columnId\":83,\"columnName\":\"quantity\",\"columnType\":\"decimal(10,4)\",\"createBy\":\"admin\",\"createTime\":\"2025-11-11 08:10:57\",\"dictType\":\"\",\"edit\":true,\"htmlType\":\"input\",\"increment\":false,\"insert\":true,\"isEdit\":\"1\",\"isIncrement\":\"0\",\"isInsert\":\"1\",\"isList\":\"1\",\"isPk\":\"0\",\"isQue','{\"msg\":\"操作成功\",\"code\":200}',0,NULL,'2025-11-11 22:44:35',136),(131,'代码生成',2,'com.ruoyi.generator.controller.GenController.editSave()','PUT',1,'admin','研发部门','/tool/gen','127.0.0.1','内网IP','{\"businessName\":\"attribute\",\"className\":\"ProductAttribute\",\"columns\":[{\"capJavaField\":\"AttributeId\",\"columnComment\":\"属性ID\",\"columnId\":67,\"columnName\":\"attribute_id\",\"columnType\":\"bigint(20)\",\"createBy\":\"admin\",\"createTime\":\"2025-11-11 08:10:57\",\"dictType\":\"\",\"edit\":false,\"htmlType\":\"input\",\"increment\":true,\"insert\":true,\"isIncrement\":\"1\",\"isInsert\":\"1\",\"isPk\":\"1\",\"isRequired\":\"0\",\"javaField\":\"attributeId\",\"javaType\":\"Long\",\"list\":false,\"params\":{},\"pk\":true,\"query\":false,\"queryType\":\"EQ\",\"required\":false,\"sort\":1,\"superColumn\":false,\"tableId\":7,\"updateBy\":\"\",\"usableColumn\":false},{\"capJavaField\":\"AttributeName\",\"columnComment\":\"属性名称\",\"columnId\":68,\"columnName\":\"attribute_name\",\"columnType\":\"varchar(50)\",\"createBy\":\"admin\",\"createTime\":\"2025-11-11 08:10:57\",\"dictType\":\"\",\"edit\":true,\"htmlType\":\"input\",\"increment\":false,\"insert\":true,\"isEdit\":\"1\",\"isIncrement\":\"0\",\"isInsert\":\"1\",\"isList\":\"1\",\"isPk\":\"0\",\"isQuery\":\"1\",\"isRequired\":\"1\",\"javaField\":\"attributeName\",\"javaType\":\"String\",\"list\":true,\"params\":{},\"pk\":false,\"query\":true,\"queryType\":\"LIKE\",\"required\":true,\"sort\":2,\"superColumn\":false,\"tableId\":7,\"updateBy\":\"\",\"usableColumn\":false},{\"capJavaField\":\"AttributeValue\",\"columnComment\":\"属性值(JSON格式)\",\"columnId\":69,\"columnName\":\"attribute_value\",\"columnType\":\"varchar(255)\",\"createBy\":\"admin\",\"createTime\":\"2025-11-11 08:10:57\",\"dictType\":\"\",\"edit\":true,\"htmlType\":\"input\",\"increment\":false,\"insert\":true,\"isEdit\":\"1\",\"isIncrement\":\"0\",\"isInsert\":\"1\",\"isList\":\"1\",\"isPk\":\"0\",\"isQuery\":\"1\",\"isRequired\":\"1\",\"javaField\":\"attributeValue\",\"javaType\":\"String\",\"list\":true,\"params\":{},\"pk\":false,\"query\":true,\"queryType\":\"EQ\",\"required\":true,\"sort\":3,\"superColumn\":false,\"tableId\":7,\"updateBy\":\"\",\"usableColumn\":false},{\"capJavaField\":\"ProductId\",\"columnComment\":\"产品ID\",\"columnId\":70,\"columnName\":\"product_id\",\"columnType\":\"bigint(20)\",\"createBy\":\"admin\",\"createTime\":\"2025-11-11 08:10:57\",\"dictType\":\"\",\"edit\":true,\"htmlType\":\"input\",\"increment\":false,\"insert\":true,\"isEdit\":\"1\",\"isIncremen','{\"msg\":\"操作成功\",\"code\":200}',0,NULL,'2025-11-11 22:45:56',36),(132,'代码生成',8,'com.ruoyi.generator.controller.GenController.batchGenCode()','GET',1,'admin','研发部门','/tool/gen/batchGenCode','127.0.0.1','内网IP','{\"tables\":\"product_info\"}',NULL,0,NULL,'2025-11-11 22:46:08',510),(133,'代码生成',8,'com.ruoyi.generator.controller.GenController.batchGenCode()','GET',1,'admin','研发部门','/tool/gen/batchGenCode','127.0.0.1','内网IP','{\"tables\":\"product_attribute,product_info,product_formula\"}',NULL,0,NULL,'2025-11-11 22:48:04',204),(134,'菜单管理',2,'com.ruoyi.web.controller.system.SysMenuController.edit()','PUT',1,'admin','研发部门','/system/menu','127.0.0.1','内网IP','{\"children\":[],\"component\":\"product/attribute/index\",\"createTime\":\"2025-11-11 23:22:19\",\"icon\":\"#\",\"isCache\":\"0\",\"isFrame\":\"1\",\"menuId\":2014,\"menuName\":\"产品属性\",\"menuType\":\"C\",\"orderNum\":1,\"params\":{},\"parentId\":2026,\"path\":\"attribute\",\"perms\":\"product:attribute:list\",\"routeName\":\"\",\"status\":\"0\",\"updateBy\":\"admin\",\"visible\":\"0\"}','{\"msg\":\"操作成功\",\"code\":200}',0,NULL,'2025-11-12 07:23:36',37),(135,'菜单管理',2,'com.ruoyi.web.controller.system.SysMenuController.edit()','PUT',1,'admin','研发部门','/system/menu','127.0.0.1','内网IP','{\"children\":[],\"component\":\"product/formula/index\",\"createTime\":\"2025-11-11 23:22:20\",\"icon\":\"#\",\"isCache\":\"0\",\"isFrame\":\"1\",\"menuId\":2020,\"menuName\":\"产品配方\",\"menuType\":\"C\",\"orderNum\":2,\"params\":{},\"parentId\":2026,\"path\":\"formula\",\"perms\":\"product:formula:list\",\"routeName\":\"\",\"status\":\"0\",\"updateBy\":\"admin\",\"visible\":\"0\"}','{\"msg\":\"操作成功\",\"code\":200}',0,NULL,'2025-11-12 07:23:52',10),(136,'菜单管理',2,'com.ruoyi.web.controller.system.SysMenuController.edit()','PUT',1,'admin','研发部门','/system/menu','127.0.0.1','内网IP','{\"children\":[],\"component\":\"product/attribute/index\",\"createTime\":\"2025-11-11 23:22:19\",\"icon\":\"#\",\"isCache\":\"0\",\"isFrame\":\"1\",\"menuId\":2014,\"menuName\":\"产品属性\",\"menuType\":\"C\",\"orderNum\":1,\"params\":{},\"parentId\":0,\"path\":\"attribute\",\"perms\":\"product:attribute:list\",\"routeName\":\"\",\"status\":\"0\",\"updateBy\":\"admin\",\"visible\":\"0\"}','{\"msg\":\"操作成功\",\"code\":200}',0,NULL,'2025-11-12 07:29:30',29),(137,'菜单管理',2,'com.ruoyi.web.controller.system.SysMenuController.edit()','PUT',1,'admin','研发部门','/system/menu','127.0.0.1','内网IP','{\"children\":[],\"component\":\"product/attribute/index\",\"createTime\":\"2025-11-11 23:22:19\",\"icon\":\"#\",\"isCache\":\"0\",\"isFrame\":\"1\",\"menuId\":2014,\"menuName\":\"产品属性\",\"menuType\":\"C\",\"orderNum\":1,\"params\":{},\"parentId\":2000,\"path\":\"attribute\",\"perms\":\"product:attribute:list\",\"routeName\":\"\",\"status\":\"0\",\"updateBy\":\"admin\",\"visible\":\"0\"}','{\"msg\":\"操作成功\",\"code\":200}',0,NULL,'2025-11-12 07:29:54',17),(138,'菜单管理',2,'com.ruoyi.web.controller.system.SysMenuController.edit()','PUT',1,'admin','研发部门','/system/menu','127.0.0.1','内网IP','{\"children\":[],\"component\":\"product/formula/index\",\"createTime\":\"2025-11-11 23:22:20\",\"icon\":\"#\",\"isCache\":\"0\",\"isFrame\":\"1\",\"menuId\":2020,\"menuName\":\"产品配方\",\"menuType\":\"C\",\"orderNum\":2,\"params\":{},\"parentId\":2000,\"path\":\"formula\",\"perms\":\"product:formula:list\",\"routeName\":\"\",\"status\":\"0\",\"updateBy\":\"admin\",\"visible\":\"0\"}','{\"msg\":\"操作成功\",\"code\":200}',0,NULL,'2025-11-12 07:30:07',12),(139,'菜单管理',2,'com.ruoyi.web.controller.system.SysMenuController.edit()','PUT',1,'admin','研发部门','/system/menu','127.0.0.1','内网IP','{\"children\":[],\"component\":\"product/info/index\",\"createTime\":\"2025-11-11 23:22:20\",\"icon\":\"#\",\"isCache\":\"0\",\"isFrame\":\"1\",\"menuId\":2026,\"menuName\":\"产品信息\",\"menuType\":\"C\",\"orderNum\":0,\"params\":{},\"parentId\":2000,\"path\":\"info\",\"perms\":\"product:info:list\",\"routeName\":\"\",\"status\":\"0\",\"updateBy\":\"admin\",\"visible\":\"0\"}','{\"msg\":\"操作成功\",\"code\":200}',0,NULL,'2025-11-12 07:30:42',12),(140,'菜单管理',2,'com.ruoyi.web.controller.system.SysMenuController.edit()','PUT',1,'admin','研发部门','/system/menu','127.0.0.1','内网IP','{\"children\":[],\"component\":\"product/attribute/index\",\"createTime\":\"2025-11-11 23:22:19\",\"icon\":\"#\",\"isCache\":\"0\",\"isFrame\":\"1\",\"menuId\":2014,\"menuName\":\"产品属性\",\"menuType\":\"C\",\"orderNum\":2,\"params\":{},\"parentId\":2000,\"path\":\"attribute\",\"perms\":\"product:attribute:list\",\"routeName\":\"\",\"status\":\"0\",\"updateBy\":\"admin\",\"visible\":\"0\"}','{\"msg\":\"操作成功\",\"code\":200}',0,NULL,'2025-11-12 07:30:52',11),(141,'产品分类',1,'com.ruoyi.product.controller.ProductCategoryController.add()','POST',1,'admin','研发部门','/product/category','127.0.0.1','内网IP','{\"categoryId\":1012,\"categoryName\":\"1\",\"children\":[],\"createTime\":\"2025-11-12 14:40:41\",\"params\":{},\"parentId\":1002}','{\"msg\":\"操作成功\",\"code\":200}',0,NULL,'2025-11-12 14:40:41',23),(142,'产品分类',2,'com.ruoyi.product.controller.ProductCategoryController.edit()','PUT',1,'admin','研发部门','/product/category','127.0.0.1','内网IP','{\"categoryId\":1012,\"categoryName\":\"1\",\"children\":[],\"createTime\":\"2025-11-12 14:40:41\",\"orderNum\":0,\"params\":{},\"parentId\":1002,\"status\":0,\"updateTime\":\"2025-11-12 16:27:25\"}','{\"msg\":\"操作成功\",\"code\":200}',0,NULL,'2025-11-12 16:27:25',79),(143,'产品分类',2,'com.ruoyi.product.controller.ProductCategoryController.edit()','PUT',1,'admin','研发部门','/product/category','127.0.0.1','内网IP','{\"categoryId\":1002,\"categoryName\":\"果茶系列\",\"children\":[],\"createTime\":\"2025-11-10 21:32:12\",\"orderNum\":2,\"params\":{},\"parentId\":0,\"status\":1,\"updateTime\":\"2025-11-12 16:27:32\"}','{\"msg\":\"操作成功\",\"code\":200}',0,NULL,'2025-11-12 16:27:32',16),(144,'产品分类',1,'com.ruoyi.product.controller.ProductCategoryController.add()','POST',1,'admin','研发部门','/product/category','127.0.0.1','内网IP','{\"categoryId\":1013,\"categoryName\":\"111\",\"children\":[],\"createTime\":\"2025-11-12 16:50:43\",\"params\":{},\"parentId\":0,\"status\":0}','{\"msg\":\"操作成功\",\"code\":200}',0,NULL,'2025-11-12 16:50:43',65),(145,'产品分类',2,'com.ruoyi.product.controller.ProductCategoryController.edit()','PUT',1,'admin','研发部门','/product/category','127.0.0.1','内网IP','{\"categoryId\":1002,\"categoryName\":\"果茶系列\",\"children\":[{\"createTime\":\"2025-11-12 14:40:41\",\"updateTime\":\"2025-11-12 16:27:25\",\"parentId\":1002,\"orderNum\":0,\"children\":[],\"categoryId\":1012,\"categoryName\":\"1\",\"status\":0}],\"createTime\":\"2025-11-10 21:32:12\",\"orderNum\":2,\"params\":{},\"parentId\":0,\"status\":0,\"updateTime\":\"2025-11-12 17:19:35\"}','{\"msg\":\"操作成功\",\"code\":200}',0,NULL,'2025-11-12 17:19:35',29),(146,'产品分类',1,'com.ruoyi.product.controller.ProductCategoryController.add()','POST',1,'admin','研发部门','/product/category','127.0.0.1','内网IP','{\"categoryId\":1014,\"categoryName\":\"糕点\",\"children\":[],\"createTime\":\"2025-11-12 17:27:07\",\"params\":{},\"parentId\":1008,\"status\":0}','{\"msg\":\"操作成功\",\"code\":200}',0,NULL,'2025-11-12 17:27:07',17),(147,'代码生成',2,'com.ruoyi.generator.controller.GenController.editSave()','PUT',1,'admin','研发部门','/tool/gen','127.0.0.1','内网IP','{\"businessName\":\"info\",\"className\":\"ProductInfo\",\"columns\":[{\"capJavaField\":\"ProductId\",\"columnComment\":\"产品ID\",\"columnId\":87,\"columnName\":\"product_id\",\"columnType\":\"bigint(20)\",\"createBy\":\"admin\",\"createTime\":\"2025-11-11 08:10:57\",\"dictType\":\"\",\"edit\":false,\"htmlType\":\"input\",\"increment\":true,\"insert\":true,\"isIncrement\":\"1\",\"isInsert\":\"1\",\"isPk\":\"1\",\"isRequired\":\"0\",\"javaField\":\"productId\",\"javaType\":\"Long\",\"list\":false,\"params\":{},\"pk\":true,\"query\":false,\"queryType\":\"EQ\",\"required\":false,\"sort\":1,\"superColumn\":false,\"tableId\":10,\"updateBy\":\"\",\"updateTime\":\"2025-11-11 20:50:11\",\"usableColumn\":false},{\"capJavaField\":\"ProductName\",\"columnComment\":\"产品名称\",\"columnId\":88,\"columnName\":\"product_name\",\"columnType\":\"varchar(100)\",\"createBy\":\"admin\",\"createTime\":\"2025-11-11 08:10:57\",\"dictType\":\"\",\"edit\":true,\"htmlType\":\"input\",\"increment\":false,\"insert\":true,\"isEdit\":\"1\",\"isIncrement\":\"0\",\"isInsert\":\"1\",\"isList\":\"1\",\"isPk\":\"0\",\"isQuery\":\"1\",\"isRequired\":\"1\",\"javaField\":\"productName\",\"javaType\":\"String\",\"list\":true,\"params\":{},\"pk\":false,\"query\":true,\"queryType\":\"LIKE\",\"required\":true,\"sort\":2,\"superColumn\":false,\"tableId\":10,\"updateBy\":\"\",\"updateTime\":\"2025-11-11 20:50:11\",\"usableColumn\":false},{\"capJavaField\":\"CategoryId\",\"columnComment\":\"分类ID\",\"columnId\":89,\"columnName\":\"category_id\",\"columnType\":\"bigint(20)\",\"createBy\":\"admin\",\"createTime\":\"2025-11-11 08:10:57\",\"dictType\":\"\",\"edit\":true,\"htmlType\":\"input\",\"increment\":false,\"insert\":true,\"isEdit\":\"1\",\"isIncrement\":\"0\",\"isInsert\":\"1\",\"isList\":\"1\",\"isPk\":\"0\",\"isQuery\":\"0\",\"isRequired\":\"1\",\"javaField\":\"categoryId\",\"javaType\":\"Long\",\"list\":true,\"params\":{},\"pk\":false,\"query\":false,\"queryType\":\"EQ\",\"required\":true,\"sort\":3,\"superColumn\":false,\"tableId\":10,\"updateBy\":\"\",\"updateTime\":\"2025-11-11 20:50:11\",\"usableColumn\":false},{\"capJavaField\":\"Price\",\"columnComment\":\"价格\",\"columnId\":90,\"columnName\":\"price\",\"columnType\":\"decimal(10,2)\",\"createBy\":\"admin\",\"createTime\":\"2025-11-11 08:10:57\",\"dictType\":\"\",\"edit\":true,\"htmlType\":\"input\"','{\"msg\":\"操作成功\",\"code\":200}',0,NULL,'2025-11-12 17:38:25',243),(148,'代码生成',8,'com.ruoyi.generator.controller.GenController.batchGenCode()','GET',1,'admin','研发部门','/tool/gen/batchGenCode','127.0.0.1','内网IP','{\"tables\":\"product_info\"}',NULL,0,NULL,'2025-11-12 17:38:31',1068),(149,'代码生成',2,'com.ruoyi.generator.controller.GenController.editSave()','PUT',1,'admin','研发部门','/tool/gen','127.0.0.1','内网IP','{\"businessName\":\"info\",\"className\":\"ProductInfo\",\"columns\":[{\"capJavaField\":\"ProductId\",\"columnComment\":\"产品ID\",\"columnId\":87,\"columnName\":\"product_id\",\"columnType\":\"bigint(20)\",\"createBy\":\"admin\",\"createTime\":\"2025-11-11 08:10:57\",\"dictType\":\"\",\"edit\":false,\"htmlType\":\"input\",\"increment\":true,\"insert\":true,\"isIncrement\":\"1\",\"isInsert\":\"1\",\"isPk\":\"1\",\"isRequired\":\"0\",\"javaField\":\"productId\",\"javaType\":\"Long\",\"list\":false,\"params\":{},\"pk\":true,\"query\":false,\"queryType\":\"EQ\",\"required\":false,\"sort\":1,\"superColumn\":false,\"tableId\":10,\"updateBy\":\"\",\"updateTime\":\"2025-11-12 17:38:25\",\"usableColumn\":false},{\"capJavaField\":\"ProductName\",\"columnComment\":\"产品名称\",\"columnId\":88,\"columnName\":\"product_name\",\"columnType\":\"varchar(100)\",\"createBy\":\"admin\",\"createTime\":\"2025-11-11 08:10:57\",\"dictType\":\"\",\"edit\":true,\"htmlType\":\"input\",\"increment\":false,\"insert\":true,\"isEdit\":\"1\",\"isIncrement\":\"0\",\"isInsert\":\"1\",\"isList\":\"1\",\"isPk\":\"0\",\"isQuery\":\"1\",\"isRequired\":\"1\",\"javaField\":\"productName\",\"javaType\":\"String\",\"list\":true,\"params\":{},\"pk\":false,\"query\":true,\"queryType\":\"LIKE\",\"required\":true,\"sort\":2,\"superColumn\":false,\"tableId\":10,\"updateBy\":\"\",\"updateTime\":\"2025-11-12 17:38:25\",\"usableColumn\":false},{\"capJavaField\":\"CategoryId\",\"columnComment\":\"分类ID\",\"columnId\":89,\"columnName\":\"category_id\",\"columnType\":\"bigint(20)\",\"createBy\":\"admin\",\"createTime\":\"2025-11-11 08:10:57\",\"dictType\":\"\",\"edit\":true,\"htmlType\":\"input\",\"increment\":false,\"insert\":true,\"isEdit\":\"1\",\"isIncrement\":\"0\",\"isInsert\":\"1\",\"isList\":\"1\",\"isPk\":\"0\",\"isQuery\":\"0\",\"isRequired\":\"1\",\"javaField\":\"categoryId\",\"javaType\":\"Long\",\"list\":true,\"params\":{},\"pk\":false,\"query\":false,\"queryType\":\"EQ\",\"required\":true,\"sort\":3,\"superColumn\":false,\"tableId\":10,\"updateBy\":\"\",\"updateTime\":\"2025-11-12 17:38:25\",\"usableColumn\":false},{\"capJavaField\":\"Price\",\"columnComment\":\"价格\",\"columnId\":90,\"columnName\":\"price\",\"columnType\":\"decimal(10,2)\",\"createBy\":\"admin\",\"createTime\":\"2025-11-11 08:10:57\",\"dictType\":\"\",\"edit\":true,\"htmlType\":\"input\"','{\"msg\":\"操作成功\",\"code\":200}',0,NULL,'2025-11-12 17:49:01',125),(150,'代码生成',8,'com.ruoyi.generator.controller.GenController.batchGenCode()','GET',1,'admin','研发部门','/tool/gen/batchGenCode','127.0.0.1','内网IP','{\"tables\":\"product_info\"}',NULL,0,NULL,'2025-11-12 17:49:27',335),(151,'产品信息',1,'com.ruoyi.product.controller.ProductInfoController.add()','POST',1,'admin','研发部门','/product/info','127.0.0.1','内网IP','{\"categoryId\":1001,\"createTime\":\"2025-11-12 23:20:01\",\"imageUrl\":\"/profile/upload/2025/11/12/ingredient _20251112231926A001.png\",\"isHot\":0,\"params\":{},\"price\":28,\"productFormulaList\":[{\"params\":{},\"productId\":1011,\"unit\":\"\"}],\"productId\":1011,\"productName\":\"原味水牛奶\"}',NULL,1,'\r\n### Error updating database.  Cause: java.sql.SQLIntegrityConstraintViolationException: Column \'material_id\' cannot be null\r\n### The error may exist in file [D:\\workspace\\idea\\MTOI\\ruoyi-product\\target\\classes\\mapper\\product\\ProductInfoMapper.xml]\r\n### The error may involve defaultParameterMap\r\n### The error occurred while setting parameters\r\n### SQL: insert into product_formula( formula_id, product_id, material_id, quantity, unit, create_time, update_time) values                        ( ?, ?, ?, ?, ?, ?, ?)\r\n### Cause: java.sql.SQLIntegrityConstraintViolationException: Column \'material_id\' cannot be null\n; Column \'material_id\' cannot be null; nested exception is java.sql.SQLIntegrityConstraintViolationException: Column \'material_id\' cannot be null','2025-11-12 23:20:02',136),(152,'产品信息',1,'com.ruoyi.product.controller.ProductInfoController.add()','POST',1,'admin','研发部门','/product/info','127.0.0.1','内网IP','{\"categoryId\":1001,\"createTime\":\"2025-11-12 23:20:06\",\"imageUrl\":\"/profile/upload/2025/11/12/ingredient _20251112231926A001.png\",\"isHot\":0,\"params\":{},\"price\":28,\"productFormulaList\":[],\"productId\":1012,\"productName\":\"原味水牛奶\"}','{\"msg\":\"操作成功\",\"code\":200}',0,NULL,'2025-11-12 23:20:06',19),(153,'产品信息',1,'com.ruoyi.product.controller.ProductInfoController.add()','POST',1,'admin','研发部门','/product/info','127.0.0.1','内网IP','{\"categoryId\":1001,\"createTime\":\"2025-11-12 23:56:33\",\"imageUrl\":\"/profile/upload/2025/11/12/milkyTea2_20251112235445A001.png\",\"params\":{},\"price\":12,\"productFormulaList\":[{\"materialId\":1,\"params\":{},\"productId\":1013,\"quantity\":1,\"unit\":\"\"}],\"productId\":1013,\"productName\":\"固体杨枝甘露\"}',NULL,1,'\r\n### Error updating database.  Cause: java.sql.SQLIntegrityConstraintViolationException: Column \'create_time\' cannot be null\r\n### The error may exist in file [D:\\workspace\\idea\\MTOI\\ruoyi-product\\target\\classes\\mapper\\product\\ProductInfoMapper.xml]\r\n### The error may involve defaultParameterMap\r\n### The error occurred while setting parameters\r\n### SQL: insert into product_formula( formula_id, product_id, material_id, quantity, unit, create_time, update_time) values                        ( ?, ?, ?, ?, ?, ?, ?)\r\n### Cause: java.sql.SQLIntegrityConstraintViolationException: Column \'create_time\' cannot be null\n; Column \'create_time\' cannot be null; nested exception is java.sql.SQLIntegrityConstraintViolationException: Column \'create_time\' cannot be null','2025-11-12 23:56:33',288),(154,'产品信息',1,'com.ruoyi.product.controller.ProductInfoController.add()','POST',1,'admin','研发部门','/product/info','127.0.0.1','内网IP','{\"categoryId\":1001,\"createTime\":\"2025-11-12 23:56:41\",\"imageUrl\":\"/profile/upload/2025/11/12/milkyTea2_20251112235445A001.png\",\"params\":{},\"price\":12,\"productFormulaList\":[],\"productId\":1014,\"productName\":\"固体杨枝甘露\"}','{\"msg\":\"操作成功\",\"code\":200}',0,NULL,'2025-11-12 23:56:41',23),(155,'产品信息',3,'com.ruoyi.product.controller.ProductInfoController.remove()','DELETE',1,'admin','研发部门','/product/info/1001','127.0.0.1','内网IP','[1001]',NULL,1,'\r\n### Error updating database.  Cause: java.sql.SQLIntegrityConstraintViolationException: Cannot delete or update a parent row: a foreign key constraint fails (`mtoi`.`order_detail`, CONSTRAINT `fk_detail_product` FOREIGN KEY (`product_id`) REFERENCES `product_info` (`product_id`))\r\n### The error may exist in file [D:\\workspace\\idea\\MTOI\\ruoyi-product\\target\\classes\\mapper\\product\\ProductInfoMapper.xml]\r\n### The error may involve com.ruoyi.product.mapper.ProductInfoMapper.deleteProductInfoByProductIds-Inline\r\n### The error occurred while setting parameters\r\n### SQL: delete from product_info where product_id in           (               ?          )\r\n### Cause: java.sql.SQLIntegrityConstraintViolationException: Cannot delete or update a parent row: a foreign key constraint fails (`mtoi`.`order_detail`, CONSTRAINT `fk_detail_product` FOREIGN KEY (`product_id`) REFERENCES `product_info` (`product_id`))\n; Cannot delete or update a parent row: a foreign key constraint fails (`mtoi`.`order_detail`, CONSTRAINT `fk_detail_product` FOREIGN KEY (`product_id`) REFERENCES `product_info` (`product_id`)); nested exception is java.sql.SQLIntegrityConstraintViolationException: Cannot delete or update a parent row: a foreign key constraint fails (`mtoi`.`order_detail`, CONSTRAINT `fk_detail_product` FOREIGN KEY (`product_id`) REFERENCES `product_info` (`product_id`))','2025-11-13 08:16:06',41),(156,'产品信息',3,'com.ruoyi.product.controller.ProductInfoController.remove()','DELETE',1,'admin','研发部门','/product/info/1001,1002,1003,1004,1005,1006,1007,1008,1009,1010','127.0.0.1','内网IP','[1001,1002,1003,1004,1005,1006,1007,1008,1009,1010]',NULL,1,'\r\n### Error updating database.  Cause: java.sql.SQLIntegrityConstraintViolationException: Cannot delete or update a parent row: a foreign key constraint fails (`mtoi`.`order_detail`, CONSTRAINT `fk_detail_product` FOREIGN KEY (`product_id`) REFERENCES `product_info` (`product_id`))\r\n### The error may exist in file [D:\\workspace\\idea\\MTOI\\ruoyi-product\\target\\classes\\mapper\\product\\ProductInfoMapper.xml]\r\n### The error may involve com.ruoyi.product.mapper.ProductInfoMapper.deleteProductInfoByProductIds-Inline\r\n### The error occurred while setting parameters\r\n### SQL: delete from product_info where product_id in           (               ?          ,              ?          ,              ?          ,              ?          ,              ?          ,              ?          ,              ?          ,              ?          ,              ?          ,              ?          )\r\n### Cause: java.sql.SQLIntegrityConstraintViolationException: Cannot delete or update a parent row: a foreign key constraint fails (`mtoi`.`order_detail`, CONSTRAINT `fk_detail_product` FOREIGN KEY (`product_id`) REFERENCES `product_info` (`product_id`))\n; Cannot delete or update a parent row: a foreign key constraint fails (`mtoi`.`order_detail`, CONSTRAINT `fk_detail_product` FOREIGN KEY (`product_id`) REFERENCES `product_info` (`product_id`)); nested exception is java.sql.SQLIntegrityConstraintViolationException: Cannot delete or update a parent row: a foreign key constraint fails (`mtoi`.`order_detail`, CONSTRAINT `fk_detail_product` FOREIGN KEY (`product_id`) REFERENCES `product_info` (`product_id`))','2025-11-13 08:16:25',48),(157,'产品信息',3,'com.ruoyi.product.controller.ProductInfoController.remove()','DELETE',1,'admin','研发部门','/product/info/1001','127.0.0.1','内网IP','[1001]',NULL,1,'\r\n### Error updating database.  Cause: java.sql.SQLIntegrityConstraintViolationException: Cannot delete or update a parent row: a foreign key constraint fails (`mtoi`.`order_detail`, CONSTRAINT `fk_detail_product` FOREIGN KEY (`product_id`) REFERENCES `product_info` (`product_id`))\r\n### The error may exist in file [D:\\workspace\\idea\\MTOI\\ruoyi-product\\target\\classes\\mapper\\product\\ProductInfoMapper.xml]\r\n### The error may involve com.ruoyi.product.mapper.ProductInfoMapper.deleteProductInfoByProductIds-Inline\r\n### The error occurred while setting parameters\r\n### SQL: delete from product_info where product_id in           (               ?          )\r\n### Cause: java.sql.SQLIntegrityConstraintViolationException: Cannot delete or update a parent row: a foreign key constraint fails (`mtoi`.`order_detail`, CONSTRAINT `fk_detail_product` FOREIGN KEY (`product_id`) REFERENCES `product_info` (`product_id`))\n; Cannot delete or update a parent row: a foreign key constraint fails (`mtoi`.`order_detail`, CONSTRAINT `fk_detail_product` FOREIGN KEY (`product_id`) REFERENCES `product_info` (`product_id`)); nested exception is java.sql.SQLIntegrityConstraintViolationException: Cannot delete or update a parent row: a foreign key constraint fails (`mtoi`.`order_detail`, CONSTRAINT `fk_detail_product` FOREIGN KEY (`product_id`) REFERENCES `product_info` (`product_id`))','2025-11-13 08:35:58',44),(158,'产品信息',3,'com.ruoyi.product.controller.ProductInfoController.remove()','DELETE',1,'admin','研发部门','/product/info/1001','127.0.0.1','内网IP','[1001]',NULL,1,'\r\n### Error updating database.  Cause: java.sql.SQLIntegrityConstraintViolationException: Cannot delete or update a parent row: a foreign key constraint fails (`mtoi`.`order_detail`, CONSTRAINT `fk_detail_product` FOREIGN KEY (`product_id`) REFERENCES `product_info` (`product_id`))\r\n### The error may exist in file [D:\\workspace\\idea\\MTOI\\ruoyi-product\\target\\classes\\mapper\\product\\ProductInfoMapper.xml]\r\n### The error may involve com.ruoyi.product.mapper.ProductInfoMapper.deleteProductInfoByProductIds-Inline\r\n### The error occurred while setting parameters\r\n### SQL: delete from product_info where product_id in           (               ?          )\r\n### Cause: java.sql.SQLIntegrityConstraintViolationException: Cannot delete or update a parent row: a foreign key constraint fails (`mtoi`.`order_detail`, CONSTRAINT `fk_detail_product` FOREIGN KEY (`product_id`) REFERENCES `product_info` (`product_id`))\n; Cannot delete or update a parent row: a foreign key constraint fails (`mtoi`.`order_detail`, CONSTRAINT `fk_detail_product` FOREIGN KEY (`product_id`) REFERENCES `product_info` (`product_id`)); nested exception is java.sql.SQLIntegrityConstraintViolationException: Cannot delete or update a parent row: a foreign key constraint fails (`mtoi`.`order_detail`, CONSTRAINT `fk_detail_product` FOREIGN KEY (`product_id`) REFERENCES `product_info` (`product_id`))','2025-11-13 08:36:22',30),(159,'产品信息',2,'com.ruoyi.product.controller.ProductInfoController.edit()','PUT',1,'admin','研发部门','/product/info','127.0.0.1','内网IP','{\"categoryId\":1001,\"createBy\":\"admin\",\"createTime\":\"2025-11-10 21:32:12\",\"description\":\"经典原味奶茶搭配Q弹珍珠\",\"imageUrl\":\"/profile/upload/2025/11/13/milkyTea2_20251113160421A001.png\",\"isHot\":0,\"isNew\":0,\"params\":{},\"price\":12,\"productAttributeList\":[{\"attributeId\":13001,\"attributeName\":\"温度选择\",\"attributeValue\":\"{\\\"options\\\":[\\\"冰\\\",\\\"常温\\\",\\\"热\\\"]}\",\"createTime\":\"2025-11-10 21:32:12\",\"params\":{},\"productId\":1001,\"updateTime\":\"2025-11-10 21:32:12\"},{\"attributeId\":13002,\"attributeName\":\"糖度选择\",\"attributeValue\":\"{\\\"options\\\":[\\\"无糖\\\",\\\"少糖\\\",\\\"正常\\\",\\\"多糖\\\"]}\",\"createTime\":\"2025-11-10 21:32:12\",\"params\":{},\"productId\":1001,\"updateTime\":\"2025-11-10 21:32:12\"},{\"attributeId\":13003,\"attributeName\":\"小料选择\",\"attributeValue\":\"{\\\"options\\\":[\\\"珍珠\\\",\\\"椰果\\\",\\\"红豆\\\",\\\"布丁\\\"]}\",\"createTime\":\"2025-11-10 21:32:12\",\"params\":{},\"productId\":1001,\"updateTime\":\"2025-11-10 21:32:12\"}],\"productFormulaList\":[{\"createTime\":\"2025-11-10 21:32:12\",\"formulaId\":12001,\"materialId\":4001,\"params\":{},\"productId\":1001,\"quantity\":0.05,\"unit\":\"kg\",\"updateTime\":\"2025-11-10 21:32:12\"},{\"createTime\":\"2025-11-10 21:32:12\",\"formulaId\":12002,\"materialId\":4003,\"params\":{},\"productId\":1001,\"quantity\":0.2,\"unit\":\"L\",\"updateTime\":\"2025-11-10 21:32:12\"},{\"createTime\":\"2025-11-10 21:32:12\",\"formulaId\":12003,\"materialId\":4004,\"params\":{},\"productId\":1001,\"quantity\":0.05,\"unit\":\"kg\",\"updateTime\":\"2025-11-10 21:32:12\"},{\"createTime\":\"2025-11-10 21:32:12\",\"formulaId\":12004,\"materialId\":4005,\"params\":{},\"productId\":1001,\"quantity\":0.03,\"unit\":\"kg\",\"updateTime\":\"2025-11-10 21:32:12\"}],\"productId\":1001,\"productName\":\"原味珍珠奶茶\",\"status\":0,\"updateBy\":\"admin\",\"updateTime\":\"2025-11-13 16:04:31\"}','{\"msg\":\"操作成功\",\"code\":200}',0,NULL,'2025-11-13 16:04:31',68),(160,'产品信息',2,'com.ruoyi.product.controller.ProductInfoController.edit()','PUT',1,'admin','研发部门','/product/info','127.0.0.1','内网IP','{\"categoryId\":1001,\"createBy\":\"admin\",\"createTime\":\"2025-11-10 21:32:12\",\"description\":\"经典原味奶茶搭配Q弹珍珠\",\"imageUrl\":\"/profile/upload/2025/11/13/milkyTea2_20251113160421A001.png\",\"isHot\":0,\"isNew\":0,\"params\":{},\"price\":12,\"productAttributeList\":[{\"attributeId\":13001,\"attributeName\":\"温度选择\",\"attributeValue\":\"{\\\"options\\\":[\\\"冰\\\",\\\"常温\\\",\\\"热\\\"]}\",\"createTime\":\"2025-11-10 21:32:12\",\"params\":{},\"productId\":1001,\"updateTime\":\"2025-11-10 21:32:12\"},{\"attributeId\":13002,\"attributeName\":\"糖度选择\",\"attributeValue\":\"{\\\"options\\\":[\\\"无糖\\\",\\\"少糖\\\",\\\"正常\\\",\\\"多糖\\\"]}\",\"createTime\":\"2025-11-10 21:32:12\",\"params\":{},\"productId\":1001,\"updateTime\":\"2025-11-10 21:32:12\"},{\"attributeId\":13003,\"attributeName\":\"小料选择\",\"attributeValue\":\"{\\\"options\\\":[\\\"珍珠\\\",\\\"椰果\\\",\\\"红豆\\\",\\\"布丁\\\"]}\",\"createTime\":\"2025-11-10 21:32:12\",\"params\":{},\"productId\":1001,\"updateTime\":\"2025-11-10 21:32:12\"}],\"productFormulaList\":[{\"createTime\":\"2025-11-10 21:32:12\",\"formulaId\":12001,\"materialId\":4001,\"params\":{},\"productId\":1001,\"quantity\":0.05,\"unit\":\"kg\",\"updateTime\":\"2025-11-10 21:32:12\"},{\"createTime\":\"2025-11-10 21:32:12\",\"formulaId\":12002,\"materialId\":4003,\"params\":{},\"productId\":1001,\"quantity\":0.2,\"unit\":\"L\",\"updateTime\":\"2025-11-10 21:32:12\"},{\"createTime\":\"2025-11-10 21:32:12\",\"formulaId\":12003,\"materialId\":4004,\"params\":{},\"productId\":1001,\"quantity\":0.05,\"unit\":\"kg\",\"updateTime\":\"2025-11-10 21:32:12\"},{\"createTime\":\"2025-11-10 21:32:12\",\"formulaId\":12004,\"materialId\":4005,\"params\":{},\"productId\":1001,\"quantity\":0.03,\"unit\":\"kg\",\"updateTime\":\"2025-11-10 21:32:12\"}],\"productId\":1001,\"productName\":\"原味珍珠奶茶\",\"status\":0,\"updateBy\":\"admin\",\"updateTime\":\"2025-11-13 16:04:39\"}','{\"msg\":\"操作成功\",\"code\":200}',0,NULL,'2025-11-13 16:04:39',33),(161,'产品信息',3,'com.ruoyi.product.controller.ProductInfoController.remove()','DELETE',1,'admin','研发部门','/product/info/1002','127.0.0.1','内网IP','[1002]',NULL,1,'\r\n### Error updating database.  Cause: java.sql.SQLIntegrityConstraintViolationException: Cannot delete or update a parent row: a foreign key constraint fails (`mtoi`.`order_detail`, CONSTRAINT `fk_detail_product` FOREIGN KEY (`product_id`) REFERENCES `product_info` (`product_id`))\r\n### The error may exist in file [D:\\workspace\\idea\\MTOI\\ruoyi-product\\target\\classes\\mapper\\product\\ProductInfoMapper.xml]\r\n### The error may involve com.ruoyi.product.mapper.ProductInfoMapper.deleteProductInfoByProductIds-Inline\r\n### The error occurred while setting parameters\r\n### SQL: delete from product_info where product_id in           (               ?          )\r\n### Cause: java.sql.SQLIntegrityConstraintViolationException: Cannot delete or update a parent row: a foreign key constraint fails (`mtoi`.`order_detail`, CONSTRAINT `fk_detail_product` FOREIGN KEY (`product_id`) REFERENCES `product_info` (`product_id`))\n; Cannot delete or update a parent row: a foreign key constraint fails (`mtoi`.`order_detail`, CONSTRAINT `fk_detail_product` FOREIGN KEY (`product_id`) REFERENCES `product_info` (`product_id`)); nested exception is java.sql.SQLIntegrityConstraintViolationException: Cannot delete or update a parent row: a foreign key constraint fails (`mtoi`.`order_detail`, CONSTRAINT `fk_detail_product` FOREIGN KEY (`product_id`) REFERENCES `product_info` (`product_id`))','2025-11-13 16:05:00',90),(162,'产品信息',2,'com.ruoyi.product.controller.ProductInfoController.edit()','PUT',1,'admin','研发部门','/product/info','127.0.0.1','内网IP','{\"categoryId\":1001,\"createBy\":\"admin\",\"createTime\":\"2025-11-10 21:32:12\",\"description\":\"经典原味奶茶搭配Q弹珍珠\",\"imageUrl\":\"/profile/upload/2025/11/13/milkyTea2_20251113160421A001.png\",\"isHot\":0,\"isNew\":0,\"params\":{},\"price\":12,\"productAttributeList\":[{\"attributeId\":13001,\"attributeName\":\"温度选择\",\"attributeValue\":\"{\\\"options\\\":[\\\"冰\\\",\\\"常温\\\",\\\"热\\\"]}\",\"createTime\":\"2025-11-10 21:32:12\",\"params\":{},\"productId\":1001,\"updateTime\":\"2025-11-10 21:32:12\"},{\"attributeId\":13002,\"attributeName\":\"糖度选择\",\"attributeValue\":\"{\\\"options\\\":[\\\"无糖\\\",\\\"少糖\\\",\\\"正常\\\",\\\"多糖\\\"]}\",\"createTime\":\"2025-11-10 21:32:12\",\"params\":{},\"productId\":1001,\"updateTime\":\"2025-11-10 21:32:12\"},{\"attributeId\":13003,\"attributeName\":\"小料选择\",\"attributeValue\":\"{\\\"options\\\":[\\\"珍珠\\\",\\\"椰果\\\",\\\"红豆\\\",\\\"布丁\\\"]}\",\"createTime\":\"2025-11-10 21:32:12\",\"params\":{},\"productId\":1001,\"updateTime\":\"2025-11-10 21:32:12\"}],\"productFormulaList\":[],\"productId\":1001,\"productName\":\"原味珍珠奶茶\",\"status\":0,\"updateBy\":\"admin\",\"updateTime\":\"2025-11-13 16:08:11\"}','{\"msg\":\"操作成功\",\"code\":200}',0,NULL,'2025-11-13 16:08:11',20),(163,'产品信息',3,'com.ruoyi.product.controller.ProductInfoController.remove()','DELETE',1,'admin','研发部门','/product/info/1001','127.0.0.1','内网IP','[1001]',NULL,1,'\r\n### Error updating database.  Cause: java.sql.SQLIntegrityConstraintViolationException: Cannot delete or update a parent row: a foreign key constraint fails (`mtoi`.`order_detail`, CONSTRAINT `fk_detail_product` FOREIGN KEY (`product_id`) REFERENCES `product_info` (`product_id`))\r\n### The error may exist in file [D:\\workspace\\idea\\MTOI\\ruoyi-product\\target\\classes\\mapper\\product\\ProductInfoMapper.xml]\r\n### The error may involve com.ruoyi.product.mapper.ProductInfoMapper.deleteProductInfoByProductIds-Inline\r\n### The error occurred while setting parameters\r\n### SQL: delete from product_info where product_id in           (               ?          )\r\n### Cause: java.sql.SQLIntegrityConstraintViolationException: Cannot delete or update a parent row: a foreign key constraint fails (`mtoi`.`order_detail`, CONSTRAINT `fk_detail_product` FOREIGN KEY (`product_id`) REFERENCES `product_info` (`product_id`))\n; Cannot delete or update a parent row: a foreign key constraint fails (`mtoi`.`order_detail`, CONSTRAINT `fk_detail_product` FOREIGN KEY (`product_id`) REFERENCES `product_info` (`product_id`)); nested exception is java.sql.SQLIntegrityConstraintViolationException: Cannot delete or update a parent row: a foreign key constraint fails (`mtoi`.`order_detail`, CONSTRAINT `fk_detail_product` FOREIGN KEY (`product_id`) REFERENCES `product_info` (`product_id`))','2025-11-13 16:09:01',21),(164,'产品信息',3,'com.ruoyi.product.controller.ProductInfoController.remove()','DELETE',1,'admin','研发部门','/product/info/1014','127.0.0.1','内网IP','[1014]','{\"msg\":\"操作成功\",\"code\":200}',0,NULL,'2025-11-13 16:09:32',13),(165,'产品信息',3,'com.ruoyi.product.controller.ProductInfoController.remove()','DELETE',1,'admin','研发部门','/product/info/1001','127.0.0.1','内网IP','[1001]',NULL,1,'\r\n### Error updating database.  Cause: java.sql.SQLIntegrityConstraintViolationException: Cannot delete or update a parent row: a foreign key constraint fails (`mtoi`.`order_detail`, CONSTRAINT `fk_detail_product` FOREIGN KEY (`product_id`) REFERENCES `product_info` (`product_id`))\r\n### The error may exist in file [D:\\workspace\\idea\\MTOI\\ruoyi-product\\target\\classes\\mapper\\product\\ProductInfoMapper.xml]\r\n### The error may involve com.ruoyi.product.mapper.ProductInfoMapper.deleteProductInfoByProductIds-Inline\r\n### The error occurred while setting parameters\r\n### SQL: delete from product_info where product_id in           (               ?          )\r\n### Cause: java.sql.SQLIntegrityConstraintViolationException: Cannot delete or update a parent row: a foreign key constraint fails (`mtoi`.`order_detail`, CONSTRAINT `fk_detail_product` FOREIGN KEY (`product_id`) REFERENCES `product_info` (`product_id`))\n; Cannot delete or update a parent row: a foreign key constraint fails (`mtoi`.`order_detail`, CONSTRAINT `fk_detail_product` FOREIGN KEY (`product_id`) REFERENCES `product_info` (`product_id`)); nested exception is java.sql.SQLIntegrityConstraintViolationException: Cannot delete or update a parent row: a foreign key constraint fails (`mtoi`.`order_detail`, CONSTRAINT `fk_detail_product` FOREIGN KEY (`product_id`) REFERENCES `product_info` (`product_id`))','2025-11-13 16:20:03',12),(166,'产品信息',3,'com.ruoyi.product.controller.ProductInfoController.remove()','DELETE',1,'admin','研发部门','/product/info/1001','127.0.0.1','内网IP','[1001]',NULL,1,'\r\n### Error updating database.  Cause: java.sql.SQLIntegrityConstraintViolationException: Cannot delete or update a parent row: a foreign key constraint fails (`mtoi`.`order_detail`, CONSTRAINT `fk_detail_product` FOREIGN KEY (`product_id`) REFERENCES `product_info` (`product_id`))\r\n### The error may exist in file [D:\\workspace\\idea\\MTOI\\ruoyi-product\\target\\classes\\mapper\\product\\ProductInfoMapper.xml]\r\n### The error may involve com.ruoyi.product.mapper.ProductInfoMapper.deleteProductInfoByProductIds-Inline\r\n### The error occurred while setting parameters\r\n### SQL: delete from product_info where product_id in           (               ?          )\r\n### Cause: java.sql.SQLIntegrityConstraintViolationException: Cannot delete or update a parent row: a foreign key constraint fails (`mtoi`.`order_detail`, CONSTRAINT `fk_detail_product` FOREIGN KEY (`product_id`) REFERENCES `product_info` (`product_id`))\n; Cannot delete or update a parent row: a foreign key constraint fails (`mtoi`.`order_detail`, CONSTRAINT `fk_detail_product` FOREIGN KEY (`product_id`) REFERENCES `product_info` (`product_id`)); nested exception is java.sql.SQLIntegrityConstraintViolationException: Cannot delete or update a parent row: a foreign key constraint fails (`mtoi`.`order_detail`, CONSTRAINT `fk_detail_product` FOREIGN KEY (`product_id`) REFERENCES `product_info` (`product_id`))','2025-11-13 16:31:35',13),(167,'产品信息',3,'com.ruoyi.product.controller.ProductInfoController.remove()','DELETE',1,'admin','研发部门','/product/info/1001','127.0.0.1','内网IP','[1001]',NULL,1,'\r\n### Error updating database.  Cause: java.sql.SQLIntegrityConstraintViolationException: Cannot delete or update a parent row: a foreign key constraint fails (`mtoi`.`order_detail`, CONSTRAINT `fk_detail_product` FOREIGN KEY (`product_id`) REFERENCES `product_info` (`product_id`))\r\n### The error may exist in file [D:\\workspace\\idea\\MTOI\\ruoyi-product\\target\\classes\\mapper\\product\\ProductInfoMapper.xml]\r\n### The error may involve com.ruoyi.product.mapper.ProductInfoMapper.deleteProductInfoByProductIds-Inline\r\n### The error occurred while setting parameters\r\n### SQL: delete from product_info where product_id in           (               ?          )\r\n### Cause: java.sql.SQLIntegrityConstraintViolationException: Cannot delete or update a parent row: a foreign key constraint fails (`mtoi`.`order_detail`, CONSTRAINT `fk_detail_product` FOREIGN KEY (`product_id`) REFERENCES `product_info` (`product_id`))\n; Cannot delete or update a parent row: a foreign key constraint fails (`mtoi`.`order_detail`, CONSTRAINT `fk_detail_product` FOREIGN KEY (`product_id`) REFERENCES `product_info` (`product_id`)); nested exception is java.sql.SQLIntegrityConstraintViolationException: Cannot delete or update a parent row: a foreign key constraint fails (`mtoi`.`order_detail`, CONSTRAINT `fk_detail_product` FOREIGN KEY (`product_id`) REFERENCES `product_info` (`product_id`))','2025-11-13 16:39:12',17),(168,'产品信息',3,'com.ruoyi.product.controller.ProductInfoController.remove()','DELETE',1,'admin','研发部门','/product/info/1001','127.0.0.1','内网IP','[1001]',NULL,1,'\r\n### Error updating database.  Cause: java.sql.SQLIntegrityConstraintViolationException: Cannot delete or update a parent row: a foreign key constraint fails (`mtoi`.`order_detail`, CONSTRAINT `fk_detail_product` FOREIGN KEY (`product_id`) REFERENCES `product_info` (`product_id`))\r\n### The error may exist in file [D:\\workspace\\idea\\MTOI\\ruoyi-product\\target\\classes\\mapper\\product\\ProductInfoMapper.xml]\r\n### The error may involve com.ruoyi.product.mapper.ProductInfoMapper.deleteProductInfoByProductIds-Inline\r\n### The error occurred while setting parameters\r\n### SQL: delete from product_info where product_id in           (               ?          )\r\n### Cause: java.sql.SQLIntegrityConstraintViolationException: Cannot delete or update a parent row: a foreign key constraint fails (`mtoi`.`order_detail`, CONSTRAINT `fk_detail_product` FOREIGN KEY (`product_id`) REFERENCES `product_info` (`product_id`))\n; Cannot delete or update a parent row: a foreign key constraint fails (`mtoi`.`order_detail`, CONSTRAINT `fk_detail_product` FOREIGN KEY (`product_id`) REFERENCES `product_info` (`product_id`)); nested exception is java.sql.SQLIntegrityConstraintViolationException: Cannot delete or update a parent row: a foreign key constraint fails (`mtoi`.`order_detail`, CONSTRAINT `fk_detail_product` FOREIGN KEY (`product_id`) REFERENCES `product_info` (`product_id`))','2025-11-13 16:40:48',17),(169,'产品信息',3,'com.ruoyi.product.controller.ProductInfoController.remove()','DELETE',1,'admin','研发部门','/product/info/1001','127.0.0.1','内网IP','[1001]',NULL,1,'\r\n### Error updating database.  Cause: java.sql.SQLIntegrityConstraintViolationException: Cannot delete or update a parent row: a foreign key constraint fails (`mtoi`.`order_detail`, CONSTRAINT `fk_detail_product` FOREIGN KEY (`product_id`) REFERENCES `product_info` (`product_id`))\r\n### The error may exist in file [D:\\workspace\\idea\\MTOI\\ruoyi-product\\target\\classes\\mapper\\product\\ProductInfoMapper.xml]\r\n### The error may involve com.ruoyi.product.mapper.ProductInfoMapper.deleteProductInfoByProductIds-Inline\r\n### The error occurred while setting parameters\r\n### SQL: delete from product_info where product_id in           (               ?          )\r\n### Cause: java.sql.SQLIntegrityConstraintViolationException: Cannot delete or update a parent row: a foreign key constraint fails (`mtoi`.`order_detail`, CONSTRAINT `fk_detail_product` FOREIGN KEY (`product_id`) REFERENCES `product_info` (`product_id`))\n; Cannot delete or update a parent row: a foreign key constraint fails (`mtoi`.`order_detail`, CONSTRAINT `fk_detail_product` FOREIGN KEY (`product_id`) REFERENCES `product_info` (`product_id`)); nested exception is java.sql.SQLIntegrityConstraintViolationException: Cannot delete or update a parent row: a foreign key constraint fails (`mtoi`.`order_detail`, CONSTRAINT `fk_detail_product` FOREIGN KEY (`product_id`) REFERENCES `product_info` (`product_id`))','2025-11-13 16:40:57',12),(170,'产品信息',3,'com.ruoyi.product.controller.ProductInfoController.remove()','DELETE',1,'admin','研发部门','/product/info/1001','127.0.0.1','内网IP','[1001]',NULL,1,'\r\n### Error updating database.  Cause: java.sql.SQLIntegrityConstraintViolationException: Cannot delete or update a parent row: a foreign key constraint fails (`mtoi`.`order_detail`, CONSTRAINT `fk_detail_product` FOREIGN KEY (`product_id`) REFERENCES `product_info` (`product_id`))\r\n### The error may exist in file [D:\\workspace\\idea\\MTOI\\ruoyi-product\\target\\classes\\mapper\\product\\ProductInfoMapper.xml]\r\n### The error may involve com.ruoyi.product.mapper.ProductInfoMapper.deleteProductInfoByProductIds-Inline\r\n### The error occurred while setting parameters\r\n### SQL: delete from product_info where product_id in           (               ?          )\r\n### Cause: java.sql.SQLIntegrityConstraintViolationException: Cannot delete or update a parent row: a foreign key constraint fails (`mtoi`.`order_detail`, CONSTRAINT `fk_detail_product` FOREIGN KEY (`product_id`) REFERENCES `product_info` (`product_id`))\n; Cannot delete or update a parent row: a foreign key constraint fails (`mtoi`.`order_detail`, CONSTRAINT `fk_detail_product` FOREIGN KEY (`product_id`) REFERENCES `product_info` (`product_id`)); nested exception is java.sql.SQLIntegrityConstraintViolationException: Cannot delete or update a parent row: a foreign key constraint fails (`mtoi`.`order_detail`, CONSTRAINT `fk_detail_product` FOREIGN KEY (`product_id`) REFERENCES `product_info` (`product_id`))','2025-11-13 16:41:11',14),(171,'产品信息',3,'com.ruoyi.product.controller.ProductInfoController.remove()','DELETE',1,'admin','研发部门','/product/info/1001','127.0.0.1','内网IP','[1001]',NULL,1,'\r\n### Error updating database.  Cause: java.sql.SQLIntegrityConstraintViolationException: Cannot delete or update a parent row: a foreign key constraint fails (`mtoi`.`order_detail`, CONSTRAINT `fk_detail_product` FOREIGN KEY (`product_id`) REFERENCES `product_info` (`product_id`))\r\n### The error may exist in file [D:\\workspace\\idea\\MTOI\\ruoyi-product\\target\\classes\\mapper\\product\\ProductInfoMapper.xml]\r\n### The error may involve com.ruoyi.product.mapper.ProductInfoMapper.deleteProductInfoByProductIds-Inline\r\n### The error occurred while setting parameters\r\n### SQL: delete from product_info where product_id in           (               ?          )\r\n### Cause: java.sql.SQLIntegrityConstraintViolationException: Cannot delete or update a parent row: a foreign key constraint fails (`mtoi`.`order_detail`, CONSTRAINT `fk_detail_product` FOREIGN KEY (`product_id`) REFERENCES `product_info` (`product_id`))\n; Cannot delete or update a parent row: a foreign key constraint fails (`mtoi`.`order_detail`, CONSTRAINT `fk_detail_product` FOREIGN KEY (`product_id`) REFERENCES `product_info` (`product_id`)); nested exception is java.sql.SQLIntegrityConstraintViolationException: Cannot delete or update a parent row: a foreign key constraint fails (`mtoi`.`order_detail`, CONSTRAINT `fk_detail_product` FOREIGN KEY (`product_id`) REFERENCES `product_info` (`product_id`))','2025-11-13 16:42:45',25),(172,'产品信息',3,'com.ruoyi.product.controller.ProductInfoController.remove()','DELETE',1,'admin','研发部门','/product/info/1001','127.0.0.1','内网IP','[1001]',NULL,1,'\r\n### Error updating database.  Cause: java.sql.SQLIntegrityConstraintViolationException: Cannot delete or update a parent row: a foreign key constraint fails (`mtoi`.`order_detail`, CONSTRAINT `fk_detail_product` FOREIGN KEY (`product_id`) REFERENCES `product_info` (`product_id`))\r\n### The error may exist in file [D:\\workspace\\idea\\MTOI\\ruoyi-product\\target\\classes\\mapper\\product\\ProductInfoMapper.xml]\r\n### The error may involve com.ruoyi.product.mapper.ProductInfoMapper.deleteProductInfoByProductIds-Inline\r\n### The error occurred while setting parameters\r\n### SQL: delete from product_info where product_id in           (               ?          )\r\n### Cause: java.sql.SQLIntegrityConstraintViolationException: Cannot delete or update a parent row: a foreign key constraint fails (`mtoi`.`order_detail`, CONSTRAINT `fk_detail_product` FOREIGN KEY (`product_id`) REFERENCES `product_info` (`product_id`))\n; Cannot delete or update a parent row: a foreign key constraint fails (`mtoi`.`order_detail`, CONSTRAINT `fk_detail_product` FOREIGN KEY (`product_id`) REFERENCES `product_info` (`product_id`)); nested exception is java.sql.SQLIntegrityConstraintViolationException: Cannot delete or update a parent row: a foreign key constraint fails (`mtoi`.`order_detail`, CONSTRAINT `fk_detail_product` FOREIGN KEY (`product_id`) REFERENCES `product_info` (`product_id`))','2025-11-13 16:51:51',21),(173,'产品信息',2,'com.ruoyi.product.controller.ProductInfoController.edit()','PUT',1,'admin','研发部门','/product/info','127.0.0.1','内网IP','{\"categoryId\":1001,\"createBy\":\"admin\",\"createTime\":\"2025-11-10 21:32:12\",\"description\":\"经典原味奶茶搭配Q弹珍珠\",\"imageUrl\":\"/profile/upload/2025/11/13/milkyTea2_20251113160421A001.png\",\"isHot\":0,\"isNew\":0,\"params\":{},\"price\":12,\"productAttributeList\":[{\"attributeId\":13001,\"attributeName\":\"温度选择\",\"attributeValue\":\"{\\\"options\\\":[\\\"冰\\\",\\\"常温\\\",\\\"热\\\"]}\",\"createTime\":\"2025-11-10 21:32:12\",\"params\":{},\"productId\":1001,\"updateTime\":\"2025-11-10 21:32:12\"},{\"attributeId\":13002,\"attributeName\":\"糖度选择\",\"attributeValue\":\"{\\\"options\\\":[\\\"无糖\\\",\\\"少糖\\\",\\\"正常\\\",\\\"多糖\\\"]}\",\"createTime\":\"2025-11-10 21:32:12\",\"params\":{},\"productId\":1001,\"updateTime\":\"2025-11-10 21:32:12\"},{\"attributeId\":13003,\"attributeName\":\"小料选择\",\"attributeValue\":\"{\\\"options\\\":[\\\"珍珠\\\",\\\"椰果\\\",\\\"红豆\\\",\\\"布丁\\\"]}\",\"createTime\":\"2025-11-10 21:32:12\",\"params\":{},\"productId\":1001,\"updateTime\":\"2025-11-10 21:32:12\"}],\"productFormulaList\":[{\"materialId\":1001,\"params\":{},\"productId\":1001,\"quantity\":1,\"unit\":\"g\"}],\"productId\":1001,\"productName\":\"原味珍珠奶茶\",\"status\":0,\"updateBy\":\"admin\",\"updateTime\":\"2025-11-13 16:54:00\"}',NULL,1,'\r\n### Error updating database.  Cause: java.sql.SQLIntegrityConstraintViolationException: Column \'create_time\' cannot be null\r\n### The error may exist in file [D:\\workspace\\idea\\MTOI\\ruoyi-product\\target\\classes\\mapper\\product\\ProductInfoMapper.xml]\r\n### The error may involve defaultParameterMap\r\n### The error occurred while setting parameters\r\n### SQL: insert into product_formula( formula_id, product_id, material_id, quantity, unit, create_time, update_time) values                        ( ?, ?, ?, ?, ?, ?, ?)\r\n### Cause: java.sql.SQLIntegrityConstraintViolationException: Column \'create_time\' cannot be null\n; Column \'create_time\' cannot be null; nested exception is java.sql.SQLIntegrityConstraintViolationException: Column \'create_time\' cannot be null','2025-11-13 16:54:00',15),(174,'产品信息',1,'com.ruoyi.product.controller.ProductInfoController.add()','POST',1,'admin','研发部门','/product/info','127.0.0.1','内网IP','{\"categoryId\":1,\"createTime\":\"2025-11-13 22:32:58\",\"isHot\":0,\"isNew\":0,\"params\":{},\"price\":1,\"productFormulaList\":[],\"productName\":\"1\",\"status\":0}',NULL,1,'\r\n### Error updating database.  Cause: java.sql.SQLIntegrityConstraintViolationException: Cannot add or update a child row: a foreign key constraint fails (`mtoi`.`product_info`, CONSTRAINT `fk_product_category` FOREIGN KEY (`category_id`) REFERENCES `product_category` (`category_id`))\r\n### The error may exist in file [D:\\workspace\\idea\\MTOI\\ruoyi-product\\target\\classes\\mapper\\product\\ProductInfoMapper.xml]\r\n### The error may involve com.ruoyi.product.mapper.ProductInfoMapper.insertProductInfo-Inline\r\n### The error occurred while setting parameters\r\n### SQL: insert into product_info          ( product_name,             category_id,             price,                                       is_hot,             is_new,             status,                          create_time )           values ( ?,             ?,             ?,                                       ?,             ?,             ?,                          ? )\r\n### Cause: java.sql.SQLIntegrityConstraintViolationException: Cannot add or update a child row: a foreign key constraint fails (`mtoi`.`product_info`, CONSTRAINT `fk_product_category` FOREIGN KEY (`category_id`) REFERENCES `product_category` (`category_id`))\n; Cannot add or update a child row: a foreign key constraint fails (`mtoi`.`product_info`, CONSTRAINT `fk_product_category` FOREIGN KEY (`category_id`) REFERENCES `product_category` (`category_id`)); nested exception is java.sql.SQLIntegrityConstraintViolationException: Cannot add or update a child row: a foreign key constraint fails (`mtoi`.`product_info`, CONSTRAINT `fk_product_category` FOREIGN KEY (`category_id`) REFERENCES `product_category` (`category_id`))','2025-11-13 22:32:58',64),(175,'产品信息',1,'com.ruoyi.product.controller.ProductInfoController.add()','POST',1,'admin','研发部门','/product/info','127.0.0.1','内网IP','{\"categoryId\":1,\"createTime\":\"2025-11-13 22:33:04\",\"isHot\":0,\"isNew\":0,\"params\":{},\"price\":1,\"productFormulaList\":[],\"productName\":\"1\",\"status\":0}',NULL,1,'\r\n### Error updating database.  Cause: java.sql.SQLIntegrityConstraintViolationException: Cannot add or update a child row: a foreign key constraint fails (`mtoi`.`product_info`, CONSTRAINT `fk_product_category` FOREIGN KEY (`category_id`) REFERENCES `product_category` (`category_id`))\r\n### The error may exist in file [D:\\workspace\\idea\\MTOI\\ruoyi-product\\target\\classes\\mapper\\product\\ProductInfoMapper.xml]\r\n### The error may involve com.ruoyi.product.mapper.ProductInfoMapper.insertProductInfo-Inline\r\n### The error occurred while setting parameters\r\n### SQL: insert into product_info          ( product_name,             category_id,             price,                                       is_hot,             is_new,             status,                          create_time )           values ( ?,             ?,             ?,                                       ?,             ?,             ?,                          ? )\r\n### Cause: java.sql.SQLIntegrityConstraintViolationException: Cannot add or update a child row: a foreign key constraint fails (`mtoi`.`product_info`, CONSTRAINT `fk_product_category` FOREIGN KEY (`category_id`) REFERENCES `product_category` (`category_id`))\n; Cannot add or update a child row: a foreign key constraint fails (`mtoi`.`product_info`, CONSTRAINT `fk_product_category` FOREIGN KEY (`category_id`) REFERENCES `product_category` (`category_id`)); nested exception is java.sql.SQLIntegrityConstraintViolationException: Cannot add or update a child row: a foreign key constraint fails (`mtoi`.`product_info`, CONSTRAINT `fk_product_category` FOREIGN KEY (`category_id`) REFERENCES `product_category` (`category_id`))','2025-11-13 22:33:04',8),(176,'产品信息',1,'com.ruoyi.product.controller.ProductInfoController.add()','POST',1,'admin','研发部门','/product/info','127.0.0.1','内网IP','{\"categoryId\":1,\"createTime\":\"2025-11-13 22:33:08\",\"isHot\":0,\"isNew\":0,\"params\":{},\"price\":1,\"productFormulaList\":[],\"productName\":\"1\",\"status\":0}',NULL,1,'\r\n### Error updating database.  Cause: java.sql.SQLIntegrityConstraintViolationException: Cannot add or update a child row: a foreign key constraint fails (`mtoi`.`product_info`, CONSTRAINT `fk_product_category` FOREIGN KEY (`category_id`) REFERENCES `product_category` (`category_id`))\r\n### The error may exist in file [D:\\workspace\\idea\\MTOI\\ruoyi-product\\target\\classes\\mapper\\product\\ProductInfoMapper.xml]\r\n### The error may involve com.ruoyi.product.mapper.ProductInfoMapper.insertProductInfo-Inline\r\n### The error occurred while setting parameters\r\n### SQL: insert into product_info          ( product_name,             category_id,             price,                                       is_hot,             is_new,             status,                          create_time )           values ( ?,             ?,             ?,                                       ?,             ?,             ?,                          ? )\r\n### Cause: java.sql.SQLIntegrityConstraintViolationException: Cannot add or update a child row: a foreign key constraint fails (`mtoi`.`product_info`, CONSTRAINT `fk_product_category` FOREIGN KEY (`category_id`) REFERENCES `product_category` (`category_id`))\n; Cannot add or update a child row: a foreign key constraint fails (`mtoi`.`product_info`, CONSTRAINT `fk_product_category` FOREIGN KEY (`category_id`) REFERENCES `product_category` (`category_id`)); nested exception is java.sql.SQLIntegrityConstraintViolationException: Cannot add or update a child row: a foreign key constraint fails (`mtoi`.`product_info`, CONSTRAINT `fk_product_category` FOREIGN KEY (`category_id`) REFERENCES `product_category` (`category_id`))','2025-11-13 22:33:08',8),(177,'产品信息',2,'com.ruoyi.product.controller.ProductInfoController.edit()','PUT',1,'admin','研发部门','/product/info','127.0.0.1','内网IP','{\"categoryId\":1001,\"createBy\":\"admin\",\"createTime\":\"2025-11-10 21:32:12\",\"description\":\"经典原味奶茶搭配Q弹珍珠\",\"imageUrl\":\"/profile/upload/2025/11/13/milkyTea2_20251113160421A001.png\",\"isHot\":0,\"isNew\":0,\"params\":{},\"price\":12,\"productAttributeList\":[{\"attributeId\":13001,\"attributeName\":\"温度选择\",\"attributeValue\":\"{\\\"options\\\":[\\\"冰\\\",\\\"常温\\\",\\\"热\\\"]}\",\"createTime\":\"2025-11-10 21:32:12\",\"params\":{},\"productId\":1001,\"updateTime\":\"2025-11-10 21:32:12\"},{\"attributeId\":13002,\"attributeName\":\"糖度选择\",\"attributeValue\":\"{\\\"options\\\":[\\\"无糖\\\",\\\"少糖\\\",\\\"正常\\\",\\\"多糖\\\"]}\",\"createTime\":\"2025-11-10 21:32:12\",\"params\":{},\"productId\":1001,\"updateTime\":\"2025-11-10 21:32:12\"},{\"attributeId\":13003,\"attributeName\":\"小料选择\",\"attributeValue\":\"{\\\"options\\\":[\\\"珍珠\\\",\\\"椰果\\\",\\\"红豆\\\",\\\"布丁\\\"]}\",\"createTime\":\"2025-11-10 21:32:12\",\"params\":{},\"productId\":1001,\"updateTime\":\"2025-11-10 21:32:12\"}],\"productFormulaList\":[],\"productId\":1001,\"productName\":\"原味珍珠奶茶\",\"status\":0,\"updateBy\":\"admin\",\"updateTime\":\"2025-11-13 22:33:47\"}','{\"msg\":\"操作成功\",\"code\":200}',0,NULL,'2025-11-13 22:33:47',18),(178,'产品信息',2,'com.ruoyi.product.controller.ProductInfoController.edit()','PUT',1,'admin','研发部门','/product/info','127.0.0.1','内网IP','{\"categoryId\":1001,\"createBy\":\"admin\",\"createTime\":\"2025-11-10 21:32:12\",\"description\":\"经典原味奶茶搭配Q弹珍珠\",\"imageUrl\":\"/profile/upload/2025/11/13/milkyTea2_20251113160421A001.png\",\"isHot\":1,\"isNew\":0,\"params\":{},\"price\":12,\"productAttributeList\":[{\"attributeId\":13001,\"attributeName\":\"温度选择\",\"attributeValue\":\"{\\\"options\\\":[\\\"冰\\\",\\\"常温\\\",\\\"热\\\"]}\",\"createTime\":\"2025-11-10 21:32:12\",\"params\":{},\"productId\":1001,\"updateTime\":\"2025-11-10 21:32:12\"},{\"attributeId\":13002,\"attributeName\":\"糖度选择\",\"attributeValue\":\"{\\\"options\\\":[\\\"无糖\\\",\\\"少糖\\\",\\\"正常\\\",\\\"多糖\\\"]}\",\"createTime\":\"2025-11-10 21:32:12\",\"params\":{},\"productId\":1001,\"updateTime\":\"2025-11-10 21:32:12\"},{\"attributeId\":13003,\"attributeName\":\"小料选择\",\"attributeValue\":\"{\\\"options\\\":[\\\"珍珠\\\",\\\"椰果\\\",\\\"红豆\\\",\\\"布丁\\\"]}\",\"createTime\":\"2025-11-10 21:32:12\",\"params\":{},\"productId\":1001,\"updateTime\":\"2025-11-10 21:32:12\"}],\"productFormulaList\":[],\"productId\":1001,\"productName\":\"原味珍珠奶茶\",\"status\":0,\"updateBy\":\"admin\",\"updateTime\":\"2025-11-13 22:33:53\"}','{\"msg\":\"操作成功\",\"code\":200}',0,NULL,'2025-11-13 22:33:53',13),(179,'产品信息',1,'com.ruoyi.product.controller.ProductInfoController.add()','POST',1,'admin','研发部门','/product/info','127.0.0.1','内网IP','{\"categoryId\":1001,\"createTime\":\"2025-11-13 23:03:24\",\"imageUrl\":\"/profile/upload/2025/11/13/make_20251113230320A001.png\",\"params\":{},\"price\":11,\"productFormulaList\":[],\"productId\":1018,\"productName\":\"柠檬茶\"}','{\"msg\":\"操作成功\",\"code\":200}',0,NULL,'2025-11-13 23:03:24',43),(180,'产品信息',2,'com.ruoyi.product.controller.ProductInfoController.edit()','PUT',1,'admin','研发部门','/product/info','127.0.0.1','内网IP','{\"categoryId\":1001,\"createTime\":\"2025-11-12 23:20:07\",\"imageUrl\":\"/profile/upload/2025/11/12/ingredient _20251112231926A001.png\",\"isHot\":1,\"isNew\":1,\"params\":{},\"price\":28,\"productAttributeList\":[],\"productFormulaList\":[],\"productId\":1012,\"productName\":\"原味水牛奶\",\"status\":0,\"updateTime\":\"2025-11-13 23:03:54\"}','{\"msg\":\"操作成功\",\"code\":200}',0,NULL,'2025-11-13 23:03:54',17),(181,'产品信息',2,'com.ruoyi.product.controller.ProductInfoController.edit()','PUT',1,'admin','研发部门','/product/info','127.0.0.1','内网IP','{\"categoryId\":1001,\"createTime\":\"2025-11-12 23:20:07\",\"imageUrl\":\"/profile/upload/2025/11/12/ingredient _20251112231926A001.png\",\"isHot\":0,\"isNew\":0,\"params\":{},\"price\":28,\"productAttributeList\":[],\"productFormulaList\":[],\"productId\":1012,\"productName\":\"原味水牛奶\",\"status\":1,\"updateTime\":\"2025-11-13 23:04:07\"}','{\"msg\":\"操作成功\",\"code\":200}',0,NULL,'2025-11-13 23:04:07',11),(182,'产品信息',5,'com.ruoyi.product.controller.ProductInfoController.export()','POST',1,'admin','研发部门','/product/info/export','127.0.0.1','内网IP','{\"pageSize\":\"10\",\"pageNum\":\"1\"}',NULL,0,NULL,'2025-11-13 23:04:59',1414),(183,'产品信息',2,'com.ruoyi.product.controller.ProductInfoController.edit()','PUT',1,'admin','研发部门','/product/info','127.0.0.1','内网IP','{\"categoryId\":1001,\"createBy\":\"admin\",\"createTime\":\"2025-11-10 21:32:12\",\"description\":\"经典原味奶茶搭配Q弹珍珠\",\"imageUrl\":\"/profile/upload/2025/11/13/milkyTea2_20251113160421A001.png\",\"isHot\":1,\"isNew\":0,\"params\":{},\"price\":12,\"productAttributeList\":[{\"attributeId\":13001,\"attributeName\":\"温度选择\",\"attributeValue\":\"{\\\"options\\\":[\\\"冰\\\",\\\"常温\\\",\\\"热\\\"]}\",\"createTime\":\"2025-11-10 21:32:12\",\"params\":{},\"productId\":1001,\"updateTime\":\"2025-11-10 21:32:12\"},{\"attributeId\":13002,\"attributeName\":\"糖度选择\",\"attributeValue\":\"{\\\"options\\\":[\\\"无糖\\\",\\\"少糖\\\",\\\"正常\\\",\\\"多糖\\\"]}\",\"createTime\":\"2025-11-10 21:32:12\",\"params\":{},\"productId\":1001,\"updateTime\":\"2025-11-10 21:32:12\"},{\"attributeId\":13003,\"attributeName\":\"小料选择\",\"attributeValue\":\"{\\\"options\\\":[\\\"珍珠\\\",\\\"椰果\\\",\\\"红豆\\\",\\\"布丁\\\"]}\",\"createTime\":\"2025-11-10 21:32:12\",\"params\":{},\"productId\":1001,\"updateTime\":\"2025-11-10 21:32:12\"}],\"productFormulaList\":[],\"productId\":1001,\"productName\":\"原味珍珠奶茶\",\"status\":0,\"updateBy\":\"admin\",\"updateTime\":\"2025-11-13 23:05:48\"}','{\"msg\":\"操作成功\",\"code\":200}',0,NULL,'2025-11-13 23:05:48',31),(184,'产品信息',3,'com.ruoyi.product.controller.ProductInfoController.remove()','DELETE',1,'admin','研发部门','/product/info/1001','127.0.0.1','内网IP','[1001]',NULL,1,'\r\n### Error updating database.  Cause: java.sql.SQLIntegrityConstraintViolationException: Cannot delete or update a parent row: a foreign key constraint fails (`mtoi`.`order_detail`, CONSTRAINT `fk_detail_product` FOREIGN KEY (`product_id`) REFERENCES `product_info` (`product_id`))\r\n### The error may exist in file [D:\\workspace\\idea\\MTOI\\ruoyi-product\\target\\classes\\mapper\\product\\ProductInfoMapper.xml]\r\n### The error may involve com.ruoyi.product.mapper.ProductInfoMapper.deleteProductInfoByProductIds-Inline\r\n### The error occurred while setting parameters\r\n### SQL: delete from product_info where product_id in           (               ?          )\r\n### Cause: java.sql.SQLIntegrityConstraintViolationException: Cannot delete or update a parent row: a foreign key constraint fails (`mtoi`.`order_detail`, CONSTRAINT `fk_detail_product` FOREIGN KEY (`product_id`) REFERENCES `product_info` (`product_id`))\n; Cannot delete or update a parent row: a foreign key constraint fails (`mtoi`.`order_detail`, CONSTRAINT `fk_detail_product` FOREIGN KEY (`product_id`) REFERENCES `product_info` (`product_id`)); nested exception is java.sql.SQLIntegrityConstraintViolationException: Cannot delete or update a parent row: a foreign key constraint fails (`mtoi`.`order_detail`, CONSTRAINT `fk_detail_product` FOREIGN KEY (`product_id`) REFERENCES `product_info` (`product_id`))','2025-11-13 23:06:02',17),(185,'产品信息',3,'com.ruoyi.product.controller.ProductInfoController.remove()','DELETE',1,'admin','研发部门','/product/info/1001','127.0.0.1','内网IP','[1001]',NULL,1,'\r\n### Error updating database.  Cause: java.sql.SQLIntegrityConstraintViolationException: Cannot delete or update a parent row: a foreign key constraint fails (`mtoi`.`order_detail`, CONSTRAINT `fk_detail_product` FOREIGN KEY (`product_id`) REFERENCES `product_info` (`product_id`))\r\n### The error may exist in file [D:\\workspace\\idea\\MTOI\\ruoyi-product\\target\\classes\\mapper\\product\\ProductInfoMapper.xml]\r\n### The error may involve com.ruoyi.product.mapper.ProductInfoMapper.deleteProductInfoByProductIds-Inline\r\n### The error occurred while setting parameters\r\n### SQL: delete from product_info where product_id in           (               ?          )\r\n### Cause: java.sql.SQLIntegrityConstraintViolationException: Cannot delete or update a parent row: a foreign key constraint fails (`mtoi`.`order_detail`, CONSTRAINT `fk_detail_product` FOREIGN KEY (`product_id`) REFERENCES `product_info` (`product_id`))\n; Cannot delete or update a parent row: a foreign key constraint fails (`mtoi`.`order_detail`, CONSTRAINT `fk_detail_product` FOREIGN KEY (`product_id`) REFERENCES `product_info` (`product_id`)); nested exception is java.sql.SQLIntegrityConstraintViolationException: Cannot delete or update a parent row: a foreign key constraint fails (`mtoi`.`order_detail`, CONSTRAINT `fk_detail_product` FOREIGN KEY (`product_id`) REFERENCES `product_info` (`product_id`))','2025-11-13 23:06:10',10),(186,'产品信息',3,'com.ruoyi.product.controller.ProductInfoController.remove()','DELETE',1,'admin','研发部门','/product/info/1012','127.0.0.1','内网IP','[1012]','{\"msg\":\"操作成功\",\"code\":200}',0,NULL,'2025-11-13 23:07:52',16),(187,'产品分类',2,'com.ruoyi.product.controller.ProductCategoryController.edit()','PUT',1,'admin','研发部门','/product/category','127.0.0.1','内网IP','{\"categoryId\":1003,\"categoryName\":\"奶盖茶\",\"children\":[{\"createTime\":\"2025-11-11 21:37:38\",\"parentId\":1003,\"orderNum\":1,\"children\":[],\"categoryId\":1011,\"categoryName\":\"奶盖茉莉\",\"status\":1}],\"createTime\":\"2025-11-10 21:32:12\",\"orderNum\":3,\"params\":{},\"parentId\":0,\"status\":0,\"updateTime\":\"2025-11-13 23:15:49\"}','{\"msg\":\"操作成功\",\"code\":200}',0,NULL,'2025-11-13 23:15:49',18),(188,'产品信息',1,'com.ruoyi.product.controller.ProductInfoController.add()','POST',1,'admin','研发部门','/product/info','127.0.0.1','内网IP','{\"categoryId\":1013,\"createTime\":\"2025-11-13 23:26:29\",\"params\":{},\"price\":1111111,\"productFormulaList\":[],\"productId\":1019,\"productName\":\"测试\"}','{\"msg\":\"操作成功\",\"code\":200}',0,NULL,'2025-11-13 23:26:29',19),(189,'产品属性',1,'com.ruoyi.product.controller.ProductAttributeController.add()','POST',1,'admin','研发部门','/product/attribute','127.0.0.1','内网IP','{\"attributeId\":13011,\"attributeName\":\"酸度\",\"attributeValue\":\"{\\\"options\\\":[\\\"无酸\\\",\\\"3分酸\\\",\\\"7分酸\\\"]}\",\"createTime\":\"2025-11-13 23:47:16\",\"params\":{},\"productId\":1002}','{\"msg\":\"操作成功\",\"code\":200}',0,NULL,'2025-11-13 23:47:16',24),(190,'产品属性',1,'com.ruoyi.product.controller.ProductAttributeController.add()','POST',1,'admin','研发部门','/product/attribute','127.0.0.1','内网IP','{\"attributeId\":13012,\"attributeName\":\"酸\",\"attributeValue\":\"{\\\"options\\\":[\\\"酸1\\\",\\\"酸2\\\"]}\",\"createTime\":\"2025-11-13 23:47:44\",\"params\":{},\"productId\":1001}','{\"msg\":\"操作成功\",\"code\":200}',0,NULL,'2025-11-13 23:47:44',17),(191,'代码生成',2,'com.ruoyi.generator.controller.GenController.editSave()','PUT',1,'admin','研发部门','/tool/gen','127.0.0.1','内网IP','{\"businessName\":\"materialCategory\",\"className\":\"MaterialCategory\",\"columns\":[{\"capJavaField\":\"CategoryId\",\"columnComment\":\"分类ID\",\"columnId\":10,\"columnName\":\"category_id\",\"columnType\":\"bigint(20)\",\"createBy\":\"admin\",\"createTime\":\"2025-11-11 08:10:56\",\"dictType\":\"\",\"edit\":false,\"htmlType\":\"input\",\"increment\":true,\"insert\":true,\"isIncrement\":\"1\",\"isInsert\":\"1\",\"isPk\":\"1\",\"isRequired\":\"0\",\"javaField\":\"categoryId\",\"javaType\":\"Long\",\"list\":false,\"params\":{},\"pk\":true,\"query\":false,\"queryType\":\"EQ\",\"required\":false,\"sort\":1,\"superColumn\":false,\"tableId\":2,\"updateBy\":\"\",\"updateTime\":\"2025-11-11 09:32:02\",\"usableColumn\":false},{\"capJavaField\":\"CategoryName\",\"columnComment\":\"分类名称\",\"columnId\":11,\"columnName\":\"category_name\",\"columnType\":\"varchar(50)\",\"createBy\":\"admin\",\"createTime\":\"2025-11-11 08:10:56\",\"dictType\":\"\",\"edit\":true,\"htmlType\":\"input\",\"increment\":false,\"insert\":true,\"isEdit\":\"1\",\"isIncrement\":\"0\",\"isInsert\":\"1\",\"isList\":\"1\",\"isPk\":\"0\",\"isQuery\":\"1\",\"isRequired\":\"1\",\"javaField\":\"categoryName\",\"javaType\":\"String\",\"list\":true,\"params\":{},\"pk\":false,\"query\":true,\"queryType\":\"LIKE\",\"required\":true,\"sort\":2,\"superColumn\":false,\"tableId\":2,\"updateBy\":\"\",\"updateTime\":\"2025-11-11 09:32:02\",\"usableColumn\":false},{\"capJavaField\":\"ParentId\",\"columnComment\":\"父分类ID\",\"columnId\":12,\"columnName\":\"parent_id\",\"columnType\":\"bigint(20)\",\"createBy\":\"admin\",\"createTime\":\"2025-11-11 08:10:56\",\"dictType\":\"\",\"edit\":true,\"htmlType\":\"input\",\"increment\":false,\"insert\":true,\"isEdit\":\"1\",\"isIncrement\":\"0\",\"isInsert\":\"1\",\"isList\":\"1\",\"isPk\":\"0\",\"isQuery\":\"1\",\"isRequired\":\"0\",\"javaField\":\"parentId\",\"javaType\":\"Long\",\"list\":true,\"params\":{},\"pk\":false,\"query\":true,\"queryType\":\"EQ\",\"required\":false,\"sort\":3,\"superColumn\":true,\"tableId\":2,\"updateBy\":\"\",\"updateTime\":\"2025-11-11 09:32:02\",\"usableColumn\":true},{\"capJavaField\":\"OrderNum\",\"columnComment\":\"显示顺序\",\"columnId\":13,\"columnName\":\"order_num\",\"columnType\":\"int(11)\",\"createBy\":\"admin\",\"createTime\":\"2025-11-11 08:10:56\",\"dictType\":\"\",\"edit\":true,\"ht','{\"msg\":\"操作成功\",\"code\":200}',0,NULL,'2025-11-14 14:15:41',66),(192,'代码生成',2,'com.ruoyi.generator.controller.GenController.editSave()','PUT',1,'admin','研发部门','/tool/gen','127.0.0.1','内网IP','{\"businessName\":\"info\",\"className\":\"MaterialInfo\",\"columns\":[{\"capJavaField\":\"MaterialId\",\"columnComment\":\"原料ID\",\"columnId\":17,\"columnName\":\"material_id\",\"columnType\":\"bigint(20)\",\"createBy\":\"admin\",\"createTime\":\"2025-11-11 08:10:56\",\"dictType\":\"\",\"edit\":false,\"htmlType\":\"input\",\"increment\":true,\"insert\":true,\"isIncrement\":\"1\",\"isInsert\":\"1\",\"isPk\":\"1\",\"isRequired\":\"0\",\"javaField\":\"materialId\",\"javaType\":\"Long\",\"list\":false,\"params\":{},\"pk\":true,\"query\":false,\"queryType\":\"EQ\",\"required\":false,\"sort\":1,\"superColumn\":false,\"tableId\":3,\"updateBy\":\"\",\"usableColumn\":false},{\"capJavaField\":\"MaterialName\",\"columnComment\":\"原料名称\",\"columnId\":18,\"columnName\":\"material_name\",\"columnType\":\"varchar(100)\",\"createBy\":\"admin\",\"createTime\":\"2025-11-11 08:10:56\",\"dictType\":\"\",\"edit\":true,\"htmlType\":\"input\",\"increment\":false,\"insert\":true,\"isEdit\":\"1\",\"isIncrement\":\"0\",\"isInsert\":\"1\",\"isList\":\"1\",\"isPk\":\"0\",\"isQuery\":\"1\",\"isRequired\":\"1\",\"javaField\":\"materialName\",\"javaType\":\"String\",\"list\":true,\"params\":{},\"pk\":false,\"query\":true,\"queryType\":\"LIKE\",\"required\":true,\"sort\":2,\"superColumn\":false,\"tableId\":3,\"updateBy\":\"\",\"usableColumn\":false},{\"capJavaField\":\"CategoryId\",\"columnComment\":\"分类ID\",\"columnId\":19,\"columnName\":\"category_id\",\"columnType\":\"bigint(20)\",\"createBy\":\"admin\",\"createTime\":\"2025-11-11 08:10:56\",\"dictType\":\"\",\"edit\":true,\"htmlType\":\"input\",\"increment\":false,\"insert\":true,\"isEdit\":\"1\",\"isIncrement\":\"0\",\"isInsert\":\"1\",\"isList\":\"1\",\"isPk\":\"0\",\"isQuery\":\"1\",\"isRequired\":\"1\",\"javaField\":\"categoryId\",\"javaType\":\"Long\",\"list\":true,\"params\":{},\"pk\":false,\"query\":true,\"queryType\":\"EQ\",\"required\":true,\"sort\":3,\"superColumn\":false,\"tableId\":3,\"updateBy\":\"\",\"usableColumn\":false},{\"capJavaField\":\"Specification\",\"columnComment\":\"规格\",\"columnId\":20,\"columnName\":\"specification\",\"columnType\":\"varchar(100)\",\"createBy\":\"admin\",\"createTime\":\"2025-11-11 08:10:56\",\"dictType\":\"\",\"edit\":true,\"htmlType\":\"input\",\"increment\":false,\"insert\":true,\"isEdit\":\"1\",\"isIncrement\":\"0\",\"isInsert\":\"1\",\"isList\"','{\"msg\":\"操作成功\",\"code\":200}',0,NULL,'2025-11-14 14:28:56',61),(193,'代码生成',2,'com.ruoyi.generator.controller.GenController.editSave()','PUT',1,'admin','研发部门','/tool/gen','127.0.0.1','内网IP','{\"businessName\":\"supplier\",\"className\":\"Supplier\",\"columns\":[{\"capJavaField\":\"SupplierId\",\"columnComment\":\"供应商ID\",\"columnId\":143,\"columnName\":\"supplier_id\",\"columnType\":\"bigint(20)\",\"createBy\":\"admin\",\"createTime\":\"2025-11-11 08:10:57\",\"dictType\":\"\",\"edit\":false,\"htmlType\":\"input\",\"increment\":true,\"insert\":true,\"isIncrement\":\"1\",\"isInsert\":\"1\",\"isPk\":\"1\",\"isRequired\":\"0\",\"javaField\":\"supplierId\",\"javaType\":\"Long\",\"list\":false,\"params\":{},\"pk\":true,\"query\":false,\"queryType\":\"EQ\",\"required\":false,\"sort\":1,\"superColumn\":false,\"tableId\":15,\"updateBy\":\"\",\"usableColumn\":false},{\"capJavaField\":\"SupplierName\",\"columnComment\":\"供应商名称\",\"columnId\":144,\"columnName\":\"supplier_name\",\"columnType\":\"varchar(100)\",\"createBy\":\"admin\",\"createTime\":\"2025-11-11 08:10:57\",\"dictType\":\"\",\"edit\":true,\"htmlType\":\"input\",\"increment\":false,\"insert\":true,\"isEdit\":\"1\",\"isIncrement\":\"0\",\"isInsert\":\"1\",\"isList\":\"1\",\"isPk\":\"0\",\"isQuery\":\"1\",\"isRequired\":\"1\",\"javaField\":\"supplierName\",\"javaType\":\"String\",\"list\":true,\"params\":{},\"pk\":false,\"query\":true,\"queryType\":\"LIKE\",\"required\":true,\"sort\":2,\"superColumn\":false,\"tableId\":15,\"updateBy\":\"\",\"usableColumn\":false},{\"capJavaField\":\"ContactPerson\",\"columnComment\":\"联系人\",\"columnId\":145,\"columnName\":\"contact_person\",\"columnType\":\"varchar(50)\",\"createBy\":\"admin\",\"createTime\":\"2025-11-11 08:10:57\",\"dictType\":\"\",\"edit\":true,\"htmlType\":\"input\",\"increment\":false,\"insert\":true,\"isEdit\":\"1\",\"isIncrement\":\"0\",\"isInsert\":\"1\",\"isList\":\"1\",\"isPk\":\"0\",\"isQuery\":\"1\",\"isRequired\":\"0\",\"javaField\":\"contactPerson\",\"javaType\":\"String\",\"list\":true,\"params\":{},\"pk\":false,\"query\":true,\"queryType\":\"EQ\",\"required\":false,\"sort\":3,\"superColumn\":false,\"tableId\":15,\"updateBy\":\"\",\"usableColumn\":false},{\"capJavaField\":\"ContactPhone\",\"columnComment\":\"联系电话\",\"columnId\":146,\"columnName\":\"contact_phone\",\"columnType\":\"varchar(20)\",\"createBy\":\"admin\",\"createTime\":\"2025-11-11 08:10:57\",\"dictType\":\"\",\"edit\":true,\"htmlType\":\"input\",\"increment\":false,\"insert\":true,\"isEdit\":\"1\",\"isIncrement\":\"0\",\"i','{\"msg\":\"操作成功\",\"code\":200}',0,NULL,'2025-11-14 14:32:48',38),(194,'代码生成',8,'com.ruoyi.generator.controller.GenController.batchGenCode()','GET',1,'admin','研发部门','/tool/gen/batchGenCode','127.0.0.1','内网IP','{\"tables\":\"supplier,material_category,material_info\"}',NULL,0,NULL,'2025-11-14 14:33:14',633),(195,'代码生成',2,'com.ruoyi.generator.controller.GenController.editSave()','PUT',1,'admin','研发部门','/tool/gen','127.0.0.1','内网IP','{\"businessName\":\"info\",\"className\":\"MaterialInfo\",\"columns\":[{\"capJavaField\":\"MaterialId\",\"columnComment\":\"原料ID\",\"columnId\":17,\"columnName\":\"material_id\",\"columnType\":\"bigint(20)\",\"createBy\":\"admin\",\"createTime\":\"2025-11-11 08:10:56\",\"dictType\":\"\",\"edit\":false,\"htmlType\":\"input\",\"increment\":true,\"insert\":true,\"isIncrement\":\"1\",\"isInsert\":\"1\",\"isPk\":\"1\",\"isRequired\":\"0\",\"javaField\":\"materialId\",\"javaType\":\"Long\",\"list\":false,\"params\":{},\"pk\":true,\"query\":false,\"queryType\":\"EQ\",\"required\":false,\"sort\":1,\"superColumn\":false,\"tableId\":3,\"updateBy\":\"\",\"updateTime\":\"2025-11-14 14:28:56\",\"usableColumn\":false},{\"capJavaField\":\"MaterialName\",\"columnComment\":\"原料名称\",\"columnId\":18,\"columnName\":\"material_name\",\"columnType\":\"varchar(100)\",\"createBy\":\"admin\",\"createTime\":\"2025-11-11 08:10:56\",\"dictType\":\"\",\"edit\":true,\"htmlType\":\"input\",\"increment\":false,\"insert\":true,\"isEdit\":\"1\",\"isIncrement\":\"0\",\"isInsert\":\"1\",\"isList\":\"1\",\"isPk\":\"0\",\"isQuery\":\"1\",\"isRequired\":\"1\",\"javaField\":\"materialName\",\"javaType\":\"String\",\"list\":true,\"params\":{},\"pk\":false,\"query\":true,\"queryType\":\"LIKE\",\"required\":true,\"sort\":2,\"superColumn\":false,\"tableId\":3,\"updateBy\":\"\",\"updateTime\":\"2025-11-14 14:28:56\",\"usableColumn\":false},{\"capJavaField\":\"CategoryId\",\"columnComment\":\"分类ID\",\"columnId\":19,\"columnName\":\"category_id\",\"columnType\":\"bigint(20)\",\"createBy\":\"admin\",\"createTime\":\"2025-11-11 08:10:56\",\"dictType\":\"\",\"edit\":true,\"htmlType\":\"input\",\"increment\":false,\"insert\":true,\"isEdit\":\"1\",\"isIncrement\":\"0\",\"isInsert\":\"1\",\"isList\":\"1\",\"isPk\":\"0\",\"isQuery\":\"1\",\"isRequired\":\"1\",\"javaField\":\"categoryId\",\"javaType\":\"Long\",\"list\":true,\"params\":{},\"pk\":false,\"query\":true,\"queryType\":\"EQ\",\"required\":true,\"sort\":3,\"superColumn\":false,\"tableId\":3,\"updateBy\":\"\",\"updateTime\":\"2025-11-14 14:28:56\",\"usableColumn\":false},{\"capJavaField\":\"Specification\",\"columnComment\":\"规格\",\"columnId\":20,\"columnName\":\"specification\",\"columnType\":\"varchar(100)\",\"createBy\":\"admin\",\"createTime\":\"2025-11-11 08:10:56\",\"dictType\":\"\",\"edit\":true,','{\"msg\":\"操作成功\",\"code\":200}',0,NULL,'2025-11-14 14:37:46',43),(196,'代码生成',8,'com.ruoyi.generator.controller.GenController.batchGenCode()','GET',1,'admin','研发部门','/tool/gen/batchGenCode','127.0.0.1','内网IP','{\"tables\":\"material_info,material_category,supplier\"}',NULL,0,NULL,'2025-11-14 14:38:11',148),(197,'代码生成',2,'com.ruoyi.generator.controller.GenController.editSave()','PUT',1,'admin','研发部门','/tool/gen','127.0.0.1','内网IP','{\"businessName\":\"materialCategory\",\"className\":\"MaterialCategory\",\"columns\":[{\"capJavaField\":\"CategoryId\",\"columnComment\":\"分类ID\",\"columnId\":10,\"columnName\":\"category_id\",\"columnType\":\"bigint(20)\",\"createBy\":\"admin\",\"createTime\":\"2025-11-11 08:10:56\",\"dictType\":\"\",\"edit\":false,\"htmlType\":\"input\",\"increment\":true,\"insert\":true,\"isIncrement\":\"1\",\"isInsert\":\"1\",\"isPk\":\"1\",\"isRequired\":\"0\",\"javaField\":\"categoryId\",\"javaType\":\"Long\",\"list\":false,\"params\":{},\"pk\":true,\"query\":false,\"queryType\":\"EQ\",\"required\":false,\"sort\":1,\"superColumn\":false,\"tableId\":2,\"updateBy\":\"\",\"updateTime\":\"2025-11-14 14:15:40\",\"usableColumn\":false},{\"capJavaField\":\"CategoryName\",\"columnComment\":\"分类名称\",\"columnId\":11,\"columnName\":\"category_name\",\"columnType\":\"varchar(50)\",\"createBy\":\"admin\",\"createTime\":\"2025-11-11 08:10:56\",\"dictType\":\"\",\"edit\":true,\"htmlType\":\"input\",\"increment\":false,\"insert\":true,\"isEdit\":\"1\",\"isIncrement\":\"0\",\"isInsert\":\"1\",\"isList\":\"1\",\"isPk\":\"0\",\"isQuery\":\"1\",\"isRequired\":\"1\",\"javaField\":\"categoryName\",\"javaType\":\"String\",\"list\":true,\"params\":{},\"pk\":false,\"query\":true,\"queryType\":\"LIKE\",\"required\":true,\"sort\":2,\"superColumn\":false,\"tableId\":2,\"updateBy\":\"\",\"updateTime\":\"2025-11-14 14:15:40\",\"usableColumn\":false},{\"capJavaField\":\"ParentId\",\"columnComment\":\"父分类ID\",\"columnId\":12,\"columnName\":\"parent_id\",\"columnType\":\"bigint(20)\",\"createBy\":\"admin\",\"createTime\":\"2025-11-11 08:10:56\",\"dictType\":\"\",\"edit\":true,\"htmlType\":\"input\",\"increment\":false,\"insert\":true,\"isEdit\":\"1\",\"isIncrement\":\"0\",\"isInsert\":\"1\",\"isList\":\"1\",\"isPk\":\"0\",\"isQuery\":\"1\",\"isRequired\":\"0\",\"javaField\":\"parentId\",\"javaType\":\"Long\",\"list\":true,\"params\":{},\"pk\":false,\"query\":true,\"queryType\":\"EQ\",\"required\":false,\"sort\":3,\"superColumn\":true,\"tableId\":2,\"updateBy\":\"\",\"updateTime\":\"2025-11-14 14:15:40\",\"usableColumn\":true},{\"capJavaField\":\"OrderNum\",\"columnComment\":\"显示顺序\",\"columnId\":13,\"columnName\":\"order_num\",\"columnType\":\"int(11)\",\"createBy\":\"admin\",\"createTime\":\"2025-11-11 08:10:56\",\"dictType\":\"\",\"edit\":true,\"ht','{\"msg\":\"操作成功\",\"code\":200}',0,NULL,'2025-11-14 14:43:30',26),(198,'代码生成',8,'com.ruoyi.generator.controller.GenController.batchGenCode()','GET',1,'admin','研发部门','/tool/gen/batchGenCode','127.0.0.1','内网IP','{\"tables\":\"material_category\"}',NULL,0,NULL,'2025-11-14 14:43:41',27),(199,'代码生成',2,'com.ruoyi.generator.controller.GenController.editSave()','PUT',1,'admin','研发部门','/tool/gen','127.0.0.1','内网IP','{\"businessName\":\"Category\",\"className\":\"MaterialCategory\",\"columns\":[{\"capJavaField\":\"CategoryId\",\"columnComment\":\"分类ID\",\"columnId\":10,\"columnName\":\"category_id\",\"columnType\":\"bigint(20)\",\"createBy\":\"admin\",\"createTime\":\"2025-11-11 08:10:56\",\"dictType\":\"\",\"edit\":false,\"htmlType\":\"input\",\"increment\":true,\"insert\":true,\"isIncrement\":\"1\",\"isInsert\":\"1\",\"isPk\":\"1\",\"isRequired\":\"0\",\"javaField\":\"categoryId\",\"javaType\":\"Long\",\"list\":false,\"params\":{},\"pk\":true,\"query\":false,\"queryType\":\"EQ\",\"required\":false,\"sort\":1,\"superColumn\":false,\"tableId\":2,\"updateBy\":\"\",\"updateTime\":\"2025-11-14 14:43:30\",\"usableColumn\":false},{\"capJavaField\":\"CategoryName\",\"columnComment\":\"分类名称\",\"columnId\":11,\"columnName\":\"category_name\",\"columnType\":\"varchar(50)\",\"createBy\":\"admin\",\"createTime\":\"2025-11-11 08:10:56\",\"dictType\":\"\",\"edit\":true,\"htmlType\":\"input\",\"increment\":false,\"insert\":true,\"isEdit\":\"1\",\"isIncrement\":\"0\",\"isInsert\":\"1\",\"isList\":\"1\",\"isPk\":\"0\",\"isQuery\":\"1\",\"isRequired\":\"1\",\"javaField\":\"categoryName\",\"javaType\":\"String\",\"list\":true,\"params\":{},\"pk\":false,\"query\":true,\"queryType\":\"LIKE\",\"required\":true,\"sort\":2,\"superColumn\":false,\"tableId\":2,\"updateBy\":\"\",\"updateTime\":\"2025-11-14 14:43:30\",\"usableColumn\":false},{\"capJavaField\":\"ParentId\",\"columnComment\":\"父分类ID\",\"columnId\":12,\"columnName\":\"parent_id\",\"columnType\":\"bigint(20)\",\"createBy\":\"admin\",\"createTime\":\"2025-11-11 08:10:56\",\"dictType\":\"\",\"edit\":true,\"htmlType\":\"input\",\"increment\":false,\"insert\":true,\"isEdit\":\"1\",\"isIncrement\":\"0\",\"isInsert\":\"1\",\"isList\":\"1\",\"isPk\":\"0\",\"isQuery\":\"1\",\"isRequired\":\"0\",\"javaField\":\"parentId\",\"javaType\":\"Long\",\"list\":true,\"params\":{},\"pk\":false,\"query\":true,\"queryType\":\"EQ\",\"required\":false,\"sort\":3,\"superColumn\":true,\"tableId\":2,\"updateBy\":\"\",\"updateTime\":\"2025-11-14 14:43:30\",\"usableColumn\":true},{\"capJavaField\":\"OrderNum\",\"columnComment\":\"显示顺序\",\"columnId\":13,\"columnName\":\"order_num\",\"columnType\":\"int(11)\",\"createBy\":\"admin\",\"createTime\":\"2025-11-11 08:10:56\",\"dictType\":\"\",\"edit\":true,\"htmlType\":','{\"msg\":\"操作成功\",\"code\":200}',0,NULL,'2025-11-14 14:45:54',33),(200,'代码生成',2,'com.ruoyi.generator.controller.GenController.editSave()','PUT',1,'admin','研发部门','/tool/gen','127.0.0.1','内网IP','{\"businessName\":\"category\",\"className\":\"MaterialCategory\",\"columns\":[{\"capJavaField\":\"CategoryId\",\"columnComment\":\"分类ID\",\"columnId\":10,\"columnName\":\"category_id\",\"columnType\":\"bigint(20)\",\"createBy\":\"admin\",\"createTime\":\"2025-11-11 08:10:56\",\"dictType\":\"\",\"edit\":false,\"htmlType\":\"input\",\"increment\":true,\"insert\":true,\"isIncrement\":\"1\",\"isInsert\":\"1\",\"isPk\":\"1\",\"isRequired\":\"0\",\"javaField\":\"categoryId\",\"javaType\":\"Long\",\"list\":false,\"params\":{},\"pk\":true,\"query\":false,\"queryType\":\"EQ\",\"required\":false,\"sort\":1,\"superColumn\":false,\"tableId\":2,\"updateBy\":\"\",\"updateTime\":\"2025-11-14 14:45:54\",\"usableColumn\":false},{\"capJavaField\":\"CategoryName\",\"columnComment\":\"分类名称\",\"columnId\":11,\"columnName\":\"category_name\",\"columnType\":\"varchar(50)\",\"createBy\":\"admin\",\"createTime\":\"2025-11-11 08:10:56\",\"dictType\":\"\",\"edit\":true,\"htmlType\":\"input\",\"increment\":false,\"insert\":true,\"isEdit\":\"1\",\"isIncrement\":\"0\",\"isInsert\":\"1\",\"isList\":\"1\",\"isPk\":\"0\",\"isQuery\":\"1\",\"isRequired\":\"1\",\"javaField\":\"categoryName\",\"javaType\":\"String\",\"list\":true,\"params\":{},\"pk\":false,\"query\":true,\"queryType\":\"LIKE\",\"required\":true,\"sort\":2,\"superColumn\":false,\"tableId\":2,\"updateBy\":\"\",\"updateTime\":\"2025-11-14 14:45:54\",\"usableColumn\":false},{\"capJavaField\":\"ParentId\",\"columnComment\":\"父分类ID\",\"columnId\":12,\"columnName\":\"parent_id\",\"columnType\":\"bigint(20)\",\"createBy\":\"admin\",\"createTime\":\"2025-11-11 08:10:56\",\"dictType\":\"\",\"edit\":true,\"htmlType\":\"input\",\"increment\":false,\"insert\":true,\"isEdit\":\"1\",\"isIncrement\":\"0\",\"isInsert\":\"1\",\"isList\":\"1\",\"isPk\":\"0\",\"isQuery\":\"1\",\"isRequired\":\"0\",\"javaField\":\"parentId\",\"javaType\":\"Long\",\"list\":true,\"params\":{},\"pk\":false,\"query\":true,\"queryType\":\"EQ\",\"required\":false,\"sort\":3,\"superColumn\":true,\"tableId\":2,\"updateBy\":\"\",\"updateTime\":\"2025-11-14 14:45:54\",\"usableColumn\":true},{\"capJavaField\":\"OrderNum\",\"columnComment\":\"显示顺序\",\"columnId\":13,\"columnName\":\"order_num\",\"columnType\":\"int(11)\",\"createBy\":\"admin\",\"createTime\":\"2025-11-11 08:10:56\",\"dictType\":\"\",\"edit\":true,\"htmlType\":','{\"msg\":\"操作成功\",\"code\":200}',0,NULL,'2025-11-14 14:46:54',20),(201,'代码生成',8,'com.ruoyi.generator.controller.GenController.batchGenCode()','GET',1,'admin','研发部门','/tool/gen/batchGenCode','127.0.0.1','内网IP','{\"tables\":\"supplier,material_category,material_info\"}',NULL,0,NULL,'2025-11-14 14:47:09',116),(202,'供应商',2,'com.ruoyi.material.controller.SupplierController.edit()','PUT',1,'admin','研发部门','/material/supplier','127.0.0.1','内网IP','{\"address\":\"北京市朝阳区\",\"contactPerson\":\"张三\",\"contactPhone\":\"13800138001\",\"createTime\":\"2025-11-10 21:32:12\",\"email\":\"tea@example.com\",\"params\":{},\"status\":0,\"supplierId\":3001,\"supplierName\":\"优质茶叶供应商\",\"updateTime\":\"2025-11-14 16:14:45\"}','{\"msg\":\"操作成功\",\"code\":200}',0,NULL,'2025-11-14 16:14:45',20),(203,'供应商',1,'com.ruoyi.material.controller.SupplierController.add()','POST',1,'admin','研发部门','/material/supplier','127.0.0.1','内网IP','{\"createTime\":\"2025-11-14 16:15:00\",\"params\":{},\"status\":0,\"supplierId\":3011,\"supplierName\":\"1\"}','{\"msg\":\"操作成功\",\"code\":200}',0,NULL,'2025-11-14 16:15:00',10),(204,'原料信息',1,'com.ruoyi.material.controller.MaterialInfoController.add()','POST',1,'admin','研发部门','/material/info','127.0.0.1','内网IP','{\"categoryId\":1,\"createTime\":\"2025-11-14 16:16:18\",\"materialName\":\"1\",\"params\":{},\"supplierId\":1,\"supplierList\":[{\"address\":\"\",\"contactPerson\":\"1\",\"contactPhone\":\"1\",\"email\":\"\",\"params\":{},\"supplierName\":\"1\"}],\"unit\":\"1\"}',NULL,1,'\r\n### Error updating database.  Cause: java.sql.SQLIntegrityConstraintViolationException: Cannot add or update a child row: a foreign key constraint fails (`mtoi`.`material_info`, CONSTRAINT `fk_material_category` FOREIGN KEY (`category_id`) REFERENCES `material_category` (`category_id`))\r\n### The error may exist in file [D:\\workspace\\idea\\MTOI\\ruoyi-material\\target\\classes\\mapper\\material\\MaterialInfoMapper.xml]\r\n### The error may involve com.ruoyi.material.mapper.MaterialInfoMapper.insertMaterialInfo-Inline\r\n### The error occurred while setting parameters\r\n### SQL: insert into material_info          ( material_name,             category_id,                          unit,             supplier_id,                                                                              create_time )           values ( ?,             ?,                          ?,             ?,                                                                              ? )\r\n### Cause: java.sql.SQLIntegrityConstraintViolationException: Cannot add or update a child row: a foreign key constraint fails (`mtoi`.`material_info`, CONSTRAINT `fk_material_category` FOREIGN KEY (`category_id`) REFERENCES `material_category` (`category_id`))\n; Cannot add or update a child row: a foreign key constraint fails (`mtoi`.`material_info`, CONSTRAINT `fk_material_category` FOREIGN KEY (`category_id`) REFERENCES `material_category` (`category_id`)); nested exception is java.sql.SQLIntegrityConstraintViolationException: Cannot add or update a child row: a foreign key constraint fails (`mtoi`.`material_info`, CONSTRAINT `fk_material_category` FOREIGN KEY (`category_id`) REFERENCES `material_category` (`category_id`))','2025-11-14 16:16:18',101),(205,'原料分类',2,'com.ruoyi.material.controller.MaterialCategoryController.edit()','PUT',1,'admin','研发部门','/material/category','127.0.0.1','内网IP','{\"categoryId\":2001,\"categoryName\":\"茶叶类\",\"children\":[],\"createTime\":\"2025-11-10 21:32:12\",\"orderNum\":1,\"params\":{},\"parentId\":0,\"status\":0,\"updateTime\":\"2025-11-17 13:36:18\"}','{\"msg\":\"操作成功\",\"code\":200}',0,NULL,'2025-11-17 13:36:19',88),(206,'原料分类',1,'com.ruoyi.material.controller.MaterialCategoryController.add()','POST',1,'admin','研发部门','/material/category','127.0.0.1','内网IP','{\"categoryId\":2011,\"categoryName\":\"功夫茶\",\"children\":[],\"createTime\":\"2025-11-17 13:36:48\",\"params\":{},\"parentId\":2001}','{\"msg\":\"操作成功\",\"code\":200}',0,NULL,'2025-11-17 13:36:48',4),(207,'原料分类',2,'com.ruoyi.material.controller.MaterialCategoryController.edit()','PUT',1,'admin','研发部门','/material/category','127.0.0.1','内网IP','{\"categoryId\":2011,\"categoryName\":\"功夫茶\",\"children\":[],\"createTime\":\"2025-11-17 13:36:48\",\"orderNum\":0,\"params\":{},\"parentId\":2001,\"status\":0,\"updateTime\":\"2025-11-17 13:37:06\"}','{\"msg\":\"操作成功\",\"code\":200}',0,NULL,'2025-11-17 13:37:06',5),(208,'原料分类',3,'com.ruoyi.material.controller.MaterialCategoryController.remove()','DELETE',1,'admin','研发部门','/material/category/2010','127.0.0.1','内网IP','[2010]','{\"msg\":\"操作成功\",\"code\":200}',0,NULL,'2025-11-17 13:37:44',17),(209,'原料分类',1,'com.ruoyi.material.controller.MaterialCategoryController.add()','POST',1,'admin','研发部门','/material/category','127.0.0.1','内网IP','{\"categoryId\":2012,\"categoryName\":\"其他\",\"children\":[],\"createTime\":\"2025-11-17 13:38:05\",\"orderNum\":10,\"params\":{},\"parentId\":0,\"status\":1}','{\"msg\":\"操作成功\",\"code\":200}',0,NULL,'2025-11-17 13:38:05',6),(210,'原料分类',2,'com.ruoyi.material.controller.MaterialCategoryController.edit()','PUT',1,'admin','研发部门','/material/category','127.0.0.1','内网IP','{\"categoryId\":2012,\"categoryName\":\"其他\",\"children\":[],\"createTime\":\"2025-11-17 13:38:06\",\"orderNum\":10,\"params\":{},\"parentId\":0,\"status\":1,\"updateTime\":\"2025-11-17 13:38:11\"}','{\"msg\":\"操作成功\",\"code\":200}',0,NULL,'2025-11-17 13:38:11',11),(211,'原料分类',2,'com.ruoyi.material.controller.MaterialCategoryController.edit()','PUT',1,'admin','研发部门','/material/category','127.0.0.1','内网IP','{\"categoryId\":2011,\"categoryName\":\"功夫茶\",\"children\":[],\"createTime\":\"2025-11-17 13:36:48\",\"orderNum\":2,\"params\":{},\"parentId\":2001,\"status\":0,\"updateTime\":\"2025-11-17 13:38:55\"}','{\"msg\":\"操作成功\",\"code\":200}',0,NULL,'2025-11-17 13:38:55',15),(212,'原料信息',1,'com.ruoyi.material.controller.MaterialInfoController.add()','POST',1,'admin','研发部门','/material/info','127.0.0.1','内网IP','{\"categoryId\":2002,\"createTime\":\"2025-11-17 13:42:14\",\"materialName\":\"炼乳\",\"params\":{},\"specification\":\"500g/罐\",\"supplierId\":1001,\"supplierList\":[{\"address\":\"\",\"contactPerson\":\"\",\"contactPhone\":\"\",\"email\":\"\",\"params\":{},\"supplierName\":\"1\"}],\"unit\":\"g\"}',NULL,1,'\r\n### Error updating database.  Cause: java.sql.SQLIntegrityConstraintViolationException: Cannot add or update a child row: a foreign key constraint fails (`mtoi`.`material_info`, CONSTRAINT `fk_material_supplier` FOREIGN KEY (`supplier_id`) REFERENCES `supplier` (`supplier_id`))\r\n### The error may exist in file [D:\\workspace\\idea\\MTOI\\ruoyi-material\\target\\classes\\mapper\\material\\MaterialInfoMapper.xml]\r\n### The error may involve com.ruoyi.material.mapper.MaterialInfoMapper.insertMaterialInfo-Inline\r\n### The error occurred while setting parameters\r\n### SQL: insert into material_info          ( material_name,             category_id,             specification,             unit,             supplier_id,                                                                              create_time )           values ( ?,             ?,             ?,             ?,             ?,                                                                              ? )\r\n### Cause: java.sql.SQLIntegrityConstraintViolationException: Cannot add or update a child row: a foreign key constraint fails (`mtoi`.`material_info`, CONSTRAINT `fk_material_supplier` FOREIGN KEY (`supplier_id`) REFERENCES `supplier` (`supplier_id`))\n; Cannot add or update a child row: a foreign key constraint fails (`mtoi`.`material_info`, CONSTRAINT `fk_material_supplier` FOREIGN KEY (`supplier_id`) REFERENCES `supplier` (`supplier_id`)); nested exception is java.sql.SQLIntegrityConstraintViolationException: Cannot add or update a child row: a foreign key constraint fails (`mtoi`.`material_info`, CONSTRAINT `fk_material_supplier` FOREIGN KEY (`supplier_id`) REFERENCES `supplier` (`supplier_id`))','2025-11-17 13:42:15',105),(213,'原料信息',1,'com.ruoyi.material.controller.MaterialInfoController.add()','POST',1,'admin','研发部门','/material/info','127.0.0.1','内网IP','{\"categoryId\":2002,\"createTime\":\"2025-11-17 13:42:55\",\"materialName\":\"炼乳\",\"params\":{},\"specification\":\"500g/罐\",\"supplierId\":1001,\"supplierList\":[{\"address\":\"1\",\"contactPerson\":\"1\",\"contactPhone\":\"1\",\"email\":\"1\",\"params\":{},\"supplierName\":\"1\"}],\"unit\":\"g\"}',NULL,1,'\r\n### Error updating database.  Cause: java.sql.SQLIntegrityConstraintViolationException: Cannot add or update a child row: a foreign key constraint fails (`mtoi`.`material_info`, CONSTRAINT `fk_material_supplier` FOREIGN KEY (`supplier_id`) REFERENCES `supplier` (`supplier_id`))\r\n### The error may exist in file [D:\\workspace\\idea\\MTOI\\ruoyi-material\\target\\classes\\mapper\\material\\MaterialInfoMapper.xml]\r\n### The error may involve com.ruoyi.material.mapper.MaterialInfoMapper.insertMaterialInfo-Inline\r\n### The error occurred while setting parameters\r\n### SQL: insert into material_info          ( material_name,             category_id,             specification,             unit,             supplier_id,                                                                              create_time )           values ( ?,             ?,             ?,             ?,             ?,                                                                              ? )\r\n### Cause: java.sql.SQLIntegrityConstraintViolationException: Cannot add or update a child row: a foreign key constraint fails (`mtoi`.`material_info`, CONSTRAINT `fk_material_supplier` FOREIGN KEY (`supplier_id`) REFERENCES `supplier` (`supplier_id`))\n; Cannot add or update a child row: a foreign key constraint fails (`mtoi`.`material_info`, CONSTRAINT `fk_material_supplier` FOREIGN KEY (`supplier_id`) REFERENCES `supplier` (`supplier_id`)); nested exception is java.sql.SQLIntegrityConstraintViolationException: Cannot add or update a child row: a foreign key constraint fails (`mtoi`.`material_info`, CONSTRAINT `fk_material_supplier` FOREIGN KEY (`supplier_id`) REFERENCES `supplier` (`supplier_id`))','2025-11-17 13:42:55',10),(214,'原料信息',5,'com.ruoyi.material.controller.MaterialInfoController.export()','POST',1,'admin','研发部门','/material/info/export','127.0.0.1','内网IP','{\"pageSize\":\"10\",\"pageNum\":\"1\"}',NULL,0,NULL,'2025-11-17 13:50:40',999),(215,'原料信息',5,'com.ruoyi.material.controller.MaterialInfoController.export()','POST',1,'admin','研发部门','/material/info/export','127.0.0.1','内网IP','{\"pageSize\":\"10\",\"pageNum\":\"1\"}',NULL,0,NULL,'2025-11-17 13:50:45',60),(216,'原料信息',1,'com.ruoyi.material.controller.MaterialInfoController.add()','POST',1,'admin','研发部门','/material/info','127.0.0.1','内网IP','{\"categoryId\":2002,\"createTime\":\"2025-11-17 13:52:05\",\"materialId\":4013,\"materialName\":\"炼乳\",\"params\":{},\"supplierId\":3003,\"supplierList\":[{\"address\":\"\",\"contactPerson\":\"王五\",\"contactPhone\":\"\",\"email\":\"\",\"params\":{},\"supplierId\":4013,\"supplierName\":\"乳制品供应商\"}],\"unit\":\"g\"}',NULL,1,'\r\n### Error updating database.  Cause: java.sql.SQLIntegrityConstraintViolationException: Column \'create_time\' cannot be null\r\n### The error may exist in file [D:\\workspace\\idea\\MTOI\\ruoyi-material\\target\\classes\\mapper\\material\\MaterialInfoMapper.xml]\r\n### The error may involve defaultParameterMap\r\n### The error occurred while setting parameters\r\n### SQL: insert into supplier( supplier_id, supplier_name, contact_person, contact_phone, email, address, status, create_time, update_time) values                        ( ?, ?, ?, ?, ?, ?, ?, ?, ?)\r\n### Cause: java.sql.SQLIntegrityConstraintViolationException: Column \'create_time\' cannot be null\n; Column \'create_time\' cannot be null; nested exception is java.sql.SQLIntegrityConstraintViolationException: Column \'create_time\' cannot be null','2025-11-17 13:52:05',30),(217,'原料信息',1,'com.ruoyi.material.controller.MaterialInfoController.add()','POST',1,'admin','研发部门','/material/info','127.0.0.1','内网IP','{\"categoryId\":2002,\"createTime\":\"2025-11-17 13:53:31\",\"materialId\":4014,\"materialName\":\"炼乳\",\"params\":{},\"supplierId\":3003,\"supplierList\":[{\"address\":\"\",\"contactPerson\":\"王五\",\"contactPhone\":\"\",\"email\":\"\",\"params\":{},\"status\":0,\"supplierId\":4014,\"supplierName\":\"炼乳供应商\"}],\"unit\":\"g\"}',NULL,1,'\r\n### Error updating database.  Cause: java.sql.SQLIntegrityConstraintViolationException: Column \'create_time\' cannot be null\r\n### The error may exist in file [D:\\workspace\\idea\\MTOI\\ruoyi-material\\target\\classes\\mapper\\material\\MaterialInfoMapper.xml]\r\n### The error may involve defaultParameterMap\r\n### The error occurred while setting parameters\r\n### SQL: insert into supplier( supplier_id, supplier_name, contact_person, contact_phone, email, address, status, create_time, update_time) values                        ( ?, ?, ?, ?, ?, ?, ?, ?, ?)\r\n### Cause: java.sql.SQLIntegrityConstraintViolationException: Column \'create_time\' cannot be null\n; Column \'create_time\' cannot be null; nested exception is java.sql.SQLIntegrityConstraintViolationException: Column \'create_time\' cannot be null','2025-11-17 13:53:31',16),(218,'原料信息',1,'com.ruoyi.material.controller.MaterialInfoController.add()','POST',1,'admin','研发部门','/material/info','127.0.0.1','内网IP','{\"categoryId\":2002,\"createTime\":\"2025-11-17 13:54:17\",\"materialId\":4015,\"materialName\":\"炼乳\",\"params\":{},\"supplierId\":3003,\"supplierList\":[],\"unit\":\"g\"}','{\"msg\":\"操作成功\",\"code\":200}',0,NULL,'2025-11-17 13:54:17',16),(219,'供应商',2,'com.ruoyi.material.controller.SupplierController.edit()','PUT',1,'admin','研发部门','/material/supplier','127.0.0.1','内网IP','{\"address\":\"北京市朝阳区\",\"contactPerson\":\"张三\",\"contactPhone\":\"13800138001\",\"createTime\":\"2025-11-10 21:32:12\",\"email\":\"tea@example.com\",\"params\":{},\"status\":0,\"supplierId\":3001,\"supplierName\":\"优质茶叶供应商\",\"updateTime\":\"2025-11-17 13:54:53\"}','{\"msg\":\"操作成功\",\"code\":200}',0,NULL,'2025-11-17 13:54:53',0),(220,'供应商',3,'com.ruoyi.material.controller.SupplierController.remove()','DELETE',1,'admin','研发部门','/material/supplier/3011','127.0.0.1','内网IP','[3011]','{\"msg\":\"操作成功\",\"code\":200}',0,NULL,'2025-11-17 13:54:57',17),(221,'产品信息',1,'com.ruoyi.product.controller.ProductInfoController.add()','POST',1,'admin','研发部门','/product/info','127.0.0.1','内网IP','{\"categoryId\":1001,\"createTime\":\"2025-11-17 20:23:50\",\"params\":{},\"price\":1,\"productFormulaList\":[],\"productId\":1020,\"productName\":\"1\"}','{\"msg\":\"操作成功\",\"code\":200}',0,NULL,'2025-11-17 20:23:50',50),(222,'产品信息',3,'com.ruoyi.product.controller.ProductInfoController.remove()','DELETE',1,'admin','研发部门','/product/info/1020','127.0.0.1','内网IP','[1020]','{\"msg\":\"操作成功\",\"code\":200}',0,NULL,'2025-11-17 20:24:33',50),(223,'产品信息',2,'com.ruoyi.product.controller.ProductInfoController.edit()','PUT',1,'admin','研发部门','/product/info','127.0.0.1','内网IP','{\"categoryId\":1013,\"createTime\":\"2025-11-13 23:26:30\",\"isHot\":0,\"isNew\":0,\"params\":{},\"price\":1111111,\"productAttributeList\":[],\"productFormulaList\":[],\"productId\":1019,\"productName\":\"测试\",\"status\":1,\"updateTime\":\"2025-11-17 20:24:38\"}','{\"msg\":\"操作成功\",\"code\":200}',0,NULL,'2025-11-17 20:24:38',25),(224,'产品信息',2,'com.ruoyi.product.controller.ProductInfoController.edit()','PUT',1,'admin','研发部门','/product/info','127.0.0.1','内网IP','{\"categoryId\":1013,\"createTime\":\"2025-11-13 23:26:30\",\"imageUrl\":\"/profile/upload/2025/11/17/logo_20251117202505A001.png\",\"isHot\":0,\"isNew\":0,\"params\":{},\"price\":1111111,\"productAttributeList\":[],\"productFormulaList\":[],\"productId\":1019,\"productName\":\"测试\",\"status\":1,\"updateTime\":\"2025-11-17 20:25:08\"}','{\"msg\":\"操作成功\",\"code\":200}',0,NULL,'2025-11-17 20:25:08',9),(225,'产品分类',2,'com.ruoyi.product.controller.ProductCategoryController.edit()','PUT',1,'admin','研发部门','/product/category','127.0.0.1','内网IP','{\"categoryId\":1008,\"categoryName\":\"小吃系列\",\"children\":[{\"createTime\":\"2025-11-12 17:27:08\",\"parentId\":1008,\"orderNum\":0,\"children\":[],\"categoryId\":1014,\"categoryName\":\"糕点\",\"status\":0}],\"createTime\":\"2025-11-10 21:32:12\",\"orderNum\":8,\"params\":{},\"parentId\":0,\"status\":0,\"updateTime\":\"2025-11-17 20:31:40\"}','{\"msg\":\"操作成功\",\"code\":200}',0,NULL,'2025-11-17 20:31:40',32),(226,'代码生成',2,'com.ruoyi.generator.controller.GenController.editSave()','PUT',1,'admin','研发部门','/tool/gen','127.0.0.1','内网IP','{\"businessName\":\"attribute\",\"className\":\"ProductAttribute\",\"columns\":[{\"capJavaField\":\"AttributeId\",\"columnComment\":\"属性ID\",\"columnId\":67,\"columnName\":\"attribute_id\",\"columnType\":\"bigint(20)\",\"createBy\":\"admin\",\"createTime\":\"2025-11-11 08:10:57\",\"dictType\":\"\",\"edit\":false,\"htmlType\":\"input\",\"increment\":true,\"insert\":true,\"isIncrement\":\"1\",\"isInsert\":\"1\",\"isPk\":\"1\",\"isRequired\":\"0\",\"javaField\":\"attributeId\",\"javaType\":\"Long\",\"list\":false,\"params\":{},\"pk\":true,\"query\":false,\"queryType\":\"EQ\",\"required\":false,\"sort\":1,\"superColumn\":false,\"tableId\":7,\"updateBy\":\"\",\"updateTime\":\"2025-11-11 22:45:56\",\"usableColumn\":false},{\"capJavaField\":\"AttributeName\",\"columnComment\":\"属性名称\",\"columnId\":68,\"columnName\":\"attribute_name\",\"columnType\":\"varchar(50)\",\"createBy\":\"admin\",\"createTime\":\"2025-11-11 08:10:57\",\"dictType\":\"\",\"edit\":true,\"htmlType\":\"input\",\"increment\":false,\"insert\":true,\"isEdit\":\"1\",\"isIncrement\":\"0\",\"isInsert\":\"1\",\"isList\":\"1\",\"isPk\":\"0\",\"isQuery\":\"1\",\"isRequired\":\"1\",\"javaField\":\"attributeName\",\"javaType\":\"String\",\"list\":true,\"params\":{},\"pk\":false,\"query\":true,\"queryType\":\"LIKE\",\"required\":true,\"sort\":2,\"superColumn\":false,\"tableId\":7,\"updateBy\":\"\",\"updateTime\":\"2025-11-11 22:45:56\",\"usableColumn\":false},{\"capJavaField\":\"AttributeValue\",\"columnComment\":\"属性值(JSON格式)\",\"columnId\":69,\"columnName\":\"attribute_value\",\"columnType\":\"varchar(255)\",\"createBy\":\"admin\",\"createTime\":\"2025-11-11 08:10:57\",\"dictType\":\"\",\"edit\":true,\"htmlType\":\"input\",\"increment\":false,\"insert\":true,\"isEdit\":\"1\",\"isIncrement\":\"0\",\"isInsert\":\"1\",\"isList\":\"1\",\"isPk\":\"0\",\"isQuery\":\"1\",\"isRequired\":\"1\",\"javaField\":\"attributeValue\",\"javaType\":\"String\",\"list\":true,\"params\":{},\"pk\":false,\"query\":true,\"queryType\":\"EQ\",\"required\":true,\"sort\":3,\"superColumn\":false,\"tableId\":7,\"updateBy\":\"\",\"updateTime\":\"2025-11-11 22:45:56\",\"usableColumn\":false},{\"capJavaField\":\"ProductId\",\"columnComment\":\"产品ID\",\"columnId\":70,\"columnName\":\"product_id\",\"columnType\":\"bigint(20)\",\"createBy\":\"admin\",\"createTime\":\"2025-11-11 08:10:','{\"msg\":\"操作成功\",\"code\":200}',0,NULL,'2025-11-18 20:37:38',70),(227,'代码生成',2,'com.ruoyi.generator.controller.GenController.editSave()','PUT',1,'admin','研发部门','/tool/gen','127.0.0.1','内网IP','{\"businessName\":\"category\",\"className\":\"ProductCategory\",\"columns\":[{\"capJavaField\":\"CategoryId\",\"columnComment\":\"分类ID\",\"columnId\":73,\"columnName\":\"category_id\",\"columnType\":\"bigint(20)\",\"createBy\":\"admin\",\"createTime\":\"2025-11-11 08:10:57\",\"dictType\":\"\",\"edit\":false,\"htmlType\":\"input\",\"increment\":true,\"insert\":true,\"isIncrement\":\"1\",\"isInsert\":\"1\",\"isPk\":\"1\",\"isRequired\":\"0\",\"javaField\":\"categoryId\",\"javaType\":\"Long\",\"list\":false,\"params\":{},\"pk\":true,\"query\":false,\"queryType\":\"EQ\",\"required\":false,\"sort\":1,\"superColumn\":false,\"tableId\":8,\"updateBy\":\"\",\"updateTime\":\"2025-11-11 20:50:03\",\"usableColumn\":false},{\"capJavaField\":\"CategoryName\",\"columnComment\":\"分类名称\",\"columnId\":74,\"columnName\":\"category_name\",\"columnType\":\"varchar(50)\",\"createBy\":\"admin\",\"createTime\":\"2025-11-11 08:10:57\",\"dictType\":\"\",\"edit\":true,\"htmlType\":\"input\",\"increment\":false,\"insert\":true,\"isEdit\":\"1\",\"isIncrement\":\"0\",\"isInsert\":\"1\",\"isList\":\"1\",\"isPk\":\"0\",\"isQuery\":\"1\",\"isRequired\":\"1\",\"javaField\":\"categoryName\",\"javaType\":\"String\",\"list\":true,\"params\":{},\"pk\":false,\"query\":true,\"queryType\":\"LIKE\",\"required\":true,\"sort\":2,\"superColumn\":false,\"tableId\":8,\"updateBy\":\"\",\"updateTime\":\"2025-11-11 20:50:03\",\"usableColumn\":false},{\"capJavaField\":\"ParentId\",\"columnComment\":\"父分类ID\",\"columnId\":75,\"columnName\":\"parent_id\",\"columnType\":\"bigint(20)\",\"createBy\":\"admin\",\"createTime\":\"2025-11-11 08:10:57\",\"dictType\":\"\",\"edit\":true,\"htmlType\":\"input\",\"increment\":false,\"insert\":true,\"isEdit\":\"1\",\"isIncrement\":\"0\",\"isInsert\":\"1\",\"isList\":\"1\",\"isPk\":\"0\",\"isQuery\":\"1\",\"isRequired\":\"0\",\"javaField\":\"parentId\",\"javaType\":\"Long\",\"list\":true,\"params\":{},\"pk\":false,\"query\":true,\"queryType\":\"EQ\",\"required\":false,\"sort\":3,\"superColumn\":true,\"tableId\":8,\"updateBy\":\"\",\"updateTime\":\"2025-11-11 20:50:03\",\"usableColumn\":true},{\"capJavaField\":\"OrderNum\",\"columnComment\":\"显示顺序\",\"columnId\":76,\"columnName\":\"order_num\",\"columnType\":\"int(11)\",\"createBy\":\"admin\",\"createTime\":\"2025-11-11 08:10:57\",\"dictType\":\"\",\"edit\":true,\"htmlType\":\"','{\"msg\":\"操作成功\",\"code\":200}',0,NULL,'2025-11-18 20:54:18',32),(228,'代码生成',2,'com.ruoyi.generator.controller.GenController.editSave()','PUT',1,'admin','研发部门','/tool/gen','127.0.0.1','内网IP','{\"businessName\":\"formula\",\"className\":\"ProductFormula\",\"columns\":[{\"capJavaField\":\"FormulaId\",\"columnComment\":\"配方ID\",\"columnId\":80,\"columnName\":\"formula_id\",\"columnType\":\"bigint(20)\",\"createBy\":\"admin\",\"createTime\":\"2025-11-11 08:10:57\",\"dictType\":\"\",\"edit\":false,\"htmlType\":\"input\",\"increment\":true,\"insert\":true,\"isIncrement\":\"1\",\"isInsert\":\"1\",\"isList\":\"1\",\"isPk\":\"1\",\"isRequired\":\"0\",\"javaField\":\"formulaId\",\"javaType\":\"Long\",\"list\":true,\"params\":{},\"pk\":true,\"query\":false,\"queryType\":\"EQ\",\"required\":false,\"sort\":1,\"superColumn\":false,\"tableId\":9,\"updateBy\":\"\",\"updateTime\":\"2025-11-11 22:44:35\",\"usableColumn\":false},{\"capJavaField\":\"ProductId\",\"columnComment\":\"产品ID\",\"columnId\":81,\"columnName\":\"product_id\",\"columnType\":\"bigint(20)\",\"createBy\":\"admin\",\"createTime\":\"2025-11-11 08:10:57\",\"dictType\":\"\",\"edit\":true,\"htmlType\":\"input\",\"increment\":false,\"insert\":true,\"isEdit\":\"1\",\"isIncrement\":\"0\",\"isInsert\":\"1\",\"isList\":\"1\",\"isPk\":\"0\",\"isQuery\":\"1\",\"isRequired\":\"1\",\"javaField\":\"productId\",\"javaType\":\"Long\",\"list\":true,\"params\":{},\"pk\":false,\"query\":true,\"queryType\":\"EQ\",\"required\":true,\"sort\":2,\"superColumn\":false,\"tableId\":9,\"updateBy\":\"\",\"updateTime\":\"2025-11-11 22:44:35\",\"usableColumn\":false},{\"capJavaField\":\"MaterialId\",\"columnComment\":\"原料ID\",\"columnId\":82,\"columnName\":\"material_id\",\"columnType\":\"bigint(20)\",\"createBy\":\"admin\",\"createTime\":\"2025-11-11 08:10:57\",\"dictType\":\"\",\"edit\":true,\"htmlType\":\"input\",\"increment\":false,\"insert\":true,\"isEdit\":\"1\",\"isIncrement\":\"0\",\"isInsert\":\"1\",\"isList\":\"1\",\"isPk\":\"0\",\"isQuery\":\"1\",\"isRequired\":\"1\",\"javaField\":\"materialId\",\"javaType\":\"Long\",\"list\":true,\"params\":{},\"pk\":false,\"query\":true,\"queryType\":\"EQ\",\"required\":true,\"sort\":3,\"superColumn\":false,\"tableId\":9,\"updateBy\":\"\",\"updateTime\":\"2025-11-11 22:44:35\",\"usableColumn\":false},{\"capJavaField\":\"Quantity\",\"columnComment\":\"用量\",\"columnId\":83,\"columnName\":\"quantity\",\"columnType\":\"decimal(10,4)\",\"createBy\":\"admin\",\"createTime\":\"2025-11-11 08:10:57\",\"dictType\":\"\",\"edit\":true,\"htmlType\"','{\"msg\":\"操作成功\",\"code\":200}',0,NULL,'2025-11-18 20:58:25',34),(229,'代码生成',2,'com.ruoyi.generator.controller.GenController.editSave()','PUT',1,'admin','研发部门','/tool/gen','127.0.0.1','内网IP','{\"businessName\":\"formula\",\"className\":\"ProductFormula\",\"columns\":[{\"capJavaField\":\"FormulaId\",\"columnComment\":\"配方ID\",\"columnId\":80,\"columnName\":\"formula_id\",\"columnType\":\"bigint(20)\",\"createBy\":\"admin\",\"createTime\":\"2025-11-11 08:10:57\",\"dictType\":\"\",\"edit\":false,\"htmlType\":\"input\",\"increment\":true,\"insert\":true,\"isIncrement\":\"1\",\"isInsert\":\"1\",\"isList\":\"1\",\"isPk\":\"1\",\"isRequired\":\"0\",\"javaField\":\"formulaId\",\"javaType\":\"Long\",\"list\":true,\"params\":{},\"pk\":true,\"query\":false,\"queryType\":\"EQ\",\"required\":false,\"sort\":1,\"superColumn\":false,\"tableId\":9,\"updateBy\":\"\",\"updateTime\":\"2025-11-18 20:58:25\",\"usableColumn\":false},{\"capJavaField\":\"ProductId\",\"columnComment\":\"产品ID\",\"columnId\":81,\"columnName\":\"product_id\",\"columnType\":\"bigint(20)\",\"createBy\":\"admin\",\"createTime\":\"2025-11-11 08:10:57\",\"dictType\":\"\",\"edit\":true,\"htmlType\":\"input\",\"increment\":false,\"insert\":true,\"isEdit\":\"1\",\"isIncrement\":\"0\",\"isInsert\":\"1\",\"isList\":\"1\",\"isPk\":\"0\",\"isQuery\":\"1\",\"isRequired\":\"1\",\"javaField\":\"productId\",\"javaType\":\"Long\",\"list\":true,\"params\":{},\"pk\":false,\"query\":true,\"queryType\":\"EQ\",\"required\":true,\"sort\":2,\"superColumn\":false,\"tableId\":9,\"updateBy\":\"\",\"updateTime\":\"2025-11-18 20:58:25\",\"usableColumn\":false},{\"capJavaField\":\"MaterialId\",\"columnComment\":\"原料ID\",\"columnId\":82,\"columnName\":\"material_id\",\"columnType\":\"bigint(20)\",\"createBy\":\"admin\",\"createTime\":\"2025-11-11 08:10:57\",\"dictType\":\"\",\"edit\":true,\"htmlType\":\"input\",\"increment\":false,\"insert\":true,\"isEdit\":\"1\",\"isIncrement\":\"0\",\"isInsert\":\"1\",\"isList\":\"1\",\"isPk\":\"0\",\"isQuery\":\"1\",\"isRequired\":\"1\",\"javaField\":\"materialId\",\"javaType\":\"Long\",\"list\":true,\"params\":{},\"pk\":false,\"query\":true,\"queryType\":\"EQ\",\"required\":true,\"sort\":3,\"superColumn\":false,\"tableId\":9,\"updateBy\":\"\",\"updateTime\":\"2025-11-18 20:58:25\",\"usableColumn\":false},{\"capJavaField\":\"Quantity\",\"columnComment\":\"用量\",\"columnId\":83,\"columnName\":\"quantity\",\"columnType\":\"decimal(10,4)\",\"createBy\":\"admin\",\"createTime\":\"2025-11-11 08:10:57\",\"dictType\":\"\",\"edit\":true,\"htmlType\"','{\"msg\":\"操作成功\",\"code\":200}',0,NULL,'2025-11-18 20:58:43',26),(230,'字典类型',1,'com.ruoyi.web.controller.system.SysDictTypeController.add()','POST',1,'admin','研发部门','/system/dict/type','127.0.0.1','内网IP','{\"createBy\":\"admin\",\"dictName\":\"上架状态\",\"dictType\":\"putaway_yes_no\",\"params\":{},\"remark\":\"0:上架 ,1:下架\",\"status\":\"0\"}','{\"msg\":\"操作成功\",\"code\":200}',0,NULL,'2025-11-18 21:03:20',14),(231,'字典数据',1,'com.ruoyi.web.controller.system.SysDictDataController.add()','POST',1,'admin','研发部门','/system/dict/data','127.0.0.1','内网IP','{\"createBy\":\"admin\",\"default\":false,\"dictLabel\":\"上架\",\"dictSort\":0,\"dictType\":\"putaway_yes_no\",\"dictValue\":\"0\",\"listClass\":\"primary\",\"params\":{},\"status\":\"0\"}','{\"msg\":\"操作成功\",\"code\":200}',0,NULL,'2025-11-18 21:05:33',11),(232,'字典数据',1,'com.ruoyi.web.controller.system.SysDictDataController.add()','POST',1,'admin','研发部门','/system/dict/data','127.0.0.1','内网IP','{\"createBy\":\"admin\",\"default\":false,\"dictLabel\":\"下架\",\"dictSort\":1,\"dictType\":\"putaway_yes_no\",\"dictValue\":\"1\",\"listClass\":\"warning\",\"params\":{},\"status\":\"0\"}','{\"msg\":\"操作成功\",\"code\":200}',0,NULL,'2025-11-18 21:06:30',12),(233,'代码生成',2,'com.ruoyi.generator.controller.GenController.editSave()','PUT',1,'admin','研发部门','/tool/gen','127.0.0.1','内网IP','{\"businessName\":\"info\",\"className\":\"ProductInfo\",\"columns\":[{\"capJavaField\":\"ProductId\",\"columnComment\":\"产品ID\",\"columnId\":87,\"columnName\":\"product_id\",\"columnType\":\"bigint(20)\",\"createBy\":\"admin\",\"createTime\":\"2025-11-11 08:10:57\",\"dictType\":\"\",\"edit\":false,\"htmlType\":\"input\",\"increment\":true,\"insert\":true,\"isIncrement\":\"1\",\"isInsert\":\"1\",\"isPk\":\"1\",\"isRequired\":\"0\",\"javaField\":\"productId\",\"javaType\":\"Long\",\"list\":false,\"params\":{},\"pk\":true,\"query\":false,\"queryType\":\"EQ\",\"required\":false,\"sort\":1,\"superColumn\":false,\"tableId\":10,\"updateBy\":\"\",\"updateTime\":\"2025-11-12 17:49:01\",\"usableColumn\":false},{\"capJavaField\":\"ProductName\",\"columnComment\":\"产品名称\",\"columnId\":88,\"columnName\":\"product_name\",\"columnType\":\"varchar(100)\",\"createBy\":\"admin\",\"createTime\":\"2025-11-11 08:10:57\",\"dictType\":\"\",\"edit\":true,\"htmlType\":\"input\",\"increment\":false,\"insert\":true,\"isEdit\":\"1\",\"isIncrement\":\"0\",\"isInsert\":\"1\",\"isList\":\"1\",\"isPk\":\"0\",\"isQuery\":\"1\",\"isRequired\":\"1\",\"javaField\":\"productName\",\"javaType\":\"String\",\"list\":true,\"params\":{},\"pk\":false,\"query\":true,\"queryType\":\"LIKE\",\"required\":true,\"sort\":2,\"superColumn\":false,\"tableId\":10,\"updateBy\":\"\",\"updateTime\":\"2025-11-12 17:49:01\",\"usableColumn\":false},{\"capJavaField\":\"CategoryId\",\"columnComment\":\"分类ID\",\"columnId\":89,\"columnName\":\"category_id\",\"columnType\":\"bigint(20)\",\"createBy\":\"admin\",\"createTime\":\"2025-11-11 08:10:57\",\"dictType\":\"\",\"edit\":true,\"htmlType\":\"input\",\"increment\":false,\"insert\":true,\"isEdit\":\"1\",\"isIncrement\":\"0\",\"isInsert\":\"1\",\"isList\":\"1\",\"isPk\":\"0\",\"isQuery\":\"0\",\"isRequired\":\"1\",\"javaField\":\"categoryId\",\"javaType\":\"Long\",\"list\":true,\"params\":{},\"pk\":false,\"query\":false,\"queryType\":\"EQ\",\"required\":true,\"sort\":3,\"superColumn\":false,\"tableId\":10,\"updateBy\":\"\",\"updateTime\":\"2025-11-12 17:49:01\",\"usableColumn\":false},{\"capJavaField\":\"Price\",\"columnComment\":\"价格\",\"columnId\":90,\"columnName\":\"price\",\"columnType\":\"decimal(10,2)\",\"createBy\":\"admin\",\"createTime\":\"2025-11-11 08:10:57\",\"dictType\":\"\",\"edit\":true,\"htmlType\":\"input\"','{\"msg\":\"操作成功\",\"code\":200}',0,NULL,'2025-11-18 21:07:13',36),(234,'代码生成',2,'com.ruoyi.generator.controller.GenController.editSave()','PUT',1,'admin','研发部门','/tool/gen','127.0.0.1','内网IP','{\"businessName\":\"info\",\"className\":\"ProductInfo\",\"columns\":[{\"capJavaField\":\"ProductId\",\"columnComment\":\"产品ID\",\"columnId\":87,\"columnName\":\"product_id\",\"columnType\":\"bigint(20)\",\"createBy\":\"admin\",\"createTime\":\"2025-11-11 08:10:57\",\"dictType\":\"\",\"edit\":false,\"htmlType\":\"input\",\"increment\":true,\"insert\":true,\"isIncrement\":\"1\",\"isInsert\":\"1\",\"isPk\":\"1\",\"isRequired\":\"0\",\"javaField\":\"productId\",\"javaType\":\"Long\",\"list\":false,\"params\":{},\"pk\":true,\"query\":false,\"queryType\":\"EQ\",\"required\":false,\"sort\":1,\"superColumn\":false,\"tableId\":10,\"updateBy\":\"\",\"updateTime\":\"2025-11-18 21:07:13\",\"usableColumn\":false},{\"capJavaField\":\"ProductName\",\"columnComment\":\"产品名称\",\"columnId\":88,\"columnName\":\"product_name\",\"columnType\":\"varchar(100)\",\"createBy\":\"admin\",\"createTime\":\"2025-11-11 08:10:57\",\"dictType\":\"\",\"edit\":true,\"htmlType\":\"input\",\"increment\":false,\"insert\":true,\"isEdit\":\"1\",\"isIncrement\":\"0\",\"isInsert\":\"1\",\"isList\":\"1\",\"isPk\":\"0\",\"isQuery\":\"1\",\"isRequired\":\"1\",\"javaField\":\"productName\",\"javaType\":\"String\",\"list\":true,\"params\":{},\"pk\":false,\"query\":true,\"queryType\":\"LIKE\",\"required\":true,\"sort\":2,\"superColumn\":false,\"tableId\":10,\"updateBy\":\"\",\"updateTime\":\"2025-11-18 21:07:13\",\"usableColumn\":false},{\"capJavaField\":\"CategoryId\",\"columnComment\":\"分类ID\",\"columnId\":89,\"columnName\":\"category_id\",\"columnType\":\"bigint(20)\",\"createBy\":\"admin\",\"createTime\":\"2025-11-11 08:10:57\",\"dictType\":\"\",\"edit\":true,\"htmlType\":\"input\",\"increment\":false,\"insert\":true,\"isEdit\":\"1\",\"isIncrement\":\"0\",\"isInsert\":\"1\",\"isList\":\"1\",\"isPk\":\"0\",\"isQuery\":\"0\",\"isRequired\":\"1\",\"javaField\":\"categoryId\",\"javaType\":\"Long\",\"list\":true,\"params\":{},\"pk\":false,\"query\":false,\"queryType\":\"EQ\",\"required\":true,\"sort\":3,\"superColumn\":false,\"tableId\":10,\"updateBy\":\"\",\"updateTime\":\"2025-11-18 21:07:13\",\"usableColumn\":false},{\"capJavaField\":\"Price\",\"columnComment\":\"价格\",\"columnId\":90,\"columnName\":\"price\",\"columnType\":\"decimal(10,2)\",\"createBy\":\"admin\",\"createTime\":\"2025-11-11 08:10:57\",\"dictType\":\"\",\"edit\":true,\"htmlType\":\"input\"','{\"msg\":\"操作成功\",\"code\":200}',0,NULL,'2025-11-18 21:08:58',36),(235,'代码生成',2,'com.ruoyi.generator.controller.GenController.editSave()','PUT',1,'admin','研发部门','/tool/gen','127.0.0.1','内网IP','{\"businessName\":\"supplier\",\"className\":\"Supplier\",\"columns\":[{\"capJavaField\":\"SupplierId\",\"columnComment\":\"供应商ID\",\"columnId\":143,\"columnName\":\"supplier_id\",\"columnType\":\"bigint(20)\",\"createBy\":\"admin\",\"createTime\":\"2025-11-11 08:10:57\",\"dictType\":\"\",\"edit\":false,\"htmlType\":\"input\",\"increment\":true,\"insert\":true,\"isIncrement\":\"1\",\"isInsert\":\"1\",\"isPk\":\"1\",\"isRequired\":\"0\",\"javaField\":\"supplierId\",\"javaType\":\"Long\",\"list\":false,\"params\":{},\"pk\":true,\"query\":false,\"queryType\":\"EQ\",\"required\":false,\"sort\":1,\"superColumn\":false,\"tableId\":15,\"updateBy\":\"\",\"updateTime\":\"2025-11-14 14:32:48\",\"usableColumn\":false},{\"capJavaField\":\"SupplierName\",\"columnComment\":\"供应商名称\",\"columnId\":144,\"columnName\":\"supplier_name\",\"columnType\":\"varchar(100)\",\"createBy\":\"admin\",\"createTime\":\"2025-11-11 08:10:57\",\"dictType\":\"\",\"edit\":true,\"htmlType\":\"input\",\"increment\":false,\"insert\":true,\"isEdit\":\"1\",\"isIncrement\":\"0\",\"isInsert\":\"1\",\"isList\":\"1\",\"isPk\":\"0\",\"isQuery\":\"1\",\"isRequired\":\"1\",\"javaField\":\"supplierName\",\"javaType\":\"String\",\"list\":true,\"params\":{},\"pk\":false,\"query\":true,\"queryType\":\"LIKE\",\"required\":true,\"sort\":2,\"superColumn\":false,\"tableId\":15,\"updateBy\":\"\",\"updateTime\":\"2025-11-14 14:32:48\",\"usableColumn\":false},{\"capJavaField\":\"ContactPerson\",\"columnComment\":\"联系人\",\"columnId\":145,\"columnName\":\"contact_person\",\"columnType\":\"varchar(50)\",\"createBy\":\"admin\",\"createTime\":\"2025-11-11 08:10:57\",\"dictType\":\"\",\"edit\":true,\"htmlType\":\"input\",\"increment\":false,\"insert\":true,\"isEdit\":\"1\",\"isIncrement\":\"0\",\"isInsert\":\"1\",\"isList\":\"1\",\"isPk\":\"0\",\"isQuery\":\"1\",\"isRequired\":\"0\",\"javaField\":\"contactPerson\",\"javaType\":\"String\",\"list\":true,\"params\":{},\"pk\":false,\"query\":true,\"queryType\":\"EQ\",\"required\":false,\"sort\":3,\"superColumn\":false,\"tableId\":15,\"updateBy\":\"\",\"updateTime\":\"2025-11-14 14:32:48\",\"usableColumn\":false},{\"capJavaField\":\"ContactPhone\",\"columnComment\":\"联系电话\",\"columnId\":146,\"columnName\":\"contact_phone\",\"columnType\":\"varchar(20)\",\"createBy\":\"admin\",\"createTime\":\"2025-11-11 08:10:57\",\"dict','{\"msg\":\"操作成功\",\"code\":200}',0,NULL,'2025-11-18 21:11:51',28),(236,'代码生成',2,'com.ruoyi.generator.controller.GenController.editSave()','PUT',1,'admin','研发部门','/tool/gen','127.0.0.1','内网IP','{\"businessName\":\"category\",\"className\":\"MaterialCategory\",\"columns\":[{\"capJavaField\":\"CategoryId\",\"columnComment\":\"分类ID\",\"columnId\":10,\"columnName\":\"category_id\",\"columnType\":\"bigint(20)\",\"createBy\":\"admin\",\"createTime\":\"2025-11-11 08:10:56\",\"dictType\":\"\",\"edit\":false,\"htmlType\":\"input\",\"increment\":true,\"insert\":true,\"isIncrement\":\"1\",\"isInsert\":\"1\",\"isPk\":\"1\",\"isRequired\":\"0\",\"javaField\":\"categoryId\",\"javaType\":\"Long\",\"list\":false,\"params\":{},\"pk\":true,\"query\":false,\"queryType\":\"EQ\",\"required\":false,\"sort\":1,\"superColumn\":false,\"tableId\":2,\"updateBy\":\"\",\"updateTime\":\"2025-11-14 14:46:54\",\"usableColumn\":false},{\"capJavaField\":\"CategoryName\",\"columnComment\":\"分类名称\",\"columnId\":11,\"columnName\":\"category_name\",\"columnType\":\"varchar(50)\",\"createBy\":\"admin\",\"createTime\":\"2025-11-11 08:10:56\",\"dictType\":\"\",\"edit\":true,\"htmlType\":\"input\",\"increment\":false,\"insert\":true,\"isEdit\":\"1\",\"isIncrement\":\"0\",\"isInsert\":\"1\",\"isList\":\"1\",\"isPk\":\"0\",\"isQuery\":\"1\",\"isRequired\":\"1\",\"javaField\":\"categoryName\",\"javaType\":\"String\",\"list\":true,\"params\":{},\"pk\":false,\"query\":true,\"queryType\":\"LIKE\",\"required\":true,\"sort\":2,\"superColumn\":false,\"tableId\":2,\"updateBy\":\"\",\"updateTime\":\"2025-11-14 14:46:54\",\"usableColumn\":false},{\"capJavaField\":\"ParentId\",\"columnComment\":\"父分类ID\",\"columnId\":12,\"columnName\":\"parent_id\",\"columnType\":\"bigint(20)\",\"createBy\":\"admin\",\"createTime\":\"2025-11-11 08:10:56\",\"dictType\":\"\",\"edit\":true,\"htmlType\":\"input\",\"increment\":false,\"insert\":true,\"isEdit\":\"1\",\"isIncrement\":\"0\",\"isInsert\":\"1\",\"isList\":\"1\",\"isPk\":\"0\",\"isQuery\":\"1\",\"isRequired\":\"0\",\"javaField\":\"parentId\",\"javaType\":\"Long\",\"list\":true,\"params\":{},\"pk\":false,\"query\":true,\"queryType\":\"EQ\",\"required\":false,\"sort\":3,\"superColumn\":true,\"tableId\":2,\"updateBy\":\"\",\"updateTime\":\"2025-11-14 14:46:54\",\"usableColumn\":true},{\"capJavaField\":\"OrderNum\",\"columnComment\":\"显示顺序\",\"columnId\":13,\"columnName\":\"order_num\",\"columnType\":\"int(11)\",\"createBy\":\"admin\",\"createTime\":\"2025-11-11 08:10:56\",\"dictType\":\"\",\"edit\":true,\"htmlType\":','{\"msg\":\"操作成功\",\"code\":200}',0,NULL,'2025-11-18 21:13:05',24),(237,'代码生成',2,'com.ruoyi.generator.controller.GenController.editSave()','PUT',1,'admin','研发部门','/tool/gen','127.0.0.1','内网IP','{\"businessName\":\"info\",\"className\":\"MaterialInfo\",\"columns\":[{\"capJavaField\":\"MaterialId\",\"columnComment\":\"原料ID\",\"columnId\":17,\"columnName\":\"material_id\",\"columnType\":\"bigint(20)\",\"createBy\":\"admin\",\"createTime\":\"2025-11-11 08:10:56\",\"dictType\":\"\",\"edit\":false,\"htmlType\":\"input\",\"increment\":true,\"insert\":true,\"isIncrement\":\"1\",\"isInsert\":\"1\",\"isPk\":\"1\",\"isRequired\":\"0\",\"javaField\":\"materialId\",\"javaType\":\"Long\",\"list\":false,\"params\":{},\"pk\":true,\"query\":false,\"queryType\":\"EQ\",\"required\":false,\"sort\":1,\"superColumn\":false,\"tableId\":3,\"updateBy\":\"\",\"updateTime\":\"2025-11-14 14:37:46\",\"usableColumn\":false},{\"capJavaField\":\"MaterialName\",\"columnComment\":\"原料名称\",\"columnId\":18,\"columnName\":\"material_name\",\"columnType\":\"varchar(100)\",\"createBy\":\"admin\",\"createTime\":\"2025-11-11 08:10:56\",\"dictType\":\"\",\"edit\":true,\"htmlType\":\"input\",\"increment\":false,\"insert\":true,\"isEdit\":\"1\",\"isIncrement\":\"0\",\"isInsert\":\"1\",\"isList\":\"1\",\"isPk\":\"0\",\"isQuery\":\"1\",\"isRequired\":\"1\",\"javaField\":\"materialName\",\"javaType\":\"String\",\"list\":true,\"params\":{},\"pk\":false,\"query\":true,\"queryType\":\"LIKE\",\"required\":true,\"sort\":2,\"superColumn\":false,\"tableId\":3,\"updateBy\":\"\",\"updateTime\":\"2025-11-14 14:37:46\",\"usableColumn\":false},{\"capJavaField\":\"CategoryId\",\"columnComment\":\"分类ID\",\"columnId\":19,\"columnName\":\"category_id\",\"columnType\":\"bigint(20)\",\"createBy\":\"admin\",\"createTime\":\"2025-11-11 08:10:56\",\"dictType\":\"\",\"edit\":true,\"htmlType\":\"input\",\"increment\":false,\"insert\":true,\"isEdit\":\"1\",\"isIncrement\":\"0\",\"isInsert\":\"1\",\"isList\":\"1\",\"isPk\":\"0\",\"isQuery\":\"1\",\"isRequired\":\"1\",\"javaField\":\"categoryId\",\"javaType\":\"Long\",\"list\":true,\"params\":{},\"pk\":false,\"query\":true,\"queryType\":\"EQ\",\"required\":true,\"sort\":3,\"superColumn\":false,\"tableId\":3,\"updateBy\":\"\",\"updateTime\":\"2025-11-14 14:37:46\",\"usableColumn\":false},{\"capJavaField\":\"Specification\",\"columnComment\":\"规格\",\"columnId\":20,\"columnName\":\"specification\",\"columnType\":\"varchar(100)\",\"createBy\":\"admin\",\"createTime\":\"2025-11-11 08:10:56\",\"dictType\":\"\",\"edit\":true,','{\"msg\":\"操作成功\",\"code\":200}',0,NULL,'2025-11-18 21:17:26',33),(238,'代码生成',8,'com.ruoyi.generator.controller.GenController.batchGenCode()','GET',1,'admin','研发部门','/tool/gen/batchGenCode','127.0.0.1','内网IP','{\"tables\":\"product_attribute,product_category,product_formula,product_info,supplier,material_category,material_info\"}',NULL,0,NULL,'2025-11-18 21:19:27',371),(239,'菜单管理',3,'com.ruoyi.web.controller.system.SysMenuController.remove()','DELETE',1,'admin','研发部门','/system/menu/2026','127.0.0.1','内网IP','2026','{\"msg\":\"存在子菜单,不允许删除\",\"code\":601}',0,NULL,'2025-11-18 21:24:27',5),(240,'菜单管理',3,'com.ruoyi.web.controller.system.SysMenuController.remove()','DELETE',1,'admin','研发部门','/system/menu/2027','127.0.0.1','内网IP','2027','{\"msg\":\"操作成功\",\"code\":200}',0,NULL,'2025-11-18 21:24:34',16),(241,'菜单管理',3,'com.ruoyi.web.controller.system.SysMenuController.remove()','DELETE',1,'admin','研发部门','/system/menu/2028','127.0.0.1','内网IP','2028','{\"msg\":\"操作成功\",\"code\":200}',0,NULL,'2025-11-18 21:24:38',12),(242,'菜单管理',3,'com.ruoyi.web.controller.system.SysMenuController.remove()','DELETE',1,'admin','研发部门','/system/menu/2029','127.0.0.1','内网IP','2029','{\"msg\":\"操作成功\",\"code\":200}',0,NULL,'2025-11-18 21:24:41',18),(243,'菜单管理',3,'com.ruoyi.web.controller.system.SysMenuController.remove()','DELETE',1,'admin','研发部门','/system/menu/2030','127.0.0.1','内网IP','2030','{\"msg\":\"操作成功\",\"code\":200}',0,NULL,'2025-11-18 21:24:45',18),(244,'菜单管理',3,'com.ruoyi.web.controller.system.SysMenuController.remove()','DELETE',1,'admin','研发部门','/system/menu/2031','127.0.0.1','内网IP','2031','{\"msg\":\"操作成功\",\"code\":200}',0,NULL,'2025-11-18 21:24:47',11),(245,'菜单管理',3,'com.ruoyi.web.controller.system.SysMenuController.remove()','DELETE',1,'admin','研发部门','/system/menu/2026','127.0.0.1','内网IP','2026','{\"msg\":\"操作成功\",\"code\":200}',0,NULL,'2025-11-18 21:24:50',9),(246,'菜单管理',3,'com.ruoyi.web.controller.system.SysMenuController.remove()','DELETE',1,'admin','研发部门','/system/menu/2003','127.0.0.1','内网IP','2003','{\"msg\":\"操作成功\",\"code\":200}',0,NULL,'2025-11-18 21:25:00',12),(247,'菜单管理',3,'com.ruoyi.web.controller.system.SysMenuController.remove()','DELETE',1,'admin','研发部门','/system/menu/2004','127.0.0.1','内网IP','2004','{\"msg\":\"操作成功\",\"code\":200}',0,NULL,'2025-11-18 21:25:04',12),(248,'菜单管理',3,'com.ruoyi.web.controller.system.SysMenuController.remove()','DELETE',1,'admin','研发部门','/system/menu/2005','127.0.0.1','内网IP','2005','{\"msg\":\"操作成功\",\"code\":200}',0,NULL,'2025-11-18 21:25:08',13),(249,'菜单管理',3,'com.ruoyi.web.controller.system.SysMenuController.remove()','DELETE',1,'admin','研发部门','/system/menu/2006','127.0.0.1','内网IP','2006','{\"msg\":\"操作成功\",\"code\":200}',0,NULL,'2025-11-18 21:25:11',12),(250,'菜单管理',3,'com.ruoyi.web.controller.system.SysMenuController.remove()','DELETE',1,'admin','研发部门','/system/menu/2007','127.0.0.1','内网IP','2007','{\"msg\":\"操作成功\",\"code\":200}',0,NULL,'2025-11-18 21:25:15',14),(251,'菜单管理',3,'com.ruoyi.web.controller.system.SysMenuController.remove()','DELETE',1,'admin','研发部门','/system/menu/2002','127.0.0.1','内网IP','2002','{\"msg\":\"操作成功\",\"code\":200}',0,NULL,'2025-11-18 21:25:18',10),(252,'菜单管理',3,'com.ruoyi.web.controller.system.SysMenuController.remove()','DELETE',1,'admin','研发部门','/system/menu/2051','127.0.0.1','内网IP','2051','{\"msg\":\"操作成功\",\"code\":200}',0,NULL,'2025-11-18 22:46:56',24),(253,'菜单管理',3,'com.ruoyi.web.controller.system.SysMenuController.remove()','DELETE',1,'admin','研发部门','/system/menu/2052','127.0.0.1','内网IP','2052','{\"msg\":\"操作成功\",\"code\":200}',0,NULL,'2025-11-18 22:46:59',19),(254,'菜单管理',3,'com.ruoyi.web.controller.system.SysMenuController.remove()','DELETE',1,'admin','研发部门','/system/menu/2053','127.0.0.1','内网IP','2053','{\"msg\":\"操作成功\",\"code\":200}',0,NULL,'2025-11-18 22:47:04',12),(255,'菜单管理',3,'com.ruoyi.web.controller.system.SysMenuController.remove()','DELETE',1,'admin','研发部门','/system/menu/2054','127.0.0.1','内网IP','2054','{\"msg\":\"操作成功\",\"code\":200}',0,NULL,'2025-11-18 22:47:07',12),(256,'菜单管理',3,'com.ruoyi.web.controller.system.SysMenuController.remove()','DELETE',1,'admin','研发部门','/system/menu/2055','127.0.0.1','内网IP','2055','{\"msg\":\"操作成功\",\"code\":200}',0,NULL,'2025-11-18 22:47:10',10),(257,'菜单管理',3,'com.ruoyi.web.controller.system.SysMenuController.remove()','DELETE',1,'admin','研发部门','/system/menu/2050','127.0.0.1','内网IP','2050','{\"msg\":\"操作成功\",\"code\":200}',0,NULL,'2025-11-18 22:47:13',10),(258,'代码生成',2,'com.ruoyi.generator.controller.GenController.editSave()','PUT',1,'admin','研发部门','/tool/gen','127.0.0.1','内网IP','{\"businessName\":\"category\",\"className\":\"ProductCategory\",\"columns\":[{\"capJavaField\":\"CategoryId\",\"columnComment\":\"分类ID\",\"columnId\":73,\"columnName\":\"category_id\",\"columnType\":\"bigint(20)\",\"createBy\":\"admin\",\"createTime\":\"2025-11-11 08:10:57\",\"dictType\":\"\",\"edit\":false,\"htmlType\":\"input\",\"increment\":true,\"insert\":true,\"isIncrement\":\"1\",\"isInsert\":\"1\",\"isPk\":\"1\",\"isRequired\":\"0\",\"javaField\":\"categoryId\",\"javaType\":\"Long\",\"list\":false,\"params\":{},\"pk\":true,\"query\":false,\"queryType\":\"EQ\",\"required\":false,\"sort\":1,\"superColumn\":false,\"tableId\":8,\"updateBy\":\"\",\"updateTime\":\"2025-11-18 20:54:18\",\"usableColumn\":false},{\"capJavaField\":\"CategoryName\",\"columnComment\":\"分类名称\",\"columnId\":74,\"columnName\":\"category_name\",\"columnType\":\"varchar(50)\",\"createBy\":\"admin\",\"createTime\":\"2025-11-11 08:10:57\",\"dictType\":\"\",\"edit\":true,\"htmlType\":\"input\",\"increment\":false,\"insert\":true,\"isEdit\":\"1\",\"isIncrement\":\"0\",\"isInsert\":\"1\",\"isList\":\"1\",\"isPk\":\"0\",\"isQuery\":\"1\",\"isRequired\":\"1\",\"javaField\":\"categoryName\",\"javaType\":\"String\",\"list\":true,\"params\":{},\"pk\":false,\"query\":true,\"queryType\":\"LIKE\",\"required\":true,\"sort\":2,\"superColumn\":false,\"tableId\":8,\"updateBy\":\"\",\"updateTime\":\"2025-11-18 20:54:18\",\"usableColumn\":false},{\"capJavaField\":\"ParentId\",\"columnComment\":\"父分类ID\",\"columnId\":75,\"columnName\":\"parent_id\",\"columnType\":\"bigint(20)\",\"createBy\":\"admin\",\"createTime\":\"2025-11-11 08:10:57\",\"dictType\":\"\",\"edit\":true,\"htmlType\":\"input\",\"increment\":false,\"insert\":true,\"isEdit\":\"1\",\"isIncrement\":\"0\",\"isInsert\":\"1\",\"isList\":\"1\",\"isPk\":\"0\",\"isQuery\":\"1\",\"isRequired\":\"0\",\"javaField\":\"parentId\",\"javaType\":\"Long\",\"list\":true,\"params\":{},\"pk\":false,\"query\":true,\"queryType\":\"EQ\",\"required\":false,\"sort\":3,\"superColumn\":true,\"tableId\":8,\"updateBy\":\"\",\"updateTime\":\"2025-11-18 20:54:18\",\"usableColumn\":true},{\"capJavaField\":\"OrderNum\",\"columnComment\":\"显示顺序\",\"columnId\":76,\"columnName\":\"order_num\",\"columnType\":\"int(11)\",\"createBy\":\"admin\",\"createTime\":\"2025-11-11 08:10:57\",\"dictType\":\"\",\"edit\":true,\"htmlType\":\"','{\"msg\":\"操作成功\",\"code\":200}',0,NULL,'2025-11-18 22:48:41',63),(259,'代码生成',8,'com.ruoyi.generator.controller.GenController.batchGenCode()','GET',1,'admin','研发部门','/tool/gen/batchGenCode','127.0.0.1','内网IP','{\"tables\":\"product_category\"}',NULL,0,NULL,'2025-11-18 22:48:58',48),(260,'菜单管理',2,'com.ruoyi.web.controller.system.SysMenuController.edit()','PUT',1,'admin','研发部门','/system/menu','127.0.0.1','内网IP','{\"children\":[],\"component\":\"product/category/index\",\"createTime\":\"2025-11-18 21:28:37\",\"icon\":\"#\",\"isCache\":\"0\",\"isFrame\":\"1\",\"menuId\":2056,\"menuName\":\"产品分类\",\"menuType\":\"C\",\"orderNum\":1,\"params\":{},\"parentId\":2000,\"path\":\"category\",\"perms\":\"product:category:list\",\"routeName\":\"\",\"status\":\"0\",\"updateBy\":\"admin\",\"visible\":\"0\"}','{\"msg\":\"操作成功\",\"code\":200}',0,NULL,'2025-11-18 22:57:03',34),(261,'菜单管理',3,'com.ruoyi.web.controller.system.SysMenuController.remove()','DELETE',1,'admin','研发部门','/system/menu/2056','127.0.0.1','内网IP','2056','{\"msg\":\"存在子菜单,不允许删除\",\"code\":601}',0,NULL,'2025-11-18 22:58:23',5),(262,'菜单管理',3,'com.ruoyi.web.controller.system.SysMenuController.remove()','DELETE',1,'admin','研发部门','/system/menu/2057','127.0.0.1','内网IP','2057','{\"msg\":\"操作成功\",\"code\":200}',0,NULL,'2025-11-18 22:58:26',12),(263,'菜单管理',3,'com.ruoyi.web.controller.system.SysMenuController.remove()','DELETE',1,'admin','研发部门','/system/menu/2058','127.0.0.1','内网IP','2058','{\"msg\":\"操作成功\",\"code\":200}',0,NULL,'2025-11-18 22:58:29',10),(264,'菜单管理',3,'com.ruoyi.web.controller.system.SysMenuController.remove()','DELETE',1,'admin','研发部门','/system/menu/2059','127.0.0.1','内网IP','2059','{\"msg\":\"操作成功\",\"code\":200}',0,NULL,'2025-11-18 22:58:31',12),(265,'菜单管理',3,'com.ruoyi.web.controller.system.SysMenuController.remove()','DELETE',1,'admin','研发部门','/system/menu/2060','127.0.0.1','内网IP','2060','{\"msg\":\"操作成功\",\"code\":200}',0,NULL,'2025-11-18 22:58:33',12),(266,'菜单管理',3,'com.ruoyi.web.controller.system.SysMenuController.remove()','DELETE',1,'admin','研发部门','/system/menu/2061','127.0.0.1','内网IP','2061','{\"msg\":\"操作成功\",\"code\":200}',0,NULL,'2025-11-18 22:58:35',14),(267,'菜单管理',3,'com.ruoyi.web.controller.system.SysMenuController.remove()','DELETE',1,'admin','研发部门','/system/menu/2056','127.0.0.1','内网IP','2056','{\"msg\":\"操作成功\",\"code\":200}',0,NULL,'2025-11-18 22:58:38',16),(268,'菜单管理',3,'com.ruoyi.web.controller.system.SysMenuController.remove()','DELETE',1,'admin','研发部门','/system/menu/2062','127.0.0.1','内网IP','2062','{\"msg\":\"存在子菜单,不允许删除\",\"code\":601}',0,NULL,'2025-11-20 15:40:33',14),(269,'菜单管理',3,'com.ruoyi.web.controller.system.SysMenuController.remove()','DELETE',1,'admin','研发部门','/system/menu/2063','127.0.0.1','内网IP','2063','{\"msg\":\"操作成功\",\"code\":200}',0,NULL,'2025-11-20 15:40:43',62),(270,'菜单管理',3,'com.ruoyi.web.controller.system.SysMenuController.remove()','DELETE',1,'admin','研发部门','/system/menu/2064','127.0.0.1','内网IP','2064','{\"msg\":\"操作成功\",\"code\":200}',0,NULL,'2025-11-20 15:40:48',15),(271,'菜单管理',3,'com.ruoyi.web.controller.system.SysMenuController.remove()','DELETE',1,'admin','研发部门','/system/menu/2065','127.0.0.1','内网IP','2065','{\"msg\":\"操作成功\",\"code\":200}',0,NULL,'2025-11-20 15:40:53',15),(272,'菜单管理',3,'com.ruoyi.web.controller.system.SysMenuController.remove()','DELETE',1,'admin','研发部门','/system/menu/2066','127.0.0.1','内网IP','2066','{\"msg\":\"操作成功\",\"code\":200}',0,NULL,'2025-11-20 15:40:59',21),(273,'菜单管理',3,'com.ruoyi.web.controller.system.SysMenuController.remove()','DELETE',1,'admin','研发部门','/system/menu/2067','127.0.0.1','内网IP','2067','{\"msg\":\"操作成功\",\"code\":200}',0,NULL,'2025-11-20 15:41:03',17),(274,'菜单管理',3,'com.ruoyi.web.controller.system.SysMenuController.remove()','DELETE',1,'admin','研发部门','/system/menu/2062','127.0.0.1','内网IP','2062','{\"msg\":\"操作成功\",\"code\":200}',0,NULL,'2025-11-20 15:41:08',18),(275,'代码生成',8,'com.ruoyi.generator.controller.GenController.batchGenCode()','GET',1,'admin','研发部门','/tool/gen/batchGenCode','127.0.0.1','内网IP','{\"tables\":\"product_category,product_info\"}',NULL,0,NULL,'2025-11-20 15:50:54',610),(276,'代码生成',6,'com.ruoyi.generator.controller.GenController.importTableSave()','POST',1,'admin','研发部门','/tool/gen/importTable','127.0.0.1','内网IP','{\"tables\":\"sys_dept\"}','{\"msg\":\"操作成功\",\"code\":200}',0,NULL,'2025-11-21 10:25:11',285),(277,'代码生成',3,'com.ruoyi.generator.controller.GenController.remove()','DELETE',1,'admin','研发部门','/tool/gen/17','127.0.0.1','内网IP','[17]','{\"msg\":\"操作成功\",\"code\":200}',0,NULL,'2025-11-21 10:25:27',35),(278,'产品配方',1,'com.ruoyi.product.controller.ProductFormulaController.add()','POST',1,'admin','研发部门','/product/formula','127.0.0.1','内网IP','{\"createTime\":\"2025-11-23 17:46:10\",\"formulaId\":12011,\"materialId\":4001,\"params\":{},\"productId\":1001,\"quantity\":0.1,\"unit\":\"g\"}','{\"msg\":\"操作成功\",\"code\":200}',0,NULL,'2025-11-23 17:46:10',43),(279,'原料分类',1,'com.ruoyi.material.controller.MaterialCategoryController.add()','POST',1,'admin','研发部门','/material/category','127.0.0.1','内网IP','{\"categoryId\":2013,\"categoryName\":\"铁观音\",\"children\":[],\"createTime\":\"2025-11-23 17:49:11\",\"params\":{},\"parentId\":2011,\"status\":1}','{\"msg\":\"操作成功\",\"code\":200}',0,NULL,'2025-11-23 17:49:11',8),(280,'菜单管理',2,'com.ruoyi.web.controller.system.SysMenuController.edit()','PUT',1,'admin','研发部门','/system/menu','127.0.0.1','内网IP','{\"children\":[],\"component\":\"material/info/index\",\"createTime\":\"2025-11-14 14:53:55\",\"icon\":\"#\",\"isCache\":\"0\",\"isFrame\":\"1\",\"menuId\":2038,\"menuName\":\"原料信息\",\"menuType\":\"C\",\"orderNum\":1,\"params\":{},\"parentId\":2008,\"path\":\"info\",\"perms\":\"material:info:list\",\"routeName\":\"\",\"status\":\"0\",\"updateBy\":\"admin\",\"visible\":\"0\"}','{\"msg\":\"操作成功\",\"code\":200}',0,NULL,'2025-11-23 18:21:53',18),(281,'菜单管理',2,'com.ruoyi.web.controller.system.SysMenuController.edit()','PUT',1,'admin','研发部门','/system/menu','127.0.0.1','内网IP','{\"children\":[],\"component\":\"material/category/index\",\"createTime\":\"2025-11-14 14:53:55\",\"icon\":\"#\",\"isCache\":\"0\",\"isFrame\":\"1\",\"menuId\":2032,\"menuName\":\"原料分类\",\"menuType\":\"C\",\"orderNum\":2,\"params\":{},\"parentId\":2008,\"path\":\"category\",\"perms\":\"material:category:list\",\"routeName\":\"\",\"status\":\"0\",\"updateBy\":\"admin\",\"visible\":\"0\"}','{\"msg\":\"操作成功\",\"code\":200}',0,NULL,'2025-11-23 18:21:58',15),(282,'菜单管理',2,'com.ruoyi.web.controller.system.SysMenuController.edit()','PUT',1,'admin','研发部门','/system/menu','127.0.0.1','内网IP','{\"children\":[],\"component\":\"material/supplier/index\",\"createTime\":\"2025-11-14 14:53:55\",\"icon\":\"#\",\"isCache\":\"0\",\"isFrame\":\"1\",\"menuId\":2044,\"menuName\":\"供应商\",\"menuType\":\"C\",\"orderNum\":3,\"params\":{},\"parentId\":2008,\"path\":\"supplier\",\"perms\":\"material:supplier:list\",\"routeName\":\"\",\"status\":\"0\",\"updateBy\":\"admin\",\"visible\":\"0\"}','{\"msg\":\"操作成功\",\"code\":200}',0,NULL,'2025-11-23 18:22:03',9),(283,'产品信息',1,'com.ruoyi.product.controller.ProductInfoController.add()','POST',1,'admin','研发部门','/product/info','127.0.0.1','内网IP','{\"categoryId\":1002,\"createTime\":\"2025-11-23 18:23:38\",\"imageUrl\":\"/profile/upload/2025/11/23/ingredient _20251123182321A001.png\",\"params\":{},\"price\":1212,\"productFormulaList\":[{\"materialId\":4001,\"params\":{},\"productId\":1020,\"quantity\":1,\"unit\":\"1\"}],\"productId\":1020,\"productName\":\"茶1\"}',NULL,1,'\r\n### Error updating database.  Cause: java.sql.SQLIntegrityConstraintViolationException: Column \'create_time\' cannot be null\r\n### The error may exist in file [D:\\workspace\\idea\\MTOI\\ruoyi-product\\target\\classes\\mapper\\product\\ProductInfoMapper.xml]\r\n### The error may involve defaultParameterMap\r\n### The error occurred while setting parameters\r\n### SQL: insert into product_formula( formula_id, product_id, material_id, quantity, unit, create_time, update_time) values                        ( ?, ?, ?, ?, ?, ?, ?)\r\n### Cause: java.sql.SQLIntegrityConstraintViolationException: Column \'create_time\' cannot be null\n; Column \'create_time\' cannot be null; nested exception is java.sql.SQLIntegrityConstraintViolationException: Column \'create_time\' cannot be null','2025-11-23 18:23:39',154),(284,'菜单管理',2,'com.ruoyi.web.controller.system.SysMenuController.edit()','PUT',1,'admin','研发部门','/system/menu','127.0.0.1','内网IP','{\"children\":[],\"component\":\"product/formula/index\",\"createTime\":\"2025-11-11 23:22:20\",\"icon\":\"#\",\"isCache\":\"0\",\"isFrame\":\"1\",\"menuId\":2020,\"menuName\":\"产品配方\",\"menuType\":\"C\",\"orderNum\":4,\"params\":{},\"parentId\":2000,\"path\":\"formula\",\"perms\":\"product:formula:list\",\"routeName\":\"\",\"status\":\"1\",\"updateBy\":\"admin\",\"visible\":\"0\"}','{\"msg\":\"操作成功\",\"code\":200}',0,NULL,'2025-11-23 18:37:42',10),(285,'产品信息',1,'com.ruoyi.product.controller.ProductInfoController.add()','POST',1,'admin','研发部门','/product/info','127.0.0.1','内网IP','{\"categoryId\":1002,\"createTime\":\"2025-11-23 18:54:21\",\"imageUrl\":\"/profile/upload/2025/11/23/milkyTea1_20251123185413A002.png\",\"params\":{},\"price\":1,\"productFormulaList\":[{\"materialId\":4007,\"params\":{},\"productId\":1021,\"quantity\":1,\"unit\":\"g\"}],\"productId\":1021,\"productName\":\"草莓\"}',NULL,1,'\r\n### Error updating database.  Cause: java.sql.SQLIntegrityConstraintViolationException: Column \'create_time\' cannot be null\r\n### The error may exist in file [D:\\workspace\\idea\\MTOI\\ruoyi-product\\target\\classes\\mapper\\product\\ProductInfoMapper.xml]\r\n### The error may involve defaultParameterMap\r\n### The error occurred while setting parameters\r\n### SQL: insert into product_formula( formula_id, product_id, material_id, quantity, unit, create_time, update_time) values                        ( ?, ?, ?, ?, ?, ?, ?)\r\n### Cause: java.sql.SQLIntegrityConstraintViolationException: Column \'create_time\' cannot be null\n; Column \'create_time\' cannot be null; nested exception is java.sql.SQLIntegrityConstraintViolationException: Column \'create_time\' cannot be null','2025-11-23 18:54:21',17),(286,'产品信息',1,'com.ruoyi.product.controller.ProductInfoController.add()','POST',1,'admin','研发部门','/product/info','127.0.0.1','内网IP','{\"categoryId\":1012,\"createTime\":\"2025-11-23 18:55:27\",\"params\":{},\"price\":1,\"productFormulaList\":[{\"materialId\":4007,\"params\":{},\"productId\":1022,\"unit\":\"\"}],\"productId\":1022,\"productName\":\"1\"}',NULL,1,'\r\n### Error updating database.  Cause: java.sql.SQLIntegrityConstraintViolationException: Column \'quantity\' cannot be null\r\n### The error may exist in file [D:\\workspace\\idea\\MTOI\\ruoyi-product\\target\\classes\\mapper\\product\\ProductInfoMapper.xml]\r\n### The error may involve defaultParameterMap\r\n### The error occurred while setting parameters\r\n### SQL: insert into product_formula( formula_id, product_id, material_id, quantity, unit, create_time, update_time) values                        ( ?, ?, ?, ?, ?, ?, ?)\r\n### Cause: java.sql.SQLIntegrityConstraintViolationException: Column \'quantity\' cannot be null\n; Column \'quantity\' cannot be null; nested exception is java.sql.SQLIntegrityConstraintViolationException: Column \'quantity\' cannot be null','2025-11-23 18:55:27',41),(287,'产品信息',1,'com.ruoyi.product.controller.ProductInfoController.add()','POST',1,'admin','研发部门','/product/info','127.0.0.1','内网IP','{\"categoryId\":1012,\"createTime\":\"2025-11-23 19:02:17\",\"params\":{},\"price\":1,\"productFormulaList\":[{\"materialId\":4007,\"params\":{},\"productId\":1023,\"quantity\":1,\"unit\":\"1\"}],\"productId\":1023,\"productName\":\"1\"}',NULL,1,'\r\n### Error updating database.  Cause: java.sql.SQLIntegrityConstraintViolationException: Column \'create_time\' cannot be null\r\n### The error may exist in file [D:\\workspace\\idea\\MTOI\\ruoyi-product\\target\\classes\\mapper\\product\\ProductInfoMapper.xml]\r\n### The error may involve defaultParameterMap\r\n### The error occurred while setting parameters\r\n### SQL: insert into product_formula( formula_id, product_id, material_id, quantity, unit, create_time, update_time) values                        ( ?, ?, ?, ?, ?, ?, ?)\r\n### Cause: java.sql.SQLIntegrityConstraintViolationException: Column \'create_time\' cannot be null\n; Column \'create_time\' cannot be null; nested exception is java.sql.SQLIntegrityConstraintViolationException: Column \'create_time\' cannot be null','2025-11-23 19:02:17',13),(288,'产品信息',1,'com.ruoyi.product.controller.ProductInfoController.add()','POST',1,'admin','研发部门','/product/info','127.0.0.1','内网IP','{\"categoryId\":1001,\"createTime\":\"2025-11-23 19:09:40\",\"params\":{},\"price\":1,\"productFormulaList\":[{\"materialId\":4006,\"params\":{},\"productId\":1024,\"quantity\":1,\"unit\":\"瓶\"}],\"productId\":1024,\"productName\":\"1\"}',NULL,1,'\r\n### Error updating database.  Cause: java.sql.SQLIntegrityConstraintViolationException: Column \'create_time\' cannot be null\r\n### The error may exist in file [D:\\workspace\\idea\\MTOI\\ruoyi-product\\target\\classes\\mapper\\product\\ProductInfoMapper.xml]\r\n### The error may involve defaultParameterMap\r\n### The error occurred while setting parameters\r\n### SQL: insert into product_formula( formula_id, product_id, material_id, quantity, unit, create_time, update_time) values                        ( ?, ?, ?, ?, ?, ?, ?)\r\n### Cause: java.sql.SQLIntegrityConstraintViolationException: Column \'create_time\' cannot be null\n; Column \'create_time\' cannot be null; nested exception is java.sql.SQLIntegrityConstraintViolationException: Column \'create_time\' cannot be null','2025-11-23 19:09:40',10),(289,'产品信息',1,'com.ruoyi.product.controller.ProductInfoController.add()','POST',1,'admin','研发部门','/product/info','127.0.0.1','内网IP','{\"categoryId\":1012,\"createTime\":\"2025-11-23 19:19:36\",\"params\":{},\"price\":1,\"productFormulaList\":[{\"createTime\":\"2025-11-23 19:19:36\",\"materialId\":4005,\"params\":{},\"productId\":1025,\"quantity\":1,\"unit\":\"包\",\"updateTime\":\"2025-11-23 19:19:36\"}],\"productId\":1025,\"productName\":\"1\"}','{\"msg\":\"操作成功\",\"code\":200}',0,NULL,'2025-11-23 19:19:36',28),(290,'菜单管理',2,'com.ruoyi.web.controller.system.SysMenuController.edit()','PUT',1,'admin','研发部门','/system/menu','127.0.0.1','内网IP','{\"children\":[],\"component\":\"product/formula/index\",\"createTime\":\"2025-11-11 23:22:20\",\"icon\":\"#\",\"isCache\":\"0\",\"isFrame\":\"1\",\"menuId\":2020,\"menuName\":\"产品配方\",\"menuType\":\"C\",\"orderNum\":4,\"params\":{},\"parentId\":2000,\"path\":\"formula\",\"perms\":\"product:formula:list\",\"routeName\":\"\",\"status\":\"0\",\"updateBy\":\"admin\",\"visible\":\"0\"}','{\"msg\":\"操作成功\",\"code\":200}',0,NULL,'2025-11-23 19:21:01',24),(291,'产品信息',1,'com.ruoyi.product.controller.ProductInfoController.add()','POST',1,'admin','研发部门','/product/info','127.0.0.1','内网IP','{\"categoryId\":1001,\"createTime\":\"2025-11-23 19:30:31\",\"params\":{},\"price\":2,\"productFormulaList\":[{\"createTime\":\"2025-11-23 19:30:31\",\"materialId\":4008,\"params\":{},\"productId\":1026,\"quantity\":1,\"unit\":\"份\",\"updateTime\":\"2025-11-23 19:30:31\"},{\"createTime\":\"2025-11-23 19:30:31\",\"materialId\":4006,\"params\":{},\"productId\":1026,\"quantity\":1,\"unit\":\"瓶\",\"updateTime\":\"2025-11-23 19:30:31\"}],\"productId\":1026,\"productName\":\"2\"}','{\"msg\":\"操作成功\",\"code\":200}',0,NULL,'2025-11-23 19:30:31',26),(292,'产品信息',1,'com.ruoyi.product.controller.ProductInfoController.add()','POST',1,'admin','研发部门','/product/info','127.0.0.1','内网IP','{\"categoryId\":1012,\"createTime\":\"2025-11-23 19:31:15\",\"params\":{},\"price\":1,\"productFormulaList\":[{\"materialId\":4008,\"params\":{},\"quantity\":1,\"unit\":\"份\"}],\"productName\":\"1\"}',NULL,1,'\r\n### Error updating database.  Cause: java.sql.SQLIntegrityConstraintViolationException: Duplicate entry \'1\' for key \'uk_product_name\'\r\n### The error may exist in file [D:\\workspace\\idea\\MTOI\\ruoyi-product\\target\\classes\\mapper\\product\\ProductInfoMapper.xml]\r\n### The error may involve com.ruoyi.product.mapper.ProductInfoMapper.insertProductInfo-Inline\r\n### The error occurred while setting parameters\r\n### SQL: insert into product_info          ( product_name,             category_id,             price,                                                                                           create_time )           values ( ?,             ?,             ?,                                                                                           ? )\r\n### Cause: java.sql.SQLIntegrityConstraintViolationException: Duplicate entry \'1\' for key \'uk_product_name\'\n; Duplicate entry \'1\' for key \'uk_product_name\'; nested exception is java.sql.SQLIntegrityConstraintViolationException: Duplicate entry \'1\' for key \'uk_product_name\'','2025-11-23 19:31:16',13),(293,'产品信息',1,'com.ruoyi.product.controller.ProductInfoController.add()','POST',1,'admin','研发部门','/product/info','127.0.0.1','内网IP','{\"categoryId\":1013,\"createTime\":\"2025-11-23 19:31:24\",\"params\":{},\"price\":11,\"productFormulaList\":[{\"createTime\":\"2025-11-23 19:31:24\",\"materialId\":4008,\"params\":{},\"productId\":1028,\"quantity\":1,\"unit\":\"份\",\"updateTime\":\"2025-11-23 19:31:24\"}],\"productId\":1028,\"productName\":\"111\"}','{\"msg\":\"操作成功\",\"code\":200}',0,NULL,'2025-11-23 19:31:24',10),(294,'产品信息',1,'com.ruoyi.product.controller.ProductInfoController.add()','POST',1,'admin','研发部门','/product/info','127.0.0.1','内网IP','{\"categoryId\":1002,\"createTime\":\"2025-11-23 19:54:31\",\"params\":{},\"price\":1,\"productFormulaList\":[{\"createTime\":\"2025-11-23 19:54:31\",\"materialId\":4002,\"params\":{},\"productId\":1029,\"quantity\":1,\"unit\":\"包\",\"updateTime\":\"2025-11-23 19:54:31\"}],\"productId\":1029,\"productName\":\"44\"}','{\"msg\":\"操作成功\",\"code\":200}',0,NULL,'2025-11-23 19:54:31',14),(295,'产品信息',1,'com.ruoyi.product.controller.ProductInfoController.add()','POST',1,'admin','研发部门','/product/info','127.0.0.1','内网IP','{\"categoryId\":1002,\"createTime\":\"2025-11-23 19:55:02\",\"params\":{},\"price\":11,\"productFormulaList\":[{\"createTime\":\"2025-11-23 19:55:02\",\"materialId\":4006,\"params\":{},\"productId\":1030,\"quantity\":1,\"unit\":\"瓶\",\"updateTime\":\"2025-11-23 19:55:02\"}],\"productId\":1030,\"productName\":\"地方进口关税\"}','{\"msg\":\"操作成功\",\"code\":200}',0,NULL,'2025-11-23 19:55:02',10),(296,'产品信息',1,'com.ruoyi.product.controller.ProductInfoController.add()','POST',1,'admin','研发部门','/product/info','127.0.0.1','内网IP','{\"categoryId\":1001,\"createTime\":\"2025-11-23 20:39:42\",\"params\":{},\"price\":2,\"productFormulaList\":[{\"materialId\":4001,\"params\":{},\"quantity\":6,\"unit\":\"包\"}],\"productName\":\"2\"}',NULL,1,'\r\n### Error updating database.  Cause: java.sql.SQLIntegrityConstraintViolationException: Duplicate entry \'2\' for key \'uk_product_name\'\r\n### The error may exist in file [D:\\workspace\\idea\\MTOI\\ruoyi-product\\target\\classes\\mapper\\product\\ProductInfoMapper.xml]\r\n### The error may involve com.ruoyi.product.mapper.ProductInfoMapper.insertProductInfo-Inline\r\n### The error occurred while setting parameters\r\n### SQL: insert into product_info          ( product_name,             category_id,             price,                                                                                           create_time )           values ( ?,             ?,             ?,                                                                                           ? )\r\n### Cause: java.sql.SQLIntegrityConstraintViolationException: Duplicate entry \'2\' for key \'uk_product_name\'\n; Duplicate entry \'2\' for key \'uk_product_name\'; nested exception is java.sql.SQLIntegrityConstraintViolationException: Duplicate entry \'2\' for key \'uk_product_name\'','2025-11-23 20:39:42',18),(297,'产品信息',1,'com.ruoyi.product.controller.ProductInfoController.add()','POST',1,'admin','研发部门','/product/info','127.0.0.1','内网IP','{\"categoryId\":1001,\"createTime\":\"2025-11-23 20:40:18\",\"params\":{},\"price\":2,\"productFormulaList\":[{\"createTime\":\"2025-11-23 20:40:18\",\"materialId\":4001,\"params\":{},\"productId\":1032,\"quantity\":6,\"unit\":\"包\",\"updateTime\":\"2025-11-23 20:40:18\"}],\"productId\":1032,\"productName\":\"26\"}','{\"msg\":\"操作成功\",\"code\":200}',0,NULL,'2025-11-23 20:40:18',13),(298,'产品信息',1,'com.ruoyi.product.controller.ProductInfoController.add()','POST',1,'admin','研发部门','/product/info','127.0.0.1','内网IP','{\"categoryId\":1003,\"createTime\":\"2025-11-23 20:42:37\",\"params\":{},\"price\":77,\"productFormulaList\":[{\"createTime\":\"2025-11-23 20:42:37\",\"materialId\":4007,\"params\":{},\"productId\":1033,\"quantity\":67,\"unit\":\"盒\",\"updateTime\":\"2025-11-23 20:42:37\"}],\"productId\":1033,\"productName\":\"99\"}','{\"msg\":\"操作成功\",\"code\":200}',0,NULL,'2025-11-23 20:42:37',17),(299,'产品信息',1,'com.ruoyi.product.controller.ProductInfoController.add()','POST',1,'admin','研发部门','/product/info','127.0.0.1','内网IP','{\"categoryId\":1002,\"createTime\":\"2025-11-23 20:43:23\",\"params\":{},\"price\":6,\"productFormulaList\":[{\"createTime\":\"2025-11-23 20:43:23\",\"materialId\":4002,\"params\":{},\"productId\":1034,\"quantity\":1,\"unit\":\"包\",\"updateTime\":\"2025-11-23 20:43:23\"},{\"createTime\":\"2025-11-23 20:43:23\",\"materialId\":4006,\"params\":{},\"productId\":1034,\"quantity\":1,\"unit\":\"瓶\",\"updateTime\":\"2025-11-23 20:43:23\"}],\"productId\":1034,\"productName\":\"45\"}','{\"msg\":\"操作成功\",\"code\":200}',0,NULL,'2025-11-23 20:43:23',14),(300,'产品信息',1,'com.ruoyi.product.controller.ProductInfoController.add()','POST',1,'admin','研发部门','/product/info','127.0.0.1','内网IP','{\"categoryId\":1001,\"createTime\":\"2025-11-23 20:44:04\",\"params\":{},\"price\":23,\"productFormulaList\":[],\"productName\":\"原味珍珠奶茶\"}',NULL,1,'\r\n### Error updating database.  Cause: java.sql.SQLIntegrityConstraintViolationException: Duplicate entry \'原味珍珠奶茶\' for key \'uk_product_name\'\r\n### The error may exist in file [D:\\workspace\\idea\\MTOI\\ruoyi-product\\target\\classes\\mapper\\product\\ProductInfoMapper.xml]\r\n### The error may involve com.ruoyi.product.mapper.ProductInfoMapper.insertProductInfo-Inline\r\n### The error occurred while setting parameters\r\n### SQL: insert into product_info          ( product_name,             category_id,             price,                                                                                           create_time )           values ( ?,             ?,             ?,                                                                                           ? )\r\n### Cause: java.sql.SQLIntegrityConstraintViolationException: Duplicate entry \'原味珍珠奶茶\' for key \'uk_product_name\'\n; Duplicate entry \'原味珍珠奶茶\' for key \'uk_product_name\'; nested exception is java.sql.SQLIntegrityConstraintViolationException: Duplicate entry \'原味珍珠奶茶\' for key \'uk_product_name\'','2025-11-23 20:44:04',20),(301,'产品信息',1,'com.ruoyi.product.controller.ProductInfoController.add()','POST',1,'admin','研发部门','/product/info','127.0.0.1','内网IP','{\"categoryId\":1001,\"createTime\":\"2025-11-23 20:44:13\",\"params\":{},\"price\":23,\"productFormulaList\":[],\"productId\":1036,\"productName\":\"原味珍珠奶茶1\"}','{\"msg\":\"操作成功\",\"code\":200}',0,NULL,'2025-11-23 20:44:13',8),(302,'产品信息',1,'com.ruoyi.product.controller.ProductInfoController.add()','POST',1,'admin','研发部门','/product/info','127.0.0.1','内网IP','{\"categoryId\":1001,\"createTime\":\"2025-11-23 20:53:13\",\"params\":{},\"price\":9,\"productFormulaList\":[],\"productName\":\"原味珍珠奶茶\"}',NULL,1,'产品名称已存在，请使用其他名称','2025-11-23 20:53:14',139),(303,'产品信息',1,'com.ruoyi.product.controller.ProductInfoController.add()','POST',1,'admin','研发部门','/product/info','127.0.0.1','内网IP','{\"categoryId\":1001,\"createTime\":\"2025-11-23 20:53:20\",\"params\":{},\"price\":9,\"productFormulaList\":[],\"productName\":\"原味珍珠奶茶\"}',NULL,1,'产品名称已存在，请使用其他名称','2025-11-23 20:53:20',26),(304,'产品信息',1,'com.ruoyi.product.controller.ProductInfoController.add()','POST',1,'admin','研发部门','/product/info','127.0.0.1','内网IP','{\"categoryId\":1001,\"createTime\":\"2025-11-23 20:53:50\",\"params\":{},\"price\":8,\"productFormulaList\":[],\"productName\":\"原味珍珠奶茶\"}',NULL,1,'产品名称已存在，请使用其他名称','2025-11-23 20:53:50',15),(305,'产品分类',1,'com.ruoyi.product.controller.ProductCategoryController.add()','POST',1,'admin','研发部门','/product/category','127.0.0.1','内网IP','{\"categoryId\":1015,\"categoryName\":\"蛋糕\",\"children\":[],\"createTime\":\"2025-11-24 14:30:59\",\"orderNum\":1,\"params\":{},\"parentId\":0,\"status\":0}','{\"msg\":\"操作成功\",\"code\":200}',0,NULL,'2025-11-24 14:30:59',49),(306,'产品分类',2,'com.ruoyi.product.controller.ProductCategoryController.edit()','PUT',1,'admin','研发部门','/product/category','127.0.0.1','内网IP','{\"categoryId\":1015,\"categoryName\":\"蛋糕\",\"children\":[],\"createTime\":\"2025-11-24 14:31:00\",\"orderNum\":1,\"params\":{},\"parentId\":0,\"status\":0,\"updateTime\":\"2025-11-24 14:31:05\"}','{\"msg\":\"操作成功\",\"code\":200}',0,NULL,'2025-11-24 14:31:05',18),(307,'产品分类',1,'com.ruoyi.product.controller.ProductCategoryController.add()','POST',1,'admin','研发部门','/product/category','127.0.0.1','内网IP','{\"categoryId\":1016,\"categoryName\":\"小蛋糕\",\"children\":[],\"createTime\":\"2025-11-24 14:31:26\",\"params\":{},\"parentId\":1015,\"status\":1}','{\"msg\":\"操作成功\",\"code\":200}',0,NULL,'2025-11-24 14:31:26',19),(308,'产品分类',3,'com.ruoyi.product.controller.ProductCategoryController.remove()','DELETE',1,'admin','研发部门','/product/category/1016','127.0.0.1','内网IP','[1016]','{\"msg\":\"操作成功\",\"code\":200}',0,NULL,'2025-11-24 14:31:33',33),(309,'产品属性',2,'com.ruoyi.product.controller.ProductAttributeController.edit()','PUT',1,'admin','研发部门','/product/attribute','127.0.0.1','内网IP','{\"attributeId\":13001,\"attributeName\":\"温度选择\",\"attributeValue\":\"{\\\"options\\\":[\\\"冰\\\",\\\"常温\\\",\\\"热\\\"]}\",\"createTime\":\"2025-11-10 21:32:12\",\"params\":{},\"productId\":1001,\"updateTime\":\"2025-11-24 14:32:31\"}','{\"msg\":\"操作成功\",\"code\":200}',0,NULL,'2025-11-24 14:32:31',30),(310,'产品属性',2,'com.ruoyi.product.controller.ProductAttributeController.edit()','PUT',1,'admin','研发部门','/product/attribute','127.0.0.1','内网IP','{\"attributeId\":13001,\"attributeName\":\"温度选择\",\"attributeValue\":\"{\\\"options\\\":[\\\"冰\\\",\\\"常温\\\",\\\"热\\\",\\\"烫手\\\"]}\",\"createTime\":\"2025-11-10 21:32:12\",\"params\":{},\"productId\":1001,\"updateTime\":\"2025-11-24 14:32:45\"}','{\"msg\":\"操作成功\",\"code\":200}',0,NULL,'2025-11-24 14:32:45',11),(311,'产品属性',3,'com.ruoyi.product.controller.ProductAttributeController.remove()','DELETE',1,'admin','研发部门','/product/attribute/13001','127.0.0.1','内网IP','[13001]','{\"msg\":\"操作成功\",\"code\":200}',0,NULL,'2025-11-24 14:32:52',23),(312,'产品属性',2,'com.ruoyi.product.controller.ProductAttributeController.edit()','PUT',1,'admin','研发部门','/product/attribute','127.0.0.1','内网IP','{\"attributeId\":13011,\"attributeName\":\"酸度\",\"attributeValue\":\"{\\\"options\\\":[\\\"无酸\\\",\\\"3分酸\\\",\\\"7分酸\\\"]}\",\"createTime\":\"2025-11-13 23:47:17\",\"params\":{},\"productId\":1002,\"updateTime\":\"2025-11-24 14:33:06\"}','{\"msg\":\"操作成功\",\"code\":200}',0,NULL,'2025-11-24 14:33:06',21),(313,'产品配方',2,'com.ruoyi.product.controller.ProductFormulaController.edit()','PUT',1,'admin','研发部门','/product/formula','127.0.0.1','内网IP','{\"createTime\":\"2025-11-10 21:32:12\",\"formulaId\":12006,\"materialId\":4006,\"params\":{},\"productId\":1002,\"quantity\":0.1,\"unit\":\"kg\",\"updateTime\":\"2025-11-24 14:41:17\"}','{\"msg\":\"操作成功\",\"code\":200}',0,NULL,'2025-11-24 14:41:17',30),(314,'产品配方',3,'com.ruoyi.product.controller.ProductFormulaController.remove()','DELETE',1,'admin','研发部门','/product/formula/12005','127.0.0.1','内网IP','[12005]','{\"msg\":\"操作成功\",\"code\":200}',0,NULL,'2025-11-24 14:41:31',15),(315,'原料信息',2,'com.ruoyi.material.controller.MaterialInfoController.edit()','PUT',1,'admin','研发部门','/material/info','127.0.0.1','内网IP','{\"categoryId\":2001,\"createBy\":\"admin\",\"createTime\":\"2025-11-10 21:32:12\",\"materialId\":4001,\"materialName\":\"红茶茶叶\",\"params\":{},\"purchasePrice\":50,\"shelfLife\":180,\"specification\":\"500g/包\",\"status\":0,\"supplierId\":3001,\"supplierList\":[{\"contactPerson\":\"\",\"contactPhone\":\"\",\"params\":{},\"supplierId\":4001,\"supplierName\":\"改革\"}],\"unit\":\"包\",\"updateBy\":\"admin\",\"updateTime\":\"2025-11-24 14:42:14\",\"warningDays\":15}',NULL,1,'\r\n### Error updating database.  Cause: java.sql.SQLIntegrityConstraintViolationException: Column \'create_time\' cannot be null\r\n### The error may exist in file [D:\\workspace\\idea\\MTOI\\ruoyi-material\\target\\classes\\mapper\\material\\MaterialInfoMapper.xml]\r\n### The error may involve defaultParameterMap\r\n### The error occurred while setting parameters\r\n### SQL: insert into supplier( supplier_id, supplier_name, contact_person, contact_phone, email, address, status, create_time, update_time) values                        ( ?, ?, ?, ?, ?, ?, ?, ?, ?)\r\n### Cause: java.sql.SQLIntegrityConstraintViolationException: Column \'create_time\' cannot be null\n; Column \'create_time\' cannot be null; nested exception is java.sql.SQLIntegrityConstraintViolationException: Column \'create_time\' cannot be null','2025-11-24 14:42:14',259),(316,'原料信息',3,'com.ruoyi.material.controller.MaterialInfoController.remove()','DELETE',1,'admin','研发部门','/material/info/4001','127.0.0.1','内网IP','[4001]',NULL,1,'\r\n### Error updating database.  Cause: java.sql.SQLIntegrityConstraintViolationException: Cannot delete or update a parent row: a foreign key constraint fails (`mtoi`.`purchase_detail`, CONSTRAINT `fk_purchase_detail_material` FOREIGN KEY (`material_id`) REFERENCES `material_info` (`material_id`))\r\n### The error may exist in file [D:\\workspace\\idea\\MTOI\\ruoyi-material\\target\\classes\\mapper\\material\\MaterialInfoMapper.xml]\r\n### The error may involve com.ruoyi.material.mapper.MaterialInfoMapper.deleteMaterialInfoByMaterialIds-Inline\r\n### The error occurred while setting parameters\r\n### SQL: delete from material_info where material_id in           (               ?          )\r\n### Cause: java.sql.SQLIntegrityConstraintViolationException: Cannot delete or update a parent row: a foreign key constraint fails (`mtoi`.`purchase_detail`, CONSTRAINT `fk_purchase_detail_material` FOREIGN KEY (`material_id`) REFERENCES `material_info` (`material_id`))\n; Cannot delete or update a parent row: a foreign key constraint fails (`mtoi`.`purchase_detail`, CONSTRAINT `fk_purchase_detail_material` FOREIGN KEY (`material_id`) REFERENCES `material_info` (`material_id`)); nested exception is java.sql.SQLIntegrityConstraintViolationException: Cannot delete or update a parent row: a foreign key constraint fails (`mtoi`.`purchase_detail`, CONSTRAINT `fk_purchase_detail_material` FOREIGN KEY (`material_id`) REFERENCES `material_info` (`material_id`))','2025-11-24 14:43:03',79),(317,'原料分类',2,'com.ruoyi.material.controller.MaterialCategoryController.edit()','PUT',1,'admin','研发部门','/material/category','127.0.0.1','内网IP','{\"categoryId\":2001,\"categoryName\":\"茶叶类\",\"children\":[],\"createTime\":\"2025-11-10 21:32:12\",\"orderNum\":1,\"params\":{},\"parentId\":0,\"status\":0,\"updateTime\":\"2025-11-24 14:43:13\"}','{\"msg\":\"操作成功\",\"code\":200}',0,NULL,'2025-11-24 14:43:13',18),(318,'供应商',2,'com.ruoyi.material.controller.SupplierController.edit()','PUT',1,'admin','研发部门','/material/supplier','127.0.0.1','内网IP','{\"address\":\"北京市朝阳区\",\"contactPerson\":\"张三\",\"contactPhone\":\"13800138001\",\"createTime\":\"2025-11-10 21:32:12\",\"email\":\"tea@example.com\",\"params\":{},\"status\":0,\"supplierId\":3001,\"supplierName\":\"优质茶叶供应商\",\"updateTime\":\"2025-11-24 14:43:22\"}','{\"msg\":\"操作成功\",\"code\":200}',0,NULL,'2025-11-24 14:43:23',16),(319,'原料信息',2,'com.ruoyi.material.controller.MaterialInfoController.edit()','PUT',1,'admin','研发部门','/material/info','127.0.0.1','内网IP','{\"categoryId\":2001,\"createBy\":\"admin\",\"createTime\":\"2025-11-10 21:32:12\",\"materialId\":4001,\"materialName\":\"红茶茶叶\",\"params\":{},\"purchasePrice\":50,\"shelfLife\":180,\"specification\":\"500g/包\",\"status\":0,\"supplierId\":3001,\"supplierList\":[{\"address\":\"北京市朝阳区\",\"contactPerson\":\"张三\",\"contactPhone\":\"13800138001\",\"createTime\":\"2025-11-10 21:32:12\",\"email\":\"tea@example.com\",\"params\":{},\"status\":0,\"supplierId\":4001,\"supplierName\":\"优质茶叶供应商\",\"updateTime\":\"2025-11-24 14:43:23\"},{\"address\":\"上海市浦东新区\",\"contactPerson\":\"李四\",\"contactPhone\":\"13800138002\",\"createTime\":\"2025-11-10 21:32:12\",\"email\":\"fruit@example.com\",\"params\":{},\"status\":1,\"supplierId\":4001,\"supplierName\":\"新鲜水果供应商\",\"updateTime\":\"2025-11-10 21:32:12\"},{\"address\":\"广州市天河区\",\"contactPerson\":\"王五\",\"contactPhone\":\"13800138003\",\"createTime\":\"2025-11-10 21:32:12\",\"email\":\"milk@example.com\",\"params\":{},\"status\":1,\"supplierId\":4001,\"supplierName\":\"乳制品供应商\",\"updateTime\":\"2025-11-10 21:32:12\"},{\"address\":\"深圳市南山区\",\"contactPerson\":\"赵六\",\"contactPhone\":\"13800138004\",\"createTime\":\"2025-11-10 21:32:12\",\"email\":\"packing@example.com\",\"params\":{},\"status\":1,\"supplierId\":4001,\"supplierName\":\"包装材料供应商\",\"updateTime\":\"2025-11-10 21:32:12\"},{\"address\":\"杭州市西湖区\",\"contactPerson\":\"孙七\",\"contactPhone\":\"13800138005\",\"createTime\":\"2025-11-10 21:32:12\",\"email\":\"topping@example.com\",\"params\":{},\"status\":1,\"supplierId\":4001,\"supplierName\":\"小料供应商\",\"updateTime\":\"2025-11-10 21:32:12\"},{\"address\":\"成都市锦江区\",\"contactPerson\":\"周八\",\"contactPhone\":\"13800138006\",\"createTime\":\"2025-11-10 21:32:12\",\"email\":\"coffee@example.com\",\"params\":{},\"status\":1,\"supplierId\":4001,\"supplierName\":\"咖啡供应商\",\"updateTime\":\"2025-11-10 21:32:12\"},{\"address\":\"重庆市渝中区\",\"contactPerson\":\"吴九\",\"contactPhone\":\"13800138007\",\"createTime\":\"2025-11-10 21:32:12\",\"email\":\"sugar@example.com\",\"params\":{},\"status\":1,\"supplierId\":4001,\"supplierName\":\"糖类供应商\",\"updateTime\":\"2025-11-10 21:32:12\"},{\"address\":\"武汉市江汉区\",\"contactPerson\":\"郑十\",\"contactPhone\":\"13800138008\",\"createTime\":\"2025-11-10 21:32:12\",\"email\":\"jam@example.com',NULL,1,'\r\n### Error updating database.  Cause: java.sql.SQLIntegrityConstraintViolationException: Duplicate entry \'4001\' for key \'PRIMARY\'\r\n### The error may exist in file [D:\\workspace\\idea\\MTOI\\ruoyi-material\\target\\classes\\mapper\\material\\MaterialInfoMapper.xml]\r\n### The error may involve defaultParameterMap\r\n### The error occurred while setting parameters\r\n### SQL: insert into supplier( supplier_id, supplier_name, contact_person, contact_phone, email, address, status, create_time, update_time) values                        ( ?, ?, ?, ?, ?, ?, ?, ?, ?)          ,              ( ?, ?, ?, ?, ?, ?, ?, ?, ?)          ,              ( ?, ?, ?, ?, ?, ?, ?, ?, ?)          ,              ( ?, ?, ?, ?, ?, ?, ?, ?, ?)          ,              ( ?, ?, ?, ?, ?, ?, ?, ?, ?)          ,              ( ?, ?, ?, ?, ?, ?, ?, ?, ?)          ,              ( ?, ?, ?, ?, ?, ?, ?, ?, ?)          ,              ( ?, ?, ?, ?, ?, ?, ?, ?, ?)          ,              ( ?, ?, ?, ?, ?, ?, ?, ?, ?)          ,              ( ?, ?, ?, ?, ?, ?, ?, ?, ?)\r\n### Cause: java.sql.SQLIntegrityConstraintViolationException: Duplicate entry \'4001\' for key \'PRIMARY\'\n; Duplicate entry \'4001\' for key \'PRIMARY\'; nested exception is java.sql.SQLIntegrityConstraintViolationException: Duplicate entry \'4001\' for key \'PRIMARY\'','2025-11-24 14:43:49',61),(320,'原料信息',2,'com.ruoyi.material.controller.MaterialInfoController.edit()','PUT',1,'admin','研发部门','/material/info','127.0.0.1','内网IP','{\"categoryId\":2001,\"createBy\":\"admin\",\"createTime\":\"2025-11-10 21:32:12\",\"materialId\":4001,\"materialName\":\"红茶茶叶\",\"params\":{},\"purchasePrice\":50,\"shelfLife\":180,\"specification\":\"500g/包\",\"status\":0,\"supplierId\":3001,\"supplierList\":[{\"address\":\"北京市朝阳区\",\"contactPerson\":\"张三\",\"contactPhone\":\"13800138001\",\"createTime\":\"2025-11-10 21:32:12\",\"email\":\"tea@example.com\",\"params\":{},\"status\":0,\"supplierId\":4001,\"supplierName\":\"优质茶叶供应商\",\"updateTime\":\"2025-11-24 14:43:23\"},{\"address\":\"上海市浦东新区\",\"contactPerson\":\"李四\",\"contactPhone\":\"13800138002\",\"createTime\":\"2025-11-10 21:32:12\",\"email\":\"fruit@example.com\",\"params\":{},\"status\":1,\"supplierId\":4001,\"supplierName\":\"新鲜水果供应商\",\"updateTime\":\"2025-11-10 21:32:12\"},{\"address\":\"广州市天河区\",\"contactPerson\":\"王五\",\"contactPhone\":\"13800138003\",\"createTime\":\"2025-11-10 21:32:12\",\"email\":\"milk@example.com\",\"params\":{},\"status\":1,\"supplierId\":4001,\"supplierName\":\"乳制品供应商\",\"updateTime\":\"2025-11-10 21:32:12\"},{\"address\":\"深圳市南山区\",\"contactPerson\":\"赵六\",\"contactPhone\":\"13800138004\",\"createTime\":\"2025-11-10 21:32:12\",\"email\":\"packing@example.com\",\"params\":{},\"status\":1,\"supplierId\":4001,\"supplierName\":\"包装材料供应商\",\"updateTime\":\"2025-11-10 21:32:12\"},{\"address\":\"杭州市西湖区\",\"contactPerson\":\"孙七\",\"contactPhone\":\"13800138005\",\"createTime\":\"2025-11-10 21:32:12\",\"email\":\"topping@example.com\",\"params\":{},\"status\":1,\"supplierId\":4001,\"supplierName\":\"小料供应商\",\"updateTime\":\"2025-11-10 21:32:12\"},{\"address\":\"成都市锦江区\",\"contactPerson\":\"周八\",\"contactPhone\":\"13800138006\",\"createTime\":\"2025-11-10 21:32:12\",\"email\":\"coffee@example.com\",\"params\":{},\"status\":1,\"supplierId\":4001,\"supplierName\":\"咖啡供应商\",\"updateTime\":\"2025-11-10 21:32:12\"},{\"address\":\"重庆市渝中区\",\"contactPerson\":\"吴九\",\"contactPhone\":\"13800138007\",\"createTime\":\"2025-11-10 21:32:12\",\"email\":\"sugar@example.com\",\"params\":{},\"status\":1,\"supplierId\":4001,\"supplierName\":\"糖类供应商\",\"updateTime\":\"2025-11-10 21:32:12\"},{\"address\":\"武汉市江汉区\",\"contactPerson\":\"郑十\",\"contactPhone\":\"13800138008\",\"createTime\":\"2025-11-10 21:32:12\",\"email\":\"jam@example.com',NULL,1,'\r\n### Error updating database.  Cause: java.sql.SQLIntegrityConstraintViolationException: Duplicate entry \'4001\' for key \'PRIMARY\'\r\n### The error may exist in file [D:\\workspace\\idea\\MTOI\\ruoyi-material\\target\\classes\\mapper\\material\\MaterialInfoMapper.xml]\r\n### The error may involve defaultParameterMap\r\n### The error occurred while setting parameters\r\n### SQL: insert into supplier( supplier_id, supplier_name, contact_person, contact_phone, email, address, status, create_time, update_time) values                        ( ?, ?, ?, ?, ?, ?, ?, ?, ?)          ,              ( ?, ?, ?, ?, ?, ?, ?, ?, ?)          ,              ( ?, ?, ?, ?, ?, ?, ?, ?, ?)          ,              ( ?, ?, ?, ?, ?, ?, ?, ?, ?)          ,              ( ?, ?, ?, ?, ?, ?, ?, ?, ?)          ,              ( ?, ?, ?, ?, ?, ?, ?, ?, ?)          ,              ( ?, ?, ?, ?, ?, ?, ?, ?, ?)          ,              ( ?, ?, ?, ?, ?, ?, ?, ?, ?)          ,              ( ?, ?, ?, ?, ?, ?, ?, ?, ?)          ,              ( ?, ?, ?, ?, ?, ?, ?, ?, ?)\r\n### Cause: java.sql.SQLIntegrityConstraintViolationException: Duplicate entry \'4001\' for key \'PRIMARY\'\n; Duplicate entry \'4001\' for key \'PRIMARY\'; nested exception is java.sql.SQLIntegrityConstraintViolationException: Duplicate entry \'4001\' for key \'PRIMARY\'','2025-11-24 14:43:57',60),(321,'原料信息',1,'com.ruoyi.material.controller.MaterialInfoController.add()','POST',1,'admin','研发部门','/material/info','127.0.0.1','内网IP','{\"categoryId\":2001,\"createTime\":\"2025-11-24 16:38:33\",\"materialId\":4016,\"materialName\":\"32\",\"params\":{},\"specification\":\"2\",\"supplierId\":3002,\"supplierList\":[{\"contactPerson\":\"55\",\"contactPhone\":\"55\",\"createTime\":\"2025-11-19 00:00:00\",\"params\":{},\"status\":0,\"supplierName\":\"55\",\"updateTime\":\"2025-11-13 00:00:00\"}],\"unit\":\"2\"}','{\"msg\":\"操作成功\",\"code\":200}',0,NULL,'2025-11-24 16:38:33',33),(322,'原料信息',2,'com.ruoyi.material.controller.MaterialInfoController.edit()','PUT',1,'admin','研发部门','/material/info','127.0.0.1','内网IP','{\"categoryId\":2001,\"createTime\":\"2025-11-24 16:38:33\",\"materialId\":4016,\"materialName\":\"32\",\"params\":{},\"specification\":\"2\",\"status\":1,\"supplierId\":3002,\"supplierList\":[],\"unit\":\"2\",\"updateTime\":\"2025-11-24 16:39:00\",\"warningDays\":7}','{\"msg\":\"操作成功\",\"code\":200}',0,NULL,'2025-11-24 16:39:00',15),(323,'原料信息',3,'com.ruoyi.material.controller.MaterialInfoController.remove()','DELETE',1,'admin','研发部门','/material/info/4016','127.0.0.1','内网IP','[4016]','{\"msg\":\"操作成功\",\"code\":200}',0,NULL,'2025-11-24 16:39:04',31),(324,'原料信息',1,'com.ruoyi.material.controller.MaterialInfoController.add()','POST',1,'admin','研发部门','/material/info','127.0.0.1','内网IP','{\"categoryId\":2001,\"createTime\":\"2025-11-24 16:57:47\",\"materialName\":\"鞍点\",\"params\":{},\"specification\":\"12\",\"supplierList\":[{\"contactPerson\":\"我\",\"contactPhone\":\"123\",\"params\":{},\"status\":0,\"supplierName\":\"新的供应商\"}],\"unit\":\"f\"}',NULL,1,'\r\n### Error updating database.  Cause: java.sql.SQLException: Field \'supplier_id\' doesn\'t have a default value\r\n### The error may exist in file [D:\\workspace\\idea\\MTOI\\ruoyi-material\\target\\classes\\mapper\\material\\MaterialInfoMapper.xml]\r\n### The error may involve com.ruoyi.material.mapper.MaterialInfoMapper.insertMaterialInfo-Inline\r\n### The error occurred while setting parameters\r\n### SQL: insert into material_info          ( material_name,             category_id,             specification,             unit,                                                                                           create_time )           values ( ?,             ?,             ?,             ?,                                                                                           ? )\r\n### Cause: java.sql.SQLException: Field \'supplier_id\' doesn\'t have a default value\n; Field \'supplier_id\' doesn\'t have a default value; nested exception is java.sql.SQLException: Field \'supplier_id\' doesn\'t have a default value','2025-11-24 16:57:47',29),(325,'原料信息',1,'com.ruoyi.material.controller.MaterialInfoController.add()','POST',1,'admin','研发部门','/material/info','127.0.0.1','内网IP','{\"categoryId\":2001,\"createTime\":\"2025-11-24 16:57:52\",\"materialName\":\"鞍点\",\"params\":{},\"specification\":\"12\",\"supplierList\":[{\"contactPerson\":\"我\",\"contactPhone\":\"123\",\"createTime\":\"2025-11-13 00:00:00\",\"params\":{},\"status\":0,\"supplierName\":\"新的供应商\"}],\"unit\":\"f\"}',NULL,1,'\r\n### Error updating database.  Cause: java.sql.SQLException: Field \'supplier_id\' doesn\'t have a default value\r\n### The error may exist in file [D:\\workspace\\idea\\MTOI\\ruoyi-material\\target\\classes\\mapper\\material\\MaterialInfoMapper.xml]\r\n### The error may involve com.ruoyi.material.mapper.MaterialInfoMapper.insertMaterialInfo-Inline\r\n### The error occurred while setting parameters\r\n### SQL: insert into material_info          ( material_name,             category_id,             specification,             unit,                                                                                           create_time )           values ( ?,             ?,             ?,             ?,                                                                                           ? )\r\n### Cause: java.sql.SQLException: Field \'supplier_id\' doesn\'t have a default value\n; Field \'supplier_id\' doesn\'t have a default value; nested exception is java.sql.SQLException: Field \'supplier_id\' doesn\'t have a default value','2025-11-24 16:57:52',5),(326,'原料信息',1,'com.ruoyi.material.controller.MaterialInfoController.add()','POST',1,'admin','研发部门','/material/info','127.0.0.1','内网IP','{\"categoryId\":2001,\"createTime\":\"2025-11-24 16:57:55\",\"materialName\":\"鞍点\",\"params\":{},\"specification\":\"12\",\"supplierList\":[{\"contactPerson\":\"我\",\"contactPhone\":\"123\",\"createTime\":\"2025-11-13 00:00:00\",\"params\":{},\"status\":0,\"supplierName\":\"新的供应商\",\"updateTime\":\"2025-11-25 00:00:00\"}],\"unit\":\"f\"}',NULL,1,'\r\n### Error updating database.  Cause: java.sql.SQLException: Field \'supplier_id\' doesn\'t have a default value\r\n### The error may exist in file [D:\\workspace\\idea\\MTOI\\ruoyi-material\\target\\classes\\mapper\\material\\MaterialInfoMapper.xml]\r\n### The error may involve com.ruoyi.material.mapper.MaterialInfoMapper.insertMaterialInfo-Inline\r\n### The error occurred while setting parameters\r\n### SQL: insert into material_info          ( material_name,             category_id,             specification,             unit,                                                                                           create_time )           values ( ?,             ?,             ?,             ?,                                                                                           ? )\r\n### Cause: java.sql.SQLException: Field \'supplier_id\' doesn\'t have a default value\n; Field \'supplier_id\' doesn\'t have a default value; nested exception is java.sql.SQLException: Field \'supplier_id\' doesn\'t have a default value','2025-11-24 16:57:55',5),(327,'原料信息',1,'com.ruoyi.material.controller.MaterialInfoController.add()','POST',1,'admin','研发部门','/material/info','127.0.0.1','内网IP','{\"categoryId\":2001,\"createTime\":\"2025-11-24 16:58:04\",\"materialId\":4017,\"materialName\":\"鞍点\",\"params\":{},\"specification\":\"12\",\"supplierId\":3001,\"supplierList\":[{\"contactPerson\":\"我\",\"contactPhone\":\"123\",\"createTime\":\"2025-11-13 00:00:00\",\"params\":{},\"status\":0,\"supplierName\":\"新的供应商\",\"updateTime\":\"2025-11-25 00:00:00\"}],\"unit\":\"f\"}','{\"msg\":\"操作成功\",\"code\":200}',0,NULL,'2025-11-24 16:58:04',13),(328,'原料信息',1,'com.ruoyi.material.controller.MaterialInfoController.add()','POST',1,'admin','研发部门','/material/info','127.0.0.1','内网IP','{\"categoryId\":2002,\"createTime\":\"2025-11-24 16:59:17\",\"materialName\":\"1\",\"params\":{},\"specification\":\"1\",\"supplierList\":[],\"unit\":\"1\"}',NULL,1,'\r\n### Error updating database.  Cause: java.sql.SQLException: Field \'supplier_id\' doesn\'t have a default value\r\n### The error may exist in file [D:\\workspace\\idea\\MTOI\\ruoyi-material\\target\\classes\\mapper\\material\\MaterialInfoMapper.xml]\r\n### The error may involve com.ruoyi.material.mapper.MaterialInfoMapper.insertMaterialInfo-Inline\r\n### The error occurred while setting parameters\r\n### SQL: insert into material_info          ( material_name,             category_id,             specification,             unit,                                                                                           create_time )           values ( ?,             ?,             ?,             ?,                                                                                           ? )\r\n### Cause: java.sql.SQLException: Field \'supplier_id\' doesn\'t have a default value\n; Field \'supplier_id\' doesn\'t have a default value; nested exception is java.sql.SQLException: Field \'supplier_id\' doesn\'t have a default value','2025-11-24 16:59:17',5),(329,'原料信息',1,'com.ruoyi.material.controller.MaterialInfoController.add()','POST',1,'admin','研发部门','/material/info','127.0.0.1','内网IP','{\"categoryId\":2003,\"createTime\":\"2025-11-24 20:11:36\",\"materialId\":4018,\"materialName\":\"黑糖\",\"params\":{},\"purchasePrice\":12,\"shelfLife\":360,\"specification\":\"1\",\"status\":0,\"supplierId\":3001,\"supplierList\":[],\"unit\":\"斤\",\"warningDays\":12}','{\"msg\":\"操作成功\",\"code\":200}',0,NULL,'2025-11-24 20:11:36',19),(330,'原料信息',1,'com.ruoyi.material.controller.MaterialInfoController.add()','POST',1,'admin','研发部门','/material/info','127.0.0.1','内网IP','{\"categoryId\":2003,\"createTime\":\"2025-11-24 20:29:57\",\"materialName\":\"红糖\",\"params\":{},\"specification\":\"12\",\"supplierList\":[{\"contactPerson\":\"123\",\"contactPhone\":\"123\",\"createTime\":\"2025-11-19 00:00:00\",\"params\":{},\"status\":0,\"supplierName\":\"红糖大王\"}],\"unit\":\"包\"}',NULL,1,'\r\n### Error updating database.  Cause: java.sql.SQLException: Field \'supplier_id\' doesn\'t have a default value\r\n### The error may exist in file [D:\\workspace\\idea\\MTOI\\ruoyi-material\\target\\classes\\mapper\\material\\MaterialInfoMapper.xml]\r\n### The error may involve com.ruoyi.material.mapper.MaterialInfoMapper.insertMaterialInfo-Inline\r\n### The error occurred while setting parameters\r\n### SQL: insert into material_info          ( material_name,             category_id,             specification,             unit,                                                                                           create_time )           values ( ?,             ?,             ?,             ?,                                                                                           ? )\r\n### Cause: java.sql.SQLException: Field \'supplier_id\' doesn\'t have a default value\n; Field \'supplier_id\' doesn\'t have a default value; nested exception is java.sql.SQLException: Field \'supplier_id\' doesn\'t have a default value','2025-11-24 20:29:57',14),(331,'原料信息',1,'com.ruoyi.material.controller.MaterialInfoController.add()','POST',1,'admin','研发部门','/material/info','127.0.0.1','内网IP','{\"categoryId\":2003,\"createTime\":\"2025-11-24 20:30:02\",\"materialName\":\"红糖\",\"params\":{},\"specification\":\"12\",\"supplierList\":[{\"contactPerson\":\"123\",\"contactPhone\":\"123\",\"createTime\":\"2025-11-19 00:00:00\",\"params\":{},\"status\":0,\"supplierName\":\"红糖大王\",\"updateTime\":\"2025-11-20 00:00:00\"}],\"unit\":\"包\"}',NULL,1,'\r\n### Error updating database.  Cause: java.sql.SQLException: Field \'supplier_id\' doesn\'t have a default value\r\n### The error may exist in file [D:\\workspace\\idea\\MTOI\\ruoyi-material\\target\\classes\\mapper\\material\\MaterialInfoMapper.xml]\r\n### The error may involve com.ruoyi.material.mapper.MaterialInfoMapper.insertMaterialInfo-Inline\r\n### The error occurred while setting parameters\r\n### SQL: insert into material_info          ( material_name,             category_id,             specification,             unit,                                                                                           create_time )           values ( ?,             ?,             ?,             ?,                                                                                           ? )\r\n### Cause: java.sql.SQLException: Field \'supplier_id\' doesn\'t have a default value\n; Field \'supplier_id\' doesn\'t have a default value; nested exception is java.sql.SQLException: Field \'supplier_id\' doesn\'t have a default value','2025-11-24 20:30:02',7),(332,'原料信息',1,'com.ruoyi.material.controller.MaterialInfoController.add()','POST',1,'admin','研发部门','/material/info','127.0.0.1','内网IP','{\"categoryId\":2003,\"createTime\":\"2025-11-24 20:30:13\",\"materialName\":\"红糖\",\"params\":{},\"specification\":\"12\",\"supplierList\":[{\"contactPerson\":\"123\",\"contactPhone\":\"123\",\"createTime\":\"2025-11-19 00:00:00\",\"params\":{},\"status\":0,\"supplierName\":\"红糖大王\",\"updateTime\":\"2025-11-20 00:00:00\"}],\"unit\":\"包\"}',NULL,1,'\r\n### Error updating database.  Cause: java.sql.SQLException: Field \'supplier_id\' doesn\'t have a default value\r\n### The error may exist in file [D:\\workspace\\idea\\MTOI\\ruoyi-material\\target\\classes\\mapper\\material\\MaterialInfoMapper.xml]\r\n### The error may involve com.ruoyi.material.mapper.MaterialInfoMapper.insertMaterialInfo-Inline\r\n### The error occurred while setting parameters\r\n### SQL: insert into material_info          ( material_name,             category_id,             specification,             unit,                                                                                           create_time )           values ( ?,             ?,             ?,             ?,                                                                                           ? )\r\n### Cause: java.sql.SQLException: Field \'supplier_id\' doesn\'t have a default value\n; Field \'supplier_id\' doesn\'t have a default value; nested exception is java.sql.SQLException: Field \'supplier_id\' doesn\'t have a default value','2025-11-24 20:30:13',11),(333,'原料信息',1,'com.ruoyi.material.controller.MaterialInfoController.add()','POST',1,'admin','研发部门','/material/info','127.0.0.1','内网IP','{\"categoryId\":2001,\"createTime\":\"2025-11-24 20:39:15\",\"materialName\":\"如图\",\"params\":{},\"specification\":\"4\",\"supplierId\":-1,\"supplierList\":[{\"contactPerson\":\"1\",\"contactPhone\":\"1\",\"params\":{},\"status\":0,\"supplierName\":\"1\"}],\"unit\":\"要\"}',NULL,1,'\r\n### Error updating database.  Cause: java.sql.SQLIntegrityConstraintViolationException: Column \'create_time\' cannot be null\r\n### The error may exist in file [D:\\workspace\\idea\\MTOI\\ruoyi-material\\target\\classes\\mapper\\material\\MaterialInfoMapper.xml]\r\n### The error may involve defaultParameterMap\r\n### The error occurred while setting parameters\r\n### SQL: insert into supplier( supplier_name, contact_person, contact_phone, email, address, status, create_time, update_time) values                        ( ?, ?, ?, ?, ?, ?, ?, ?)\r\n### Cause: java.sql.SQLIntegrityConstraintViolationException: Column \'create_time\' cannot be null\n; Column \'create_time\' cannot be null; nested exception is java.sql.SQLIntegrityConstraintViolationException: Column \'create_time\' cannot be null','2025-11-24 20:39:15',23),(334,'原料信息',1,'com.ruoyi.material.controller.MaterialInfoController.add()','POST',1,'admin','研发部门','/material/info','127.0.0.1','内网IP','{\"categoryId\":2001,\"createTime\":\"2025-11-24 20:39:32\",\"materialName\":\"如图\",\"params\":{},\"specification\":\"4\",\"supplierList\":[{\"contactPerson\":\"1\",\"contactPhone\":\"1\",\"createTime\":\"2025-11-18 00:00:00\",\"params\":{},\"status\":0,\"supplierName\":\"1\",\"updateTime\":\"2025-12-04 00:00:00\"}],\"unit\":\"要\"}',NULL,1,'\r\n### Error updating database.  Cause: java.sql.SQLException: Field \'supplier_id\' doesn\'t have a default value\r\n### The error may exist in file [D:\\workspace\\idea\\MTOI\\ruoyi-material\\target\\classes\\mapper\\material\\MaterialInfoMapper.xml]\r\n### The error may involve com.ruoyi.material.mapper.MaterialInfoMapper.insertMaterialInfo-Inline\r\n### The error occurred while setting parameters\r\n### SQL: insert into material_info          ( material_name,             category_id,             specification,             unit,                                                                                           create_time )           values ( ?,             ?,             ?,             ?,                                                                                           ? )\r\n### Cause: java.sql.SQLException: Field \'supplier_id\' doesn\'t have a default value\n; Field \'supplier_id\' doesn\'t have a default value; nested exception is java.sql.SQLException: Field \'supplier_id\' doesn\'t have a default value','2025-11-24 20:39:32',21),(335,'原料信息',1,'com.ruoyi.material.controller.MaterialInfoController.add()','POST',1,'admin','研发部门','/material/info','127.0.0.1','内网IP','{\"categoryId\":2002,\"createTime\":\"2025-11-24 21:40:38\",\"materialId\":4019,\"materialName\":\"热\",\"params\":{},\"purchasePrice\":1,\"shelfLife\":1,\"specification\":\"1\",\"status\":1,\"supplierId\":3001,\"supplierList\":[],\"unit\":\"1\",\"warningDays\":1}','{\"msg\":\"操作成功\",\"code\":200}',0,NULL,'2025-11-24 21:40:39',71),(336,'原料信息',2,'com.ruoyi.material.controller.MaterialInfoController.edit()','PUT',1,'admin','研发部门','/material/info','127.0.0.1','内网IP','{\"categoryId\":2002,\"createTime\":\"2025-11-24 21:40:39\",\"materialId\":4019,\"materialName\":\"热\",\"params\":{},\"purchasePrice\":1,\"shelfLife\":1,\"specification\":\"1\",\"status\":1,\"supplierList\":[{\"contactPerson\":\"1\",\"contactPhone\":\"1\",\"createTime\":\"2025-11-25 00:00:00\",\"params\":{},\"status\":1,\"supplierName\":\"1\",\"updateTime\":\"2025-11-27 00:00:00\"}],\"unit\":\"1\",\"updateTime\":\"2025-11-24 21:41:35\",\"warningDays\":1}','{\"msg\":\"操作成功\",\"code\":200}',0,NULL,'2025-11-24 21:41:35',31),(337,'原料信息',2,'com.ruoyi.material.controller.MaterialInfoController.edit()','PUT',1,'admin','研发部门','/material/info','127.0.0.1','内网IP','{\"categoryId\":2002,\"createTime\":\"2025-11-24 21:40:39\",\"materialId\":4019,\"materialName\":\"热\",\"params\":{},\"purchasePrice\":1,\"shelfLife\":1,\"specification\":\"1\",\"status\":1,\"supplierList\":[{\"contactPerson\":\"\",\"contactPhone\":\"\",\"params\":{},\"supplierName\":\"\"}],\"unit\":\"1\",\"updateTime\":\"2025-11-24 21:41:49\",\"warningDays\":1}',NULL,1,'\r\n### Error updating database.  Cause: java.sql.SQLIntegrityConstraintViolationException: Column \'create_time\' cannot be null\r\n### The error may exist in file [D:\\workspace\\idea\\MTOI\\ruoyi-material\\target\\classes\\mapper\\material\\MaterialInfoMapper.xml]\r\n### The error may involve defaultParameterMap\r\n### The error occurred while setting parameters\r\n### SQL: insert into supplier( supplier_id, supplier_name, contact_person, contact_phone, email, address, status, create_time, update_time) values                        ( ?, ?, ?, ?, ?, ?, ?, ?, ?)\r\n### Cause: java.sql.SQLIntegrityConstraintViolationException: Column \'create_time\' cannot be null\n; Column \'create_time\' cannot be null; nested exception is java.sql.SQLIntegrityConstraintViolationException: Column \'create_time\' cannot be null','2025-11-24 21:41:49',75),(338,'原料信息',2,'com.ruoyi.material.controller.MaterialInfoController.edit()','PUT',1,'admin','研发部门','/material/info','127.0.0.1','内网IP','{\"categoryId\":2008,\"createBy\":\"admin\",\"createTime\":\"2025-11-10 21:32:12\",\"materialId\":4010,\"materialName\":\"一次性杯子\",\"params\":{},\"purchasePrice\":60,\"shelfLife\":730,\"specification\":\"500个/箱\",\"status\":0,\"supplierList\":[{\"contactPerson\":\"\",\"contactPhone\":\"\",\"params\":{},\"supplierName\":\"杯子杯子\"}],\"unit\":\"箱\",\"updateBy\":\"admin\",\"updateTime\":\"2025-11-24 21:47:01\",\"warningDays\":60}',NULL,1,'\r\n### Error updating database.  Cause: java.sql.SQLIntegrityConstraintViolationException: Column \'create_time\' cannot be null\r\n### The error may exist in file [D:\\workspace\\idea\\MTOI\\ruoyi-material\\target\\classes\\mapper\\material\\MaterialInfoMapper.xml]\r\n### The error may involve defaultParameterMap\r\n### The error occurred while setting parameters\r\n### SQL: insert into supplier( supplier_id, supplier_name, contact_person, contact_phone, email, address, status, create_time, update_time) values                        ( ?, ?, ?, ?, ?, ?, ?, ?, ?)\r\n### Cause: java.sql.SQLIntegrityConstraintViolationException: Column \'create_time\' cannot be null\n; Column \'create_time\' cannot be null; nested exception is java.sql.SQLIntegrityConstraintViolationException: Column \'create_time\' cannot be null','2025-11-24 21:47:01',10),(339,'原料信息',2,'com.ruoyi.material.controller.MaterialInfoController.edit()','PUT',1,'admin','研发部门','/material/info','127.0.0.1','内网IP','{\"categoryId\":2008,\"createBy\":\"admin\",\"createTime\":\"2025-11-10 21:32:12\",\"materialId\":4010,\"materialName\":\"一次性杯子\",\"params\":{},\"purchasePrice\":60,\"shelfLife\":730,\"specification\":\"500个/箱\",\"status\":0,\"supplierList\":[{\"contactPerson\":\"12\",\"contactPhone\":\"\",\"params\":{},\"supplierName\":\"杯子杯子\"}],\"unit\":\"箱\",\"updateBy\":\"admin\",\"updateTime\":\"2025-11-24 21:47:04\",\"warningDays\":60}',NULL,1,'\r\n### Error updating database.  Cause: java.sql.SQLIntegrityConstraintViolationException: Column \'create_time\' cannot be null\r\n### The error may exist in file [D:\\workspace\\idea\\MTOI\\ruoyi-material\\target\\classes\\mapper\\material\\MaterialInfoMapper.xml]\r\n### The error may involve defaultParameterMap\r\n### The error occurred while setting parameters\r\n### SQL: insert into supplier( supplier_id, supplier_name, contact_person, contact_phone, email, address, status, create_time, update_time) values                        ( ?, ?, ?, ?, ?, ?, ?, ?, ?)\r\n### Cause: java.sql.SQLIntegrityConstraintViolationException: Column \'create_time\' cannot be null\n; Column \'create_time\' cannot be null; nested exception is java.sql.SQLIntegrityConstraintViolationException: Column \'create_time\' cannot be null','2025-11-24 21:47:04',4),(340,'原料信息',2,'com.ruoyi.material.controller.MaterialInfoController.edit()','PUT',1,'admin','研发部门','/material/info','127.0.0.1','内网IP','{\"categoryId\":2008,\"createBy\":\"admin\",\"createTime\":\"2025-11-10 21:32:12\",\"materialId\":4010,\"materialName\":\"一次性杯子\",\"params\":{},\"purchasePrice\":60,\"shelfLife\":730,\"specification\":\"500个/箱\",\"status\":0,\"supplierList\":[{\"contactPerson\":\"12\",\"contactPhone\":\"12\",\"params\":{},\"supplierName\":\"杯子杯子\"}],\"unit\":\"箱\",\"updateBy\":\"admin\",\"updateTime\":\"2025-11-24 21:47:07\",\"warningDays\":60}',NULL,1,'\r\n### Error updating database.  Cause: java.sql.SQLIntegrityConstraintViolationException: Column \'create_time\' cannot be null\r\n### The error may exist in file [D:\\workspace\\idea\\MTOI\\ruoyi-material\\target\\classes\\mapper\\material\\MaterialInfoMapper.xml]\r\n### The error may involve defaultParameterMap\r\n### The error occurred while setting parameters\r\n### SQL: insert into supplier( supplier_id, supplier_name, contact_person, contact_phone, email, address, status, create_time, update_time) values                        ( ?, ?, ?, ?, ?, ?, ?, ?, ?)\r\n### Cause: java.sql.SQLIntegrityConstraintViolationException: Column \'create_time\' cannot be null\n; Column \'create_time\' cannot be null; nested exception is java.sql.SQLIntegrityConstraintViolationException: Column \'create_time\' cannot be null','2025-11-24 21:47:07',10),(341,'原料信息',2,'com.ruoyi.material.controller.MaterialInfoController.edit()','PUT',1,'admin','研发部门','/material/info','127.0.0.1','内网IP','{\"categoryId\":2008,\"createBy\":\"admin\",\"createTime\":\"2025-11-10 21:32:12\",\"materialId\":4010,\"materialName\":\"一次性杯子\",\"params\":{},\"purchasePrice\":60,\"shelfLife\":730,\"specification\":\"500个/箱\",\"status\":0,\"supplierList\":[{\"contactPerson\":\"12\",\"contactPhone\":\"12\",\"params\":{},\"status\":0,\"supplierName\":\"杯子杯子\"}],\"unit\":\"箱\",\"updateBy\":\"admin\",\"updateTime\":\"2025-11-24 21:47:11\",\"warningDays\":60}',NULL,1,'\r\n### Error updating database.  Cause: java.sql.SQLIntegrityConstraintViolationException: Column \'create_time\' cannot be null\r\n### The error may exist in file [D:\\workspace\\idea\\MTOI\\ruoyi-material\\target\\classes\\mapper\\material\\MaterialInfoMapper.xml]\r\n### The error may involve defaultParameterMap\r\n### The error occurred while setting parameters\r\n### SQL: insert into supplier( supplier_id, supplier_name, contact_person, contact_phone, email, address, status, create_time, update_time) values                        ( ?, ?, ?, ?, ?, ?, ?, ?, ?)\r\n### Cause: java.sql.SQLIntegrityConstraintViolationException: Column \'create_time\' cannot be null\n; Column \'create_time\' cannot be null; nested exception is java.sql.SQLIntegrityConstraintViolationException: Column \'create_time\' cannot be null','2025-11-24 21:47:11',9),(342,'原料信息',2,'com.ruoyi.material.controller.MaterialInfoController.edit()','PUT',1,'admin','研发部门','/material/info','127.0.0.1','内网IP','{\"categoryId\":2008,\"createBy\":\"admin\",\"createTime\":\"2025-11-10 21:32:12\",\"materialId\":4010,\"materialName\":\"一次性杯子\",\"params\":{},\"purchasePrice\":60,\"shelfLife\":730,\"specification\":\"500个/箱\",\"status\":0,\"supplierList\":[{\"contactPerson\":\"12\",\"contactPhone\":\"12\",\"createTime\":\"2025-11-17 00:00:00\",\"params\":{},\"status\":0,\"supplierName\":\"杯子杯子\"}],\"unit\":\"箱\",\"updateBy\":\"admin\",\"updateTime\":\"2025-11-24 21:47:14\",\"warningDays\":60}','{\"msg\":\"操作成功\",\"code\":200}',0,NULL,'2025-11-24 21:47:14',19),(343,'供应商',1,'com.ruoyi.material.controller.SupplierController.add()','POST',1,'admin','研发部门','/material/supplier','127.0.0.1','内网IP','{\"contactPerson\":\"12\",\"contactPhone\":\"56\",\"createTime\":\"2025-11-24 22:08:21\",\"params\":{},\"status\":1,\"supplierId\":4007,\"supplierName\":\"想学习\"}','{\"msg\":\"操作成功\",\"code\":200}',0,NULL,'2025-11-24 22:08:21',10),(344,'供应商',1,'com.ruoyi.material.controller.SupplierController.add()','POST',1,'admin','研发部门','/material/supplier','127.0.0.1','内网IP','{\"contactPerson\":\"12\",\"contactPhone\":\"56\",\"createTime\":\"2025-11-24 22:08:26\",\"params\":{},\"status\":1,\"supplierId\":4008,\"supplierName\":\"想学习\"}','{\"msg\":\"操作成功\",\"code\":200}',0,NULL,'2025-11-24 22:08:26',9),(345,'供应商',1,'com.ruoyi.material.controller.SupplierController.add()','POST',1,'admin','研发部门','/material/supplier','127.0.0.1','内网IP','{\"contactPerson\":\"12\",\"contactPhone\":\"56\",\"createTime\":\"2025-11-24 22:08:33\",\"params\":{},\"status\":0,\"supplierId\":4009,\"supplierName\":\"想学习\"}','{\"msg\":\"操作成功\",\"code\":200}',0,NULL,'2025-11-24 22:08:33',13),(346,'供应商',1,'com.ruoyi.material.controller.SupplierController.add()','POST',1,'admin','研发部门','/material/supplier','127.0.0.1','内网IP','{\"contactPerson\":\"12\",\"contactPhone\":\"56\",\"createTime\":\"2025-11-24 22:08:38\",\"params\":{},\"status\":0,\"supplierId\":4010,\"supplierName\":\"想学习\"}','{\"msg\":\"操作成功\",\"code\":200}',0,NULL,'2025-11-24 22:08:38',5),(347,'供应商',1,'com.ruoyi.material.controller.SupplierController.add()','POST',1,'admin','研发部门','/material/supplier','127.0.0.1','内网IP','{\"contactPerson\":\"12\",\"contactPhone\":\"56\",\"createTime\":\"2025-11-24 22:08:43\",\"params\":{},\"status\":0,\"supplierId\":4011,\"supplierName\":\"想学习\",\"updateTime\":\"2025-11-26 00:00:00\"}','{\"msg\":\"操作成功\",\"code\":200}',0,NULL,'2025-11-24 22:08:43',8),(348,'供应商',1,'com.ruoyi.material.controller.SupplierController.add()','POST',1,'admin','研发部门','/material/supplier','127.0.0.1','内网IP','{\"contactPerson\":\"1\",\"contactPhone\":\"1\",\"createTime\":\"2025-11-24 22:24:40\",\"params\":{},\"status\":1,\"supplierId\":4012,\"supplierName\":\"1\"}','{\"msg\":\"操作成功\",\"code\":200}',0,NULL,'2025-11-24 22:24:40',10),(349,'供应商',1,'com.ruoyi.material.controller.SupplierController.add()','POST',1,'admin','研发部门','/material/supplier','127.0.0.1','内网IP','{\"contactPerson\":\"1\",\"contactPhone\":\"1\",\"createTime\":\"2025-11-24 22:40:44\",\"params\":{},\"status\":0,\"supplierId\":4013,\"supplierName\":\"求\"}','{\"msg\":\"操作成功\",\"code\":200}',0,NULL,'2025-11-24 22:40:44',6),(350,'原料信息',2,'com.ruoyi.material.controller.MaterialInfoController.edit()','PUT',1,'admin','研发部门','/material/info','127.0.0.1','内网IP','{\"categoryId\":2002,\"createTime\":\"2025-11-24 21:40:39\",\"materialId\":4019,\"materialName\":\"热\",\"params\":{},\"purchasePrice\":1,\"shelfLife\":1,\"specification\":\"1\",\"status\":1,\"supplierId\":4013,\"supplierList\":[{\"contactPerson\":\"1\",\"contactPhone\":\"1\",\"params\":{},\"status\":0,\"supplierId\":4013,\"supplierName\":\"求\"}],\"unit\":\"1\",\"updateTime\":\"2025-11-24 22:40:44\",\"warningDays\":1}',NULL,1,'\r\n### Error updating database.  Cause: java.sql.SQLIntegrityConstraintViolationException: Column \'create_time\' cannot be null\r\n### The error may exist in file [D:\\workspace\\idea\\MTOI\\ruoyi-material\\target\\classes\\mapper\\material\\MaterialInfoMapper.xml]\r\n### The error may involve defaultParameterMap\r\n### The error occurred while setting parameters\r\n### SQL: insert into supplier( supplier_id, supplier_name, contact_person, contact_phone, email, address, status, create_time, update_time) values                        ( ?, ?, ?, ?, ?, ?, ?, ?, ?)\r\n### Cause: java.sql.SQLIntegrityConstraintViolationException: Column \'create_time\' cannot be null\n; Column \'create_time\' cannot be null; nested exception is java.sql.SQLIntegrityConstraintViolationException: Column \'create_time\' cannot be null','2025-11-24 22:40:44',17),(351,'供应商',1,'com.ruoyi.material.controller.SupplierController.add()','POST',1,'admin','研发部门','/material/supplier','127.0.0.1','内网IP','{\"contactPerson\":\"1\",\"contactPhone\":\"1\",\"createTime\":\"2025-11-24 22:41:06\",\"params\":{},\"status\":0,\"supplierId\":4014,\"supplierName\":\"求\"}','{\"msg\":\"操作成功\",\"code\":200}',0,NULL,'2025-11-24 22:41:06',8),(352,'原料信息',2,'com.ruoyi.material.controller.MaterialInfoController.edit()','PUT',1,'admin','研发部门','/material/info','127.0.0.1','内网IP','{\"categoryId\":2002,\"createTime\":\"2025-11-24 21:40:39\",\"materialId\":4019,\"materialName\":\"热\",\"params\":{},\"purchasePrice\":1,\"shelfLife\":1,\"specification\":\"1\",\"status\":1,\"supplierId\":4014,\"supplierList\":[{\"contactPerson\":\"1\",\"contactPhone\":\"1\",\"createTime\":\"2025-11-18 00:00:00\",\"params\":{},\"status\":0,\"supplierId\":4014,\"supplierName\":\"求\"}],\"unit\":\"1\",\"updateTime\":\"2025-11-24 22:41:06\",\"warningDays\":1}',NULL,1,'\r\n### Error updating database.  Cause: java.sql.SQLIntegrityConstraintViolationException: Duplicate entry \'4014\' for key \'PRIMARY\'\r\n### The error may exist in file [D:\\workspace\\idea\\MTOI\\ruoyi-material\\target\\classes\\mapper\\material\\MaterialInfoMapper.xml]\r\n### The error may involve defaultParameterMap\r\n### The error occurred while setting parameters\r\n### SQL: insert into supplier( supplier_id, supplier_name, contact_person, contact_phone, email, address, status, create_time, update_time) values                        ( ?, ?, ?, ?, ?, ?, ?, ?, ?)\r\n### Cause: java.sql.SQLIntegrityConstraintViolationException: Duplicate entry \'4014\' for key \'PRIMARY\'\n; Duplicate entry \'4014\' for key \'PRIMARY\'; nested exception is java.sql.SQLIntegrityConstraintViolationException: Duplicate entry \'4014\' for key \'PRIMARY\'','2025-11-24 22:41:06',13),(353,'供应商',1,'com.ruoyi.material.controller.SupplierController.add()','POST',1,'admin','研发部门','/material/supplier','127.0.0.1','内网IP','{\"contactPerson\":\"1\",\"contactPhone\":\"1\",\"createTime\":\"2025-11-24 22:42:04\",\"params\":{},\"status\":0,\"supplierId\":4015,\"supplierName\":\"1\"}','{\"msg\":\"操作成功\",\"code\":200}',0,NULL,'2025-11-24 22:42:04',9),(354,'原料信息',1,'com.ruoyi.material.controller.MaterialInfoController.add()','POST',1,'admin','研发部门','/material/info','127.0.0.1','内网IP','{\"categoryId\":2001,\"createTime\":\"2025-11-24 22:42:04\",\"materialId\":4020,\"materialName\":\"1\",\"params\":{},\"specification\":\"1\",\"supplierId\":4005,\"supplierList\":[{\"contactPerson\":\"1\",\"contactPhone\":\"1\",\"createTime\":\"2025-11-18 00:00:00\",\"params\":{},\"status\":0,\"supplierId\":4005,\"supplierName\":\"1\"}],\"unit\":\"1\"}',NULL,1,'\r\n### Error updating database.  Cause: java.sql.SQLIntegrityConstraintViolationException: Duplicate entry \'4005\' for key \'PRIMARY\'\r\n### The error may exist in file [D:\\workspace\\idea\\MTOI\\ruoyi-material\\target\\classes\\mapper\\material\\MaterialInfoMapper.xml]\r\n### The error may involve defaultParameterMap\r\n### The error occurred while setting parameters\r\n### SQL: insert into supplier( supplier_id, supplier_name, contact_person, contact_phone, email, address, status, create_time, update_time) values                        ( ?, ?, ?, ?, ?, ?, ?, ?, ?)\r\n### Cause: java.sql.SQLIntegrityConstraintViolationException: Duplicate entry \'4005\' for key \'PRIMARY\'\n; Duplicate entry \'4005\' for key \'PRIMARY\'; nested exception is java.sql.SQLIntegrityConstraintViolationException: Duplicate entry \'4005\' for key \'PRIMARY\'','2025-11-24 22:42:04',18),(355,'供应商',3,'com.ruoyi.material.controller.SupplierController.remove()','DELETE',1,'admin','研发部门','/material/supplier/4013,4014,4015','127.0.0.1','内网IP','[4013,4014,4015]','{\"msg\":\"操作成功\",\"code\":200}',0,NULL,'2025-11-24 22:42:45',7),(356,'供应商',1,'com.ruoyi.material.controller.SupplierController.add()','POST',1,'admin','研发部门','/material/supplier','127.0.0.1','内网IP','{\"contactPerson\":\"1\",\"contactPhone\":\"1\",\"createTime\":\"2025-11-24 22:51:27\",\"params\":{},\"status\":1,\"supplierId\":4016,\"supplierName\":\"1\"}','{\"msg\":\"操作成功\",\"code\":200}',0,NULL,'2025-11-24 22:51:27',7),(357,'原料信息',1,'com.ruoyi.material.controller.MaterialInfoController.add()','POST',1,'admin','研发部门','/material/info','127.0.0.1','内网IP','{\"categoryId\":2001,\"createTime\":\"2025-11-24 22:51:27\",\"materialId\":4021,\"materialName\":\"1\",\"params\":{},\"specification\":\"11\",\"supplierId\":4005,\"supplierList\":[{\"contactPerson\":\"1\",\"contactPhone\":\"1\",\"createTime\":\"2025-11-26 00:00:00\",\"params\":{},\"status\":1,\"supplierName\":\"1\"}],\"unit\":\"1\"}','{\"msg\":\"操作成功\",\"code\":200}',0,NULL,'2025-11-24 22:51:27',14),(358,'供应商',3,'com.ruoyi.material.controller.SupplierController.remove()','DELETE',1,'admin','研发部门','/material/supplier/4002,4003,4005,4006,4007,4008,4009,4010,4011,4012','127.0.0.1','内网IP','[4002,4003,4005,4006,4007,4008,4009,4010,4011,4012]',NULL,1,'\r\n### Error updating database.  Cause: java.sql.SQLIntegrityConstraintViolationException: Cannot delete or update a parent row: a foreign key constraint fails (`mtoi`.`material_info`, CONSTRAINT `fk_material_supplier` FOREIGN KEY (`supplier_id`) REFERENCES `supplier` (`supplier_id`))\r\n### The error may exist in file [D:\\workspace\\idea\\MTOI\\ruoyi-material\\target\\classes\\mapper\\material\\SupplierMapper.xml]\r\n### The error may involve com.ruoyi.material.mapper.SupplierMapper.deleteSupplierBySupplierIds-Inline\r\n### The error occurred while setting parameters\r\n### SQL: delete from supplier where supplier_id in           (               ?          ,              ?          ,              ?          ,              ?          ,              ?          ,              ?          ,              ?          ,              ?          ,              ?          ,              ?          )\r\n### Cause: java.sql.SQLIntegrityConstraintViolationException: Cannot delete or update a parent row: a foreign key constraint fails (`mtoi`.`material_info`, CONSTRAINT `fk_material_supplier` FOREIGN KEY (`supplier_id`) REFERENCES `supplier` (`supplier_id`))\n; Cannot delete or update a parent row: a foreign key constraint fails (`mtoi`.`material_info`, CONSTRAINT `fk_material_supplier` FOREIGN KEY (`supplier_id`) REFERENCES `supplier` (`supplier_id`)); nested exception is java.sql.SQLIntegrityConstraintViolationException: Cannot delete or update a parent row: a foreign key constraint fails (`mtoi`.`material_info`, CONSTRAINT `fk_material_supplier` FOREIGN KEY (`supplier_id`) REFERENCES `supplier` (`supplier_id`))','2025-11-24 22:52:07',7),(359,'原料信息',3,'com.ruoyi.material.controller.MaterialInfoController.remove()','DELETE',1,'admin','研发部门','/material/info/4017,4018,4019,4021','127.0.0.1','内网IP','[4017,4018,4019,4021]','{\"msg\":\"操作成功\",\"code\":200}',0,NULL,'2025-11-24 22:52:27',12),(360,'供应商',3,'com.ruoyi.material.controller.SupplierController.remove()','DELETE',1,'admin','研发部门','/material/supplier/4002,4003,4005,4006,4007,4008,4009,4010,4011,4012','127.0.0.1','内网IP','[4002,4003,4005,4006,4007,4008,4009,4010,4011,4012]','{\"msg\":\"操作成功\",\"code\":200}',0,NULL,'2025-11-24 22:52:36',9),(361,'供应商',3,'com.ruoyi.material.controller.SupplierController.remove()','DELETE',1,'admin','研发部门','/material/supplier/4016','127.0.0.1','内网IP','[4016]','{\"msg\":\"操作成功\",\"code\":200}',0,NULL,'2025-11-24 22:52:40',10),(362,'供应商',1,'com.ruoyi.material.controller.SupplierController.add()','POST',1,'admin','研发部门','/material/supplier','127.0.0.1','内网IP','{\"contactPerson\":\"1\",\"contactPhone\":\"1\",\"createTime\":\"2025-11-24 22:53:11\",\"params\":{},\"status\":0,\"supplierId\":4018,\"supplierName\":\"我是新的\"}','{\"msg\":\"操作成功\",\"code\":200}',0,NULL,'2025-11-24 22:53:11',9),(363,'原料信息',2,'com.ruoyi.material.controller.MaterialInfoController.edit()','PUT',1,'admin','研发部门','/material/info','127.0.0.1','内网IP','{\"categoryId\":2002,\"createTime\":\"2025-11-17 13:54:17\",\"materialId\":4015,\"materialName\":\"炼乳\",\"params\":{},\"specification\":\"9\",\"status\":1,\"supplierId\":4018,\"supplierList\":[{\"contactPerson\":\"1\",\"contactPhone\":\"1\",\"createTime\":\"2025-11-27 00:00:00\",\"params\":{},\"status\":0,\"supplierName\":\"我是新的\"}],\"unit\":\"g\",\"updateTime\":\"2025-11-24 22:53:11\",\"warningDays\":7}','{\"msg\":\"操作成功\",\"code\":200}',0,NULL,'2025-11-24 22:53:11',19),(364,'原料信息',2,'com.ruoyi.material.controller.MaterialInfoController.edit()','PUT',1,'admin','研发部门','/material/info','127.0.0.1','内网IP','{\"categoryId\":2002,\"createTime\":\"2025-11-17 13:54:17\",\"materialId\":4015,\"materialName\":\"炼乳\",\"params\":{},\"specification\":\"9\",\"status\":1,\"supplierId\":4018,\"supplierList\":[],\"unit\":\"g\",\"updateTime\":\"2025-11-24 22:53:47\",\"warningDays\":7}','{\"msg\":\"操作成功\",\"code\":200}',0,NULL,'2025-11-24 22:53:47',10),(365,'供应商',1,'com.ruoyi.material.controller.SupplierController.add()','POST',1,'admin','研发部门','/material/supplier','127.0.0.1','内网IP','{\"address\":\"\",\"contactPerson\":\"1\",\"contactPhone\":\"1\",\"createTime\":\"2025-11-24 23:05:50\",\"email\":\"\",\"params\":{},\"status\":0,\"supplierId\":4020,\"supplierName\":\"我是供应商\",\"updateTime\":\"2025-11-24 15:05:38\"}','{\"msg\":\"操作成功\",\"code\":200}',0,NULL,'2025-11-24 23:05:50',22),(366,'原料信息',1,'com.ruoyi.material.controller.MaterialInfoController.add()','POST',1,'admin','研发部门','/material/info','127.0.0.1','内网IP','{\"categoryId\":2002,\"createTime\":\"2025-11-24 23:05:50\",\"materialId\":4022,\"materialName\":\"东方红\",\"params\":{},\"specification\":\"2\",\"supplierId\":3001,\"unit\":\"1\"}','{\"msg\":\"操作成功\",\"code\":200}',0,NULL,'2025-11-24 23:05:50',15),(367,'供应商',1,'com.ruoyi.material.controller.SupplierController.add()','POST',1,'admin','研发部门','/material/supplier','127.0.0.1','内网IP','{\"contactPerson\":\"1\",\"contactPhone\":\"11\",\"createTime\":\"2025-11-24 23:14:31\",\"params\":{},\"status\":1,\"supplierId\":4021,\"supplierName\":\"我我我\"}','{\"msg\":\"操作成功\",\"code\":200}',0,NULL,'2025-11-24 23:14:31',4),(368,'原料信息',1,'com.ruoyi.material.controller.MaterialInfoController.add()','POST',1,'admin','研发部门','/material/info','127.0.0.1','内网IP','{\"categoryId\":2001,\"createTime\":\"2025-11-24 23:14:31\",\"materialId\":4023,\"materialName\":\"123\",\"params\":{},\"specification\":\"1\",\"supplierId\":4021,\"unit\":\"1\"}','{\"msg\":\"操作成功\",\"code\":200}',0,NULL,'2025-11-24 23:14:32',9),(369,'供应商',1,'com.ruoyi.material.controller.SupplierController.add()','POST',1,'admin','研发部门','/material/supplier','127.0.0.1','内网IP','{\"contactPerson\":\"1\",\"contactPhone\":\"1\",\"createTime\":\"2025-11-24 23:20:05\",\"params\":{},\"status\":0,\"supplierId\":4022,\"supplierName\":\"真的\"}','{\"msg\":\"操作成功\",\"code\":200}',0,NULL,'2025-11-24 23:20:05',6),(370,'原料信息',1,'com.ruoyi.material.controller.MaterialInfoController.add()','POST',1,'admin','研发部门','/material/info','127.0.0.1','内网IP','{\"categoryId\":2001,\"createTime\":\"2025-11-24 23:20:05\",\"materialId\":4024,\"materialName\":\"最后\",\"params\":{},\"specification\":\"1\",\"supplierId\":4022,\"unit\":\"1\"}','{\"msg\":\"操作成功\",\"code\":200}',0,NULL,'2025-11-24 23:20:05',8),(371,'供应商',1,'com.ruoyi.material.controller.SupplierController.add()','POST',1,'admin','研发部门','/material/supplier','127.0.0.1','内网IP','{\"contactPerson\":\"1\",\"contactPhone\":\"1\",\"createTime\":\"2025-11-24 23:23:37\",\"params\":{},\"status\":0,\"supplierId\":4023,\"supplierName\":\"啊\"}','{\"msg\":\"操作成功\",\"code\":200}',0,NULL,'2025-11-24 23:23:37',3),(372,'原料信息',2,'com.ruoyi.material.controller.MaterialInfoController.edit()','PUT',1,'admin','研发部门','/material/info','127.0.0.1','内网IP','{\"categoryId\":2001,\"createTime\":\"2025-11-24 23:20:06\",\"materialId\":4024,\"materialName\":\"最后\",\"params\":{},\"specification\":\"1\",\"status\":1,\"supplierId\":4023,\"supplierList\":[{\"contactPerson\":\"1\",\"contactPhone\":\"1\",\"createTime\":\"2025-11-25 00:00:00\",\"params\":{},\"status\":0,\"supplierId\":4023,\"supplierName\":\"啊\"}],\"unit\":\"1\",\"updateTime\":\"2025-11-24 23:23:37\",\"warningDays\":7}',NULL,1,'\r\n### Error updating database.  Cause: java.sql.SQLIntegrityConstraintViolationException: Duplicate entry \'4023\' for key \'PRIMARY\'\r\n### The error may exist in file [D:\\workspace\\idea\\MTOI\\ruoyi-material\\target\\classes\\mapper\\material\\MaterialInfoMapper.xml]\r\n### The error may involve defaultParameterMap\r\n### The error occurred while setting parameters\r\n### SQL: insert into supplier( supplier_id, supplier_name, contact_person, contact_phone, email, address, status, create_time, update_time) values                        ( ?, ?, ?, ?, ?, ?, ?, ?, ?)\r\n### Cause: java.sql.SQLIntegrityConstraintViolationException: Duplicate entry \'4023\' for key \'PRIMARY\'\n; Duplicate entry \'4023\' for key \'PRIMARY\'; nested exception is java.sql.SQLIntegrityConstraintViolationException: Duplicate entry \'4023\' for key \'PRIMARY\'','2025-11-24 23:23:37',13),(373,'供应商',1,'com.ruoyi.material.controller.SupplierController.add()','POST',1,'admin','研发部门','/material/supplier','127.0.0.1','内网IP','{\"contactPerson\":\"1\",\"contactPhone\":\"1\",\"createTime\":\"2025-11-24 23:24:13\",\"params\":{},\"status\":1,\"supplierId\":4024,\"supplierName\":\"妈的\"}','{\"msg\":\"操作成功\",\"code\":200}',0,NULL,'2025-11-24 23:24:13',10),(374,'原料信息',1,'com.ruoyi.material.controller.MaterialInfoController.add()','POST',1,'admin','研发部门','/material/info','127.0.0.1','内网IP','{\"categoryId\":2002,\"createTime\":\"2025-11-24 23:24:13\",\"materialId\":4025,\"materialName\":\"1\",\"params\":{},\"specification\":\"1\",\"supplierId\":4024,\"unit\":\"1\"}','{\"msg\":\"操作成功\",\"code\":200}',0,NULL,'2025-11-24 23:24:13',9),(375,'供应商',3,'com.ruoyi.material.controller.SupplierController.remove()','DELETE',1,'admin','研发部门','/material/supplier/4018,4019,4020,4021,4022,4023,4024','127.0.0.1','内网IP','[4018,4019,4020,4021,4022,4023,4024]',NULL,1,'\r\n### Error updating database.  Cause: java.sql.SQLIntegrityConstraintViolationException: Cannot delete or update a parent row: a foreign key constraint fails (`mtoi`.`material_info`, CONSTRAINT `fk_material_supplier` FOREIGN KEY (`supplier_id`) REFERENCES `supplier` (`supplier_id`))\r\n### The error may exist in file [D:\\workspace\\idea\\MTOI\\ruoyi-material\\target\\classes\\mapper\\material\\SupplierMapper.xml]\r\n### The error may involve com.ruoyi.material.mapper.SupplierMapper.deleteSupplierBySupplierIds-Inline\r\n### The error occurred while setting parameters\r\n### SQL: delete from supplier where supplier_id in           (               ?          ,              ?          ,              ?          ,              ?          ,              ?          ,              ?          ,              ?          )\r\n### Cause: java.sql.SQLIntegrityConstraintViolationException: Cannot delete or update a parent row: a foreign key constraint fails (`mtoi`.`material_info`, CONSTRAINT `fk_material_supplier` FOREIGN KEY (`supplier_id`) REFERENCES `supplier` (`supplier_id`))\n; Cannot delete or update a parent row: a foreign key constraint fails (`mtoi`.`material_info`, CONSTRAINT `fk_material_supplier` FOREIGN KEY (`supplier_id`) REFERENCES `supplier` (`supplier_id`)); nested exception is java.sql.SQLIntegrityConstraintViolationException: Cannot delete or update a parent row: a foreign key constraint fails (`mtoi`.`material_info`, CONSTRAINT `fk_material_supplier` FOREIGN KEY (`supplier_id`) REFERENCES `supplier` (`supplier_id`))','2025-11-24 23:24:26',11),(376,'原料信息',3,'com.ruoyi.material.controller.MaterialInfoController.remove()','DELETE',1,'admin','研发部门','/material/info/4015,4022,4023,4024,4025','127.0.0.1','内网IP','[4015,4022,4023,4024,4025]',NULL,1,'\r\n### Error updating database.  Cause: java.sql.SQLIntegrityConstraintViolationException: Cannot delete or update a parent row: a foreign key constraint fails (`mtoi`.`material_info`, CONSTRAINT `fk_material_supplier` FOREIGN KEY (`supplier_id`) REFERENCES `supplier` (`supplier_id`))\r\n### The error may exist in file [D:\\workspace\\idea\\MTOI\\ruoyi-material\\target\\classes\\mapper\\material\\MaterialInfoMapper.xml]\r\n### The error may involve com.ruoyi.material.mapper.MaterialInfoMapper.deleteSupplierBySupplierIds-Inline\r\n### The error occurred while setting parameters\r\n### SQL: delete from supplier where supplier_id in           (               ?          ,              ?          ,              ?          ,              ?          ,              ?          )\r\n### Cause: java.sql.SQLIntegrityConstraintViolationException: Cannot delete or update a parent row: a foreign key constraint fails (`mtoi`.`material_info`, CONSTRAINT `fk_material_supplier` FOREIGN KEY (`supplier_id`) REFERENCES `supplier` (`supplier_id`))\n; Cannot delete or update a parent row: a foreign key constraint fails (`mtoi`.`material_info`, CONSTRAINT `fk_material_supplier` FOREIGN KEY (`supplier_id`) REFERENCES `supplier` (`supplier_id`)); nested exception is java.sql.SQLIntegrityConstraintViolationException: Cannot delete or update a parent row: a foreign key constraint fails (`mtoi`.`material_info`, CONSTRAINT `fk_material_supplier` FOREIGN KEY (`supplier_id`) REFERENCES `supplier` (`supplier_id`))','2025-11-24 23:24:35',7),(377,'原料信息',3,'com.ruoyi.material.controller.MaterialInfoController.remove()','DELETE',1,'admin','研发部门','/material/info/4015,4022,4023,4024,4025','127.0.0.1','内网IP','[4015,4022,4023,4024,4025]',NULL,1,'\r\n### Error updating database.  Cause: java.sql.SQLIntegrityConstraintViolationException: Cannot delete or update a parent row: a foreign key constraint fails (`mtoi`.`material_info`, CONSTRAINT `fk_material_supplier` FOREIGN KEY (`supplier_id`) REFERENCES `supplier` (`supplier_id`))\r\n### The error may exist in file [D:\\workspace\\idea\\MTOI\\ruoyi-material\\target\\classes\\mapper\\material\\MaterialInfoMapper.xml]\r\n### The error may involve com.ruoyi.material.mapper.MaterialInfoMapper.deleteSupplierBySupplierIds-Inline\r\n### The error occurred while setting parameters\r\n### SQL: delete from supplier where supplier_id in           (               ?          ,              ?          ,              ?          ,              ?          ,              ?          )\r\n### Cause: java.sql.SQLIntegrityConstraintViolationException: Cannot delete or update a parent row: a foreign key constraint fails (`mtoi`.`material_info`, CONSTRAINT `fk_material_supplier` FOREIGN KEY (`supplier_id`) REFERENCES `supplier` (`supplier_id`))\n; Cannot delete or update a parent row: a foreign key constraint fails (`mtoi`.`material_info`, CONSTRAINT `fk_material_supplier` FOREIGN KEY (`supplier_id`) REFERENCES `supplier` (`supplier_id`)); nested exception is java.sql.SQLIntegrityConstraintViolationException: Cannot delete or update a parent row: a foreign key constraint fails (`mtoi`.`material_info`, CONSTRAINT `fk_material_supplier` FOREIGN KEY (`supplier_id`) REFERENCES `supplier` (`supplier_id`))','2025-11-24 23:24:42',10),(378,'原料信息',3,'com.ruoyi.material.controller.MaterialInfoController.remove()','DELETE',1,'admin','研发部门','/material/info/4015','127.0.0.1','内网IP','[4015]','{\"msg\":\"操作成功\",\"code\":200}',0,NULL,'2025-11-24 23:24:54',12),(379,'原料信息',3,'com.ruoyi.material.controller.MaterialInfoController.remove()','DELETE',1,'admin','研发部门','/material/info/4022','127.0.0.1','内网IP','[4022]',NULL,1,'\r\n### Error updating database.  Cause: java.sql.SQLIntegrityConstraintViolationException: Cannot delete or update a parent row: a foreign key constraint fails (`mtoi`.`material_info`, CONSTRAINT `fk_material_supplier` FOREIGN KEY (`supplier_id`) REFERENCES `supplier` (`supplier_id`))\r\n### The error may exist in file [D:\\workspace\\idea\\MTOI\\ruoyi-material\\target\\classes\\mapper\\material\\MaterialInfoMapper.xml]\r\n### The error may involve com.ruoyi.material.mapper.MaterialInfoMapper.deleteSupplierBySupplierIds-Inline\r\n### The error occurred while setting parameters\r\n### SQL: delete from supplier where supplier_id in           (               ?          )\r\n### Cause: java.sql.SQLIntegrityConstraintViolationException: Cannot delete or update a parent row: a foreign key constraint fails (`mtoi`.`material_info`, CONSTRAINT `fk_material_supplier` FOREIGN KEY (`supplier_id`) REFERENCES `supplier` (`supplier_id`))\n; Cannot delete or update a parent row: a foreign key constraint fails (`mtoi`.`material_info`, CONSTRAINT `fk_material_supplier` FOREIGN KEY (`supplier_id`) REFERENCES `supplier` (`supplier_id`)); nested exception is java.sql.SQLIntegrityConstraintViolationException: Cannot delete or update a parent row: a foreign key constraint fails (`mtoi`.`material_info`, CONSTRAINT `fk_material_supplier` FOREIGN KEY (`supplier_id`) REFERENCES `supplier` (`supplier_id`))','2025-11-24 23:24:57',6),(380,'原料信息',3,'com.ruoyi.material.controller.MaterialInfoController.remove()','DELETE',1,'admin','研发部门','/material/info/4023','127.0.0.1','内网IP','[4023]','{\"msg\":\"操作成功\",\"code\":200}',0,NULL,'2025-11-24 23:25:00',9),(381,'原料信息',3,'com.ruoyi.material.controller.MaterialInfoController.remove()','DELETE',1,'admin','研发部门','/material/info/4024','127.0.0.1','内网IP','[4024]',NULL,1,'\r\n### Error updating database.  Cause: java.sql.SQLIntegrityConstraintViolationException: Cannot delete or update a parent row: a foreign key constraint fails (`mtoi`.`material_info`, CONSTRAINT `fk_material_supplier` FOREIGN KEY (`supplier_id`) REFERENCES `supplier` (`supplier_id`))\r\n### The error may exist in file [D:\\workspace\\idea\\MTOI\\ruoyi-material\\target\\classes\\mapper\\material\\MaterialInfoMapper.xml]\r\n### The error may involve com.ruoyi.material.mapper.MaterialInfoMapper.deleteSupplierBySupplierIds-Inline\r\n### The error occurred while setting parameters\r\n### SQL: delete from supplier where supplier_id in           (               ?          )\r\n### Cause: java.sql.SQLIntegrityConstraintViolationException: Cannot delete or update a parent row: a foreign key constraint fails (`mtoi`.`material_info`, CONSTRAINT `fk_material_supplier` FOREIGN KEY (`supplier_id`) REFERENCES `supplier` (`supplier_id`))\n; Cannot delete or update a parent row: a foreign key constraint fails (`mtoi`.`material_info`, CONSTRAINT `fk_material_supplier` FOREIGN KEY (`supplier_id`) REFERENCES `supplier` (`supplier_id`)); nested exception is java.sql.SQLIntegrityConstraintViolationException: Cannot delete or update a parent row: a foreign key constraint fails (`mtoi`.`material_info`, CONSTRAINT `fk_material_supplier` FOREIGN KEY (`supplier_id`) REFERENCES `supplier` (`supplier_id`))','2025-11-24 23:25:02',6),(382,'原料信息',3,'com.ruoyi.material.controller.MaterialInfoController.remove()','DELETE',1,'admin','研发部门','/material/info/4025','127.0.0.1','内网IP','[4025]','{\"msg\":\"操作成功\",\"code\":200}',0,NULL,'2025-11-24 23:25:04',13),(383,'供应商',3,'com.ruoyi.material.controller.SupplierController.remove()','DELETE',1,'admin','研发部门','/material/supplier/4018,4019,4020,4021,4022,4023,4024','127.0.0.1','内网IP','[4018,4019,4020,4021,4022,4023,4024]',NULL,1,'\r\n### Error updating database.  Cause: java.sql.SQLIntegrityConstraintViolationException: Cannot delete or update a parent row: a foreign key constraint fails (`mtoi`.`material_info`, CONSTRAINT `fk_material_supplier` FOREIGN KEY (`supplier_id`) REFERENCES `supplier` (`supplier_id`))\r\n### The error may exist in file [D:\\workspace\\idea\\MTOI\\ruoyi-material\\target\\classes\\mapper\\material\\SupplierMapper.xml]\r\n### The error may involve com.ruoyi.material.mapper.SupplierMapper.deleteSupplierBySupplierIds-Inline\r\n### The error occurred while setting parameters\r\n### SQL: delete from supplier where supplier_id in           (               ?          ,              ?          ,              ?          ,              ?          ,              ?          ,              ?          ,              ?          )\r\n### Cause: java.sql.SQLIntegrityConstraintViolationException: Cannot delete or update a parent row: a foreign key constraint fails (`mtoi`.`material_info`, CONSTRAINT `fk_material_supplier` FOREIGN KEY (`supplier_id`) REFERENCES `supplier` (`supplier_id`))\n; Cannot delete or update a parent row: a foreign key constraint fails (`mtoi`.`material_info`, CONSTRAINT `fk_material_supplier` FOREIGN KEY (`supplier_id`) REFERENCES `supplier` (`supplier_id`)); nested exception is java.sql.SQLIntegrityConstraintViolationException: Cannot delete or update a parent row: a foreign key constraint fails (`mtoi`.`material_info`, CONSTRAINT `fk_material_supplier` FOREIGN KEY (`supplier_id`) REFERENCES `supplier` (`supplier_id`))','2025-11-24 23:25:14',5),(384,'供应商',3,'com.ruoyi.material.controller.SupplierController.remove()','DELETE',1,'admin','研发部门','/material/supplier/4024','127.0.0.1','内网IP','[4024]','{\"msg\":\"操作成功\",\"code\":200}',0,NULL,'2025-11-24 23:25:20',0),(385,'原料信息',1,'com.ruoyi.material.controller.MaterialInfoController.add()','POST',1,'admin','研发部门','/material/info','127.0.0.1','内网IP','{\"categoryId\":2001,\"createTime\":\"2025-11-24 23:25:52\",\"materialId\":4026,\"materialName\":\"我问问\",\"params\":{},\"specification\":\"11\",\"supplierId\":3003,\"unit\":\"111\"}','{\"msg\":\"操作成功\",\"code\":200}',0,NULL,'2025-11-24 23:25:52',11),(386,'供应商',1,'com.ruoyi.material.controller.SupplierController.add()','POST',1,'admin','研发部门','/material/supplier','127.0.0.1','内网IP','{\"contactPerson\":\"1\",\"contactPhone\":\"1\",\"createTime\":\"2025-11-24 23:31:51\",\"params\":{},\"status\":0,\"supplierId\":4025,\"supplierName\":\"问问\"}','{\"msg\":\"操作成功\",\"code\":200}',0,NULL,'2025-11-24 23:31:51',10),(387,'原料信息',1,'com.ruoyi.material.controller.MaterialInfoController.add()','POST',1,'admin','研发部门','/material/info','127.0.0.1','内网IP','{\"categoryId\":2001,\"createTime\":\"2025-11-24 23:31:51\",\"materialId\":4027,\"materialName\":\"1\",\"params\":{},\"specification\":\"1\",\"supplierId\":4025,\"unit\":\"1\"}','{\"msg\":\"操作成功\",\"code\":200}',0,NULL,'2025-11-24 23:31:51',11),(388,'供应商',1,'com.ruoyi.material.controller.SupplierController.add()','POST',1,'admin','研发部门','/material/supplier','127.0.0.1','内网IP','{\"address\":\"\",\"contactPerson\":\"1\",\"contactPhone\":\"1\",\"createTime\":\"2025-11-24 23:35:45\",\"email\":\"\",\"params\":{},\"status\":1,\"supplierId\":4026,\"supplierName\":\"方法\"}','{\"msg\":\"操作成功\",\"code\":200}',0,NULL,'2025-11-24 23:35:45',7),(389,'原料信息',1,'com.ruoyi.material.controller.MaterialInfoController.add()','POST',1,'admin','研发部门','/material/info','127.0.0.1','内网IP','{\"categoryId\":2001,\"createTime\":\"2025-11-24 23:35:45\",\"materialId\":4028,\"materialName\":\"1\",\"params\":{},\"specification\":\"1\",\"supplierId\":4026,\"unit\":\"1\"}','{\"msg\":\"操作成功\",\"code\":200}',0,NULL,'2025-11-24 23:35:45',10),(390,'代码生成',2,'com.ruoyi.generator.controller.GenController.editSave()','PUT',1,'admin','研发部门','/tool/gen','127.0.0.1','内网IP','{\"businessName\":\"supplier\",\"className\":\"Supplier\",\"columns\":[{\"capJavaField\":\"SupplierId\",\"columnComment\":\"供应商ID\",\"columnId\":143,\"columnName\":\"supplier_id\",\"columnType\":\"bigint(20)\",\"createBy\":\"admin\",\"createTime\":\"2025-11-11 08:10:57\",\"dictType\":\"\",\"edit\":false,\"htmlType\":\"input\",\"increment\":true,\"insert\":true,\"isIncrement\":\"1\",\"isInsert\":\"1\",\"isPk\":\"1\",\"isRequired\":\"0\",\"javaField\":\"supplierId\",\"javaType\":\"Long\",\"list\":false,\"params\":{},\"pk\":true,\"query\":false,\"queryType\":\"EQ\",\"required\":false,\"sort\":1,\"superColumn\":false,\"tableId\":15,\"updateBy\":\"\",\"updateTime\":\"2025-11-18 21:11:50\",\"usableColumn\":false},{\"capJavaField\":\"SupplierName\",\"columnComment\":\"供应商名称\",\"columnId\":144,\"columnName\":\"supplier_name\",\"columnType\":\"varchar(100)\",\"createBy\":\"admin\",\"createTime\":\"2025-11-11 08:10:57\",\"dictType\":\"\",\"edit\":true,\"htmlType\":\"input\",\"increment\":false,\"insert\":true,\"isEdit\":\"1\",\"isIncrement\":\"0\",\"isInsert\":\"1\",\"isList\":\"1\",\"isPk\":\"0\",\"isQuery\":\"1\",\"isRequired\":\"1\",\"javaField\":\"supplierName\",\"javaType\":\"String\",\"list\":true,\"params\":{},\"pk\":false,\"query\":true,\"queryType\":\"LIKE\",\"required\":true,\"sort\":2,\"superColumn\":false,\"tableId\":15,\"updateBy\":\"\",\"updateTime\":\"2025-11-18 21:11:50\",\"usableColumn\":false},{\"capJavaField\":\"ContactPerson\",\"columnComment\":\"联系人\",\"columnId\":145,\"columnName\":\"contact_person\",\"columnType\":\"varchar(50)\",\"createBy\":\"admin\",\"createTime\":\"2025-11-11 08:10:57\",\"dictType\":\"\",\"edit\":true,\"htmlType\":\"input\",\"increment\":false,\"insert\":true,\"isEdit\":\"1\",\"isIncrement\":\"0\",\"isInsert\":\"1\",\"isList\":\"1\",\"isPk\":\"0\",\"isQuery\":\"1\",\"isRequired\":\"0\",\"javaField\":\"contactPerson\",\"javaType\":\"String\",\"list\":true,\"params\":{},\"pk\":false,\"query\":true,\"queryType\":\"EQ\",\"required\":false,\"sort\":3,\"superColumn\":false,\"tableId\":15,\"updateBy\":\"\",\"updateTime\":\"2025-11-18 21:11:50\",\"usableColumn\":false},{\"capJavaField\":\"ContactPhone\",\"columnComment\":\"联系电话\",\"columnId\":146,\"columnName\":\"contact_phone\",\"columnType\":\"varchar(20)\",\"createBy\":\"admin\",\"createTime\":\"2025-11-11 08:10:57\",\"dict','{\"msg\":\"操作成功\",\"code\":200}',0,NULL,'2025-11-25 08:07:18',73),(391,'代码生成',2,'com.ruoyi.generator.controller.GenController.editSave()','PUT',1,'admin','研发部门','/tool/gen','127.0.0.1','内网IP','{\"businessName\":\"warehouse\",\"className\":\"Warehouse\",\"columns\":[{\"capJavaField\":\"WarehouseId\",\"columnComment\":\"仓库ID\",\"columnId\":152,\"columnName\":\"warehouse_id\",\"columnType\":\"bigint(20)\",\"createBy\":\"admin\",\"createTime\":\"2025-11-11 08:10:57\",\"dictType\":\"\",\"edit\":false,\"htmlType\":\"input\",\"increment\":true,\"insert\":true,\"isIncrement\":\"1\",\"isInsert\":\"1\",\"isPk\":\"1\",\"isRequired\":\"0\",\"javaField\":\"warehouseId\",\"javaType\":\"Long\",\"list\":false,\"params\":{},\"pk\":true,\"query\":false,\"queryType\":\"EQ\",\"required\":false,\"sort\":1,\"superColumn\":false,\"tableId\":16,\"updateBy\":\"\",\"usableColumn\":false},{\"capJavaField\":\"WarehouseName\",\"columnComment\":\"仓库名称\",\"columnId\":153,\"columnName\":\"warehouse_name\",\"columnType\":\"varchar(100)\",\"createBy\":\"admin\",\"createTime\":\"2025-11-11 08:10:57\",\"dictType\":\"\",\"edit\":true,\"htmlType\":\"input\",\"increment\":false,\"insert\":true,\"isEdit\":\"1\",\"isIncrement\":\"0\",\"isInsert\":\"1\",\"isList\":\"1\",\"isPk\":\"0\",\"isQuery\":\"1\",\"isRequired\":\"1\",\"javaField\":\"warehouseName\",\"javaType\":\"String\",\"list\":true,\"params\":{},\"pk\":false,\"query\":true,\"queryType\":\"LIKE\",\"required\":true,\"sort\":2,\"superColumn\":false,\"tableId\":16,\"updateBy\":\"\",\"usableColumn\":false},{\"capJavaField\":\"Address\",\"columnComment\":\"仓库地址\",\"columnId\":154,\"columnName\":\"address\",\"columnType\":\"varchar(255)\",\"createBy\":\"admin\",\"createTime\":\"2025-11-11 08:10:57\",\"dictType\":\"\",\"edit\":true,\"htmlType\":\"input\",\"increment\":false,\"insert\":true,\"isEdit\":\"1\",\"isIncrement\":\"0\",\"isInsert\":\"1\",\"isList\":\"1\",\"isPk\":\"0\",\"isQuery\":\"1\",\"isRequired\":\"1\",\"javaField\":\"address\",\"javaType\":\"String\",\"list\":true,\"params\":{},\"pk\":false,\"query\":true,\"queryType\":\"EQ\",\"required\":true,\"sort\":3,\"superColumn\":false,\"tableId\":16,\"updateBy\":\"\",\"usableColumn\":false},{\"capJavaField\":\"ManagerId\",\"columnComment\":\"负责人ID\",\"columnId\":155,\"columnName\":\"manager_id\",\"columnType\":\"bigint(20)\",\"createBy\":\"admin\",\"createTime\":\"2025-11-11 08:10:57\",\"dictType\":\"\",\"edit\":true,\"htmlType\":\"input\",\"increment\":false,\"insert\":true,\"isEdit\":\"1\",\"isIncrement\":\"0\",\"isInsert\":\"1\",\"isLi','{\"msg\":\"操作成功\",\"code\":200}',0,NULL,'2025-11-25 10:24:13',108),(392,'代码生成',2,'com.ruoyi.generator.controller.GenController.editSave()','PUT',1,'admin','研发部门','/tool/gen','127.0.0.1','内网IP','{\"businessName\":\"warehouse\",\"className\":\"Warehouse\",\"columns\":[{\"capJavaField\":\"WarehouseId\",\"columnComment\":\"仓库ID\",\"columnId\":152,\"columnName\":\"warehouse_id\",\"columnType\":\"bigint(20)\",\"createBy\":\"admin\",\"createTime\":\"2025-11-11 08:10:57\",\"dictType\":\"\",\"edit\":false,\"htmlType\":\"input\",\"increment\":true,\"insert\":true,\"isIncrement\":\"1\",\"isInsert\":\"1\",\"isPk\":\"1\",\"isRequired\":\"0\",\"javaField\":\"warehouseId\",\"javaType\":\"Long\",\"list\":false,\"params\":{},\"pk\":true,\"query\":false,\"queryType\":\"EQ\",\"required\":false,\"sort\":1,\"superColumn\":false,\"tableId\":16,\"updateBy\":\"\",\"updateTime\":\"2025-11-25 10:24:13\",\"usableColumn\":false},{\"capJavaField\":\"WarehouseName\",\"columnComment\":\"仓库名称\",\"columnId\":153,\"columnName\":\"warehouse_name\",\"columnType\":\"varchar(100)\",\"createBy\":\"admin\",\"createTime\":\"2025-11-11 08:10:57\",\"dictType\":\"\",\"edit\":true,\"htmlType\":\"input\",\"increment\":false,\"insert\":true,\"isEdit\":\"1\",\"isIncrement\":\"0\",\"isInsert\":\"1\",\"isList\":\"1\",\"isPk\":\"0\",\"isQuery\":\"1\",\"isRequired\":\"1\",\"javaField\":\"warehouseName\",\"javaType\":\"String\",\"list\":true,\"params\":{},\"pk\":false,\"query\":true,\"queryType\":\"LIKE\",\"required\":true,\"sort\":2,\"superColumn\":false,\"tableId\":16,\"updateBy\":\"\",\"updateTime\":\"2025-11-25 10:24:13\",\"usableColumn\":false},{\"capJavaField\":\"Address\",\"columnComment\":\"仓库地址\",\"columnId\":154,\"columnName\":\"address\",\"columnType\":\"varchar(255)\",\"createBy\":\"admin\",\"createTime\":\"2025-11-11 08:10:57\",\"dictType\":\"\",\"edit\":true,\"htmlType\":\"input\",\"increment\":false,\"insert\":true,\"isEdit\":\"1\",\"isIncrement\":\"0\",\"isInsert\":\"1\",\"isList\":\"1\",\"isPk\":\"0\",\"isQuery\":\"1\",\"isRequired\":\"1\",\"javaField\":\"address\",\"javaType\":\"String\",\"list\":true,\"params\":{},\"pk\":false,\"query\":true,\"queryType\":\"EQ\",\"required\":true,\"sort\":3,\"superColumn\":false,\"tableId\":16,\"updateBy\":\"\",\"updateTime\":\"2025-11-25 10:24:13\",\"usableColumn\":false},{\"capJavaField\":\"ManagerId\",\"columnComment\":\"负责人ID\",\"columnId\":155,\"columnName\":\"manager_id\",\"columnType\":\"bigint(20)\",\"createBy\":\"admin\",\"createTime\":\"2025-11-11 08:10:57\",\"dictType\":\"\",\"edit\":tr','{\"msg\":\"操作成功\",\"code\":200}',0,NULL,'2025-11-25 14:50:55',88),(393,'代码生成',2,'com.ruoyi.generator.controller.GenController.editSave()','PUT',1,'admin','研发部门','/tool/gen','127.0.0.1','内网IP','{\"businessName\":\"record\",\"className\":\"StockRecord\",\"columns\":[{\"capJavaField\":\"RecordId\",\"columnComment\":\"记录ID\",\"columnId\":132,\"columnName\":\"record_id\",\"columnType\":\"bigint(20)\",\"createBy\":\"admin\",\"createTime\":\"2025-11-11 08:10:57\",\"dictType\":\"\",\"edit\":false,\"htmlType\":\"input\",\"increment\":true,\"insert\":true,\"isIncrement\":\"1\",\"isInsert\":\"1\",\"isPk\":\"1\",\"isRequired\":\"0\",\"javaField\":\"recordId\",\"javaType\":\"Long\",\"list\":false,\"params\":{},\"pk\":true,\"query\":false,\"queryType\":\"EQ\",\"required\":false,\"sort\":1,\"superColumn\":false,\"tableId\":14,\"updateBy\":\"\",\"usableColumn\":false},{\"capJavaField\":\"MaterialId\",\"columnComment\":\"原料ID\",\"columnId\":133,\"columnName\":\"material_id\",\"columnType\":\"bigint(20)\",\"createBy\":\"admin\",\"createTime\":\"2025-11-11 08:10:57\",\"dictType\":\"\",\"edit\":true,\"htmlType\":\"input\",\"increment\":false,\"insert\":true,\"isEdit\":\"1\",\"isIncrement\":\"0\",\"isInsert\":\"1\",\"isList\":\"1\",\"isPk\":\"0\",\"isQuery\":\"1\",\"isRequired\":\"1\",\"javaField\":\"materialId\",\"javaType\":\"Long\",\"list\":true,\"params\":{},\"pk\":false,\"query\":true,\"queryType\":\"EQ\",\"required\":true,\"sort\":2,\"superColumn\":false,\"tableId\":14,\"updateBy\":\"\",\"usableColumn\":false},{\"capJavaField\":\"Type\",\"columnComment\":\"变动类型(1:入库,2:出库,3:盘点,4:报损)\",\"columnId\":134,\"columnName\":\"type\",\"columnType\":\"tinyint(4)\",\"createBy\":\"admin\",\"createTime\":\"2025-11-11 08:10:57\",\"dictType\":\"\",\"edit\":true,\"htmlType\":\"select\",\"increment\":false,\"insert\":true,\"isEdit\":\"1\",\"isIncrement\":\"0\",\"isInsert\":\"1\",\"isList\":\"1\",\"isPk\":\"0\",\"isQuery\":\"1\",\"isRequired\":\"1\",\"javaField\":\"type\",\"javaType\":\"Integer\",\"list\":true,\"params\":{},\"pk\":false,\"query\":true,\"queryType\":\"EQ\",\"required\":true,\"sort\":3,\"superColumn\":false,\"tableId\":14,\"updateBy\":\"\",\"usableColumn\":false},{\"capJavaField\":\"Quantity\",\"columnComment\":\"变动数量\",\"columnId\":135,\"columnName\":\"quantity\",\"columnType\":\"decimal(15,4)\",\"createBy\":\"admin\",\"createTime\":\"2025-11-11 08:10:57\",\"dictType\":\"\",\"edit\":true,\"htmlType\":\"input\",\"increment\":false,\"insert\":true,\"isEdit\":\"1\",\"isIncrement\":\"0\",\"isInsert\":\"1\",\"isList\":\"1\",\"isPk\"','{\"msg\":\"操作成功\",\"code\":200}',0,NULL,'2025-11-26 07:23:09',136),(394,'代码生成',2,'com.ruoyi.generator.controller.GenController.editSave()','PUT',1,'admin','研发部门','/tool/gen','127.0.0.1','内网IP','{\"businessName\":\"info\",\"className\":\"StockInfo\",\"columns\":[{\"capJavaField\":\"StockId\",\"columnComment\":\"库存ID\",\"columnId\":124,\"columnName\":\"stock_id\",\"columnType\":\"bigint(20)\",\"createBy\":\"admin\",\"createTime\":\"2025-11-11 08:10:57\",\"dictType\":\"\",\"edit\":false,\"htmlType\":\"input\",\"increment\":true,\"insert\":true,\"isIncrement\":\"1\",\"isInsert\":\"1\",\"isPk\":\"1\",\"isRequired\":\"0\",\"javaField\":\"stockId\",\"javaType\":\"Long\",\"list\":false,\"params\":{},\"pk\":true,\"query\":false,\"queryType\":\"EQ\",\"required\":false,\"sort\":1,\"superColumn\":false,\"tableId\":13,\"updateBy\":\"\",\"usableColumn\":false},{\"capJavaField\":\"MaterialId\",\"columnComment\":\"原料ID\",\"columnId\":125,\"columnName\":\"material_id\",\"columnType\":\"bigint(20)\",\"createBy\":\"admin\",\"createTime\":\"2025-11-11 08:10:57\",\"dictType\":\"\",\"edit\":true,\"htmlType\":\"input\",\"increment\":false,\"insert\":true,\"isEdit\":\"1\",\"isIncrement\":\"0\",\"isInsert\":\"1\",\"isList\":\"1\",\"isPk\":\"0\",\"isQuery\":\"1\",\"isRequired\":\"1\",\"javaField\":\"materialId\",\"javaType\":\"Long\",\"list\":true,\"params\":{},\"pk\":false,\"query\":true,\"queryType\":\"EQ\",\"required\":true,\"sort\":2,\"superColumn\":false,\"tableId\":13,\"updateBy\":\"\",\"usableColumn\":false},{\"capJavaField\":\"Quantity\",\"columnComment\":\"库存数量\",\"columnId\":126,\"columnName\":\"quantity\",\"columnType\":\"decimal(15,4)\",\"createBy\":\"admin\",\"createTime\":\"2025-11-11 08:10:57\",\"dictType\":\"\",\"edit\":true,\"htmlType\":\"input\",\"increment\":false,\"insert\":true,\"isEdit\":\"1\",\"isIncrement\":\"0\",\"isInsert\":\"1\",\"isList\":\"1\",\"isPk\":\"0\",\"isQuery\":\"1\",\"isRequired\":\"1\",\"javaField\":\"quantity\",\"javaType\":\"BigDecimal\",\"list\":true,\"params\":{},\"pk\":false,\"query\":true,\"queryType\":\"EQ\",\"required\":true,\"sort\":3,\"superColumn\":false,\"tableId\":13,\"updateBy\":\"\",\"usableColumn\":false},{\"capJavaField\":\"AlertThreshold\",\"columnComment\":\"预警阈值\",\"columnId\":127,\"columnName\":\"alert_threshold\",\"columnType\":\"decimal(15,4)\",\"createBy\":\"admin\",\"createTime\":\"2025-11-11 08:10:57\",\"dictType\":\"\",\"edit\":true,\"htmlType\":\"input\",\"increment\":false,\"insert\":true,\"isEdit\":\"1\",\"isIncrement\":\"0\",\"isInsert\":\"1\",\"isList\":\"1\",\"isP','{\"msg\":\"操作成功\",\"code\":200}',0,NULL,'2025-11-26 07:27:00',52),(395,'代码生成',6,'com.ruoyi.generator.controller.GenController.importTableSave()','POST',1,'admin','研发部门','/tool/gen/importTable','127.0.0.1','内网IP','{\"tables\":\"stock_check,stock_check_detail\"}','{\"msg\":\"操作成功\",\"code\":200}',0,NULL,'2025-11-26 07:27:31',144),(396,'代码生成',2,'com.ruoyi.generator.controller.GenController.editSave()','PUT',1,'admin','研发部门','/tool/gen','127.0.0.1','内网IP','{\"businessName\":\"detail\",\"className\":\"StockCheckDetail\",\"columns\":[{\"capJavaField\":\"DetailId\",\"columnComment\":\"明细ID\",\"columnId\":171,\"columnName\":\"detail_id\",\"columnType\":\"bigint(20)\",\"createBy\":\"admin\",\"createTime\":\"2025-11-26 07:27:31\",\"dictType\":\"\",\"edit\":false,\"htmlType\":\"input\",\"increment\":true,\"insert\":true,\"isIncrement\":\"1\",\"isInsert\":\"1\",\"isPk\":\"1\",\"isRequired\":\"0\",\"javaField\":\"detailId\",\"javaType\":\"Long\",\"list\":false,\"params\":{},\"pk\":true,\"query\":false,\"queryType\":\"EQ\",\"required\":false,\"sort\":1,\"superColumn\":false,\"tableId\":18,\"updateBy\":\"\",\"usableColumn\":false},{\"capJavaField\":\"CheckId\",\"columnComment\":\"盘点ID\",\"columnId\":172,\"columnName\":\"check_id\",\"columnType\":\"bigint(20)\",\"createBy\":\"admin\",\"createTime\":\"2025-11-26 07:27:31\",\"dictType\":\"\",\"edit\":true,\"htmlType\":\"input\",\"increment\":false,\"insert\":true,\"isEdit\":\"1\",\"isIncrement\":\"0\",\"isInsert\":\"1\",\"isList\":\"1\",\"isPk\":\"0\",\"isQuery\":\"1\",\"isRequired\":\"1\",\"javaField\":\"checkId\",\"javaType\":\"Long\",\"list\":true,\"params\":{},\"pk\":false,\"query\":true,\"queryType\":\"EQ\",\"required\":true,\"sort\":2,\"superColumn\":false,\"tableId\":18,\"updateBy\":\"\",\"usableColumn\":false},{\"capJavaField\":\"MaterialId\",\"columnComment\":\"原料ID\",\"columnId\":173,\"columnName\":\"material_id\",\"columnType\":\"bigint(20)\",\"createBy\":\"admin\",\"createTime\":\"2025-11-26 07:27:31\",\"dictType\":\"\",\"edit\":true,\"htmlType\":\"input\",\"increment\":false,\"insert\":true,\"isEdit\":\"1\",\"isIncrement\":\"0\",\"isInsert\":\"1\",\"isList\":\"1\",\"isPk\":\"0\",\"isQuery\":\"1\",\"isRequired\":\"1\",\"javaField\":\"materialId\",\"javaType\":\"Long\",\"list\":true,\"params\":{},\"pk\":false,\"query\":true,\"queryType\":\"EQ\",\"required\":true,\"sort\":3,\"superColumn\":false,\"tableId\":18,\"updateBy\":\"\",\"usableColumn\":false},{\"capJavaField\":\"SystemQuantity\",\"columnComment\":\"系统库存\",\"columnId\":174,\"columnName\":\"system_quantity\",\"columnType\":\"decimal(15,4)\",\"createBy\":\"admin\",\"createTime\":\"2025-11-26 07:27:31\",\"dictType\":\"\",\"edit\":true,\"htmlType\":\"input\",\"increment\":false,\"insert\":true,\"isEdit\":\"1\",\"isIncrement\":\"0\",\"isInsert\":\"1\",\"isList\":\"1\",\"is','{\"msg\":\"操作成功\",\"code\":200}',0,NULL,'2025-11-26 07:30:10',52),(397,'代码生成',2,'com.ruoyi.generator.controller.GenController.editSave()','PUT',1,'admin','研发部门','/tool/gen','127.0.0.1','内网IP','{\"businessName\":\"check\",\"className\":\"StockCheck\",\"columns\":[{\"capJavaField\":\"CheckId\",\"columnComment\":\"盘点ID\",\"columnId\":159,\"columnName\":\"check_id\",\"columnType\":\"bigint(20)\",\"createBy\":\"admin\",\"createTime\":\"2025-11-26 07:27:31\",\"dictType\":\"\",\"edit\":false,\"htmlType\":\"input\",\"increment\":true,\"insert\":true,\"isIncrement\":\"1\",\"isInsert\":\"1\",\"isPk\":\"1\",\"isRequired\":\"0\",\"javaField\":\"checkId\",\"javaType\":\"Long\",\"list\":false,\"params\":{},\"pk\":true,\"query\":false,\"queryType\":\"EQ\",\"required\":false,\"sort\":1,\"superColumn\":false,\"tableId\":17,\"updateBy\":\"\",\"usableColumn\":false},{\"capJavaField\":\"CheckNo\",\"columnComment\":\"盘点单号\",\"columnId\":160,\"columnName\":\"check_no\",\"columnType\":\"varchar(50)\",\"createBy\":\"admin\",\"createTime\":\"2025-11-26 07:27:31\",\"dictType\":\"\",\"edit\":true,\"htmlType\":\"input\",\"increment\":false,\"insert\":true,\"isEdit\":\"1\",\"isIncrement\":\"0\",\"isInsert\":\"1\",\"isList\":\"1\",\"isPk\":\"0\",\"isQuery\":\"1\",\"isRequired\":\"1\",\"javaField\":\"checkNo\",\"javaType\":\"String\",\"list\":true,\"params\":{},\"pk\":false,\"query\":true,\"queryType\":\"EQ\",\"required\":true,\"sort\":2,\"superColumn\":false,\"tableId\":17,\"updateBy\":\"\",\"usableColumn\":false},{\"capJavaField\":\"WarehouseId\",\"columnComment\":\"仓库ID\",\"columnId\":161,\"columnName\":\"warehouse_id\",\"columnType\":\"bigint(20)\",\"createBy\":\"admin\",\"createTime\":\"2025-11-26 07:27:31\",\"dictType\":\"\",\"edit\":true,\"htmlType\":\"input\",\"increment\":false,\"insert\":true,\"isEdit\":\"1\",\"isIncrement\":\"0\",\"isInsert\":\"1\",\"isList\":\"1\",\"isPk\":\"0\",\"isQuery\":\"1\",\"isRequired\":\"1\",\"javaField\":\"warehouseId\",\"javaType\":\"Long\",\"list\":true,\"params\":{},\"pk\":false,\"query\":true,\"queryType\":\"EQ\",\"required\":true,\"sort\":3,\"superColumn\":false,\"tableId\":17,\"updateBy\":\"\",\"usableColumn\":false},{\"capJavaField\":\"CheckDate\",\"columnComment\":\"盘点日期\",\"columnId\":162,\"columnName\":\"check_date\",\"columnType\":\"datetime\",\"createBy\":\"admin\",\"createTime\":\"2025-11-26 07:27:31\",\"dictType\":\"\",\"edit\":true,\"htmlType\":\"datetime\",\"increment\":false,\"insert\":true,\"isEdit\":\"1\",\"isIncrement\":\"0\",\"isInsert\":\"1\",\"isList\":\"1\",\"isPk\":\"0\",\"isQuery','{\"msg\":\"操作成功\",\"code\":200}',0,NULL,'2025-11-26 07:31:08',49),(398,'代码生成',2,'com.ruoyi.generator.controller.GenController.editSave()','PUT',1,'admin','研发部门','/tool/gen','127.0.0.1','内网IP','{\"businessName\":\"check\",\"className\":\"StockCheck\",\"columns\":[{\"capJavaField\":\"CheckId\",\"columnComment\":\"盘点ID\",\"columnId\":159,\"columnName\":\"check_id\",\"columnType\":\"bigint(20)\",\"createBy\":\"admin\",\"createTime\":\"2025-11-26 07:27:31\",\"dictType\":\"\",\"edit\":false,\"htmlType\":\"input\",\"increment\":true,\"insert\":true,\"isIncrement\":\"1\",\"isInsert\":\"1\",\"isPk\":\"1\",\"isRequired\":\"0\",\"javaField\":\"checkId\",\"javaType\":\"Long\",\"list\":false,\"params\":{},\"pk\":true,\"query\":false,\"queryType\":\"EQ\",\"required\":false,\"sort\":1,\"superColumn\":false,\"tableId\":17,\"updateBy\":\"\",\"updateTime\":\"2025-11-26 07:31:08\",\"usableColumn\":false},{\"capJavaField\":\"CheckNo\",\"columnComment\":\"盘点单号\",\"columnId\":160,\"columnName\":\"check_no\",\"columnType\":\"varchar(50)\",\"createBy\":\"admin\",\"createTime\":\"2025-11-26 07:27:31\",\"dictType\":\"\",\"edit\":true,\"htmlType\":\"input\",\"increment\":false,\"insert\":true,\"isEdit\":\"1\",\"isIncrement\":\"0\",\"isInsert\":\"1\",\"isList\":\"1\",\"isPk\":\"0\",\"isQuery\":\"1\",\"isRequired\":\"1\",\"javaField\":\"checkNo\",\"javaType\":\"String\",\"list\":true,\"params\":{},\"pk\":false,\"query\":true,\"queryType\":\"EQ\",\"required\":true,\"sort\":2,\"superColumn\":false,\"tableId\":17,\"updateBy\":\"\",\"updateTime\":\"2025-11-26 07:31:08\",\"usableColumn\":false},{\"capJavaField\":\"WarehouseId\",\"columnComment\":\"仓库ID\",\"columnId\":161,\"columnName\":\"warehouse_id\",\"columnType\":\"bigint(20)\",\"createBy\":\"admin\",\"createTime\":\"2025-11-26 07:27:31\",\"dictType\":\"\",\"edit\":true,\"htmlType\":\"input\",\"increment\":false,\"insert\":true,\"isEdit\":\"1\",\"isIncrement\":\"0\",\"isInsert\":\"1\",\"isList\":\"1\",\"isPk\":\"0\",\"isQuery\":\"1\",\"isRequired\":\"1\",\"javaField\":\"warehouseId\",\"javaType\":\"Long\",\"list\":true,\"params\":{},\"pk\":false,\"query\":true,\"queryType\":\"EQ\",\"required\":true,\"sort\":3,\"superColumn\":false,\"tableId\":17,\"updateBy\":\"\",\"updateTime\":\"2025-11-26 07:31:08\",\"usableColumn\":false},{\"capJavaField\":\"CheckDate\",\"columnComment\":\"盘点日期\",\"columnId\":162,\"columnName\":\"check_date\",\"columnType\":\"datetime\",\"createBy\":\"admin\",\"createTime\":\"2025-11-26 07:27:31\",\"dictType\":\"\",\"edit\":true,\"htmlType\":\"datetime\",\"incr','{\"msg\":\"操作成功\",\"code\":200}',0,NULL,'2025-11-26 07:33:22',32),(399,'代码生成',2,'com.ruoyi.generator.controller.GenController.editSave()','PUT',1,'admin','研发部门','/tool/gen','127.0.0.1','内网IP','{\"businessName\":\"check\",\"className\":\"StockCheck\",\"columns\":[{\"capJavaField\":\"CheckId\",\"columnComment\":\"盘点ID\",\"columnId\":159,\"columnName\":\"check_id\",\"columnType\":\"bigint(20)\",\"createBy\":\"admin\",\"createTime\":\"2025-11-26 07:27:31\",\"dictType\":\"\",\"edit\":false,\"htmlType\":\"input\",\"increment\":true,\"insert\":true,\"isIncrement\":\"1\",\"isInsert\":\"1\",\"isPk\":\"1\",\"isRequired\":\"0\",\"javaField\":\"checkId\",\"javaType\":\"Long\",\"list\":false,\"params\":{},\"pk\":true,\"query\":false,\"queryType\":\"EQ\",\"required\":false,\"sort\":1,\"superColumn\":false,\"tableId\":17,\"updateBy\":\"\",\"updateTime\":\"2025-11-26 07:33:22\",\"usableColumn\":false},{\"capJavaField\":\"CheckNo\",\"columnComment\":\"盘点单号\",\"columnId\":160,\"columnName\":\"check_no\",\"columnType\":\"varchar(50)\",\"createBy\":\"admin\",\"createTime\":\"2025-11-26 07:27:31\",\"dictType\":\"\",\"edit\":true,\"htmlType\":\"input\",\"increment\":false,\"insert\":true,\"isEdit\":\"1\",\"isIncrement\":\"0\",\"isInsert\":\"1\",\"isList\":\"1\",\"isPk\":\"0\",\"isQuery\":\"1\",\"isRequired\":\"1\",\"javaField\":\"checkNo\",\"javaType\":\"String\",\"list\":true,\"params\":{},\"pk\":false,\"query\":true,\"queryType\":\"EQ\",\"required\":true,\"sort\":2,\"superColumn\":false,\"tableId\":17,\"updateBy\":\"\",\"updateTime\":\"2025-11-26 07:33:22\",\"usableColumn\":false},{\"capJavaField\":\"WarehouseId\",\"columnComment\":\"仓库ID\",\"columnId\":161,\"columnName\":\"warehouse_id\",\"columnType\":\"bigint(20)\",\"createBy\":\"admin\",\"createTime\":\"2025-11-26 07:27:31\",\"dictType\":\"\",\"edit\":true,\"htmlType\":\"input\",\"increment\":false,\"insert\":true,\"isEdit\":\"1\",\"isIncrement\":\"0\",\"isInsert\":\"1\",\"isList\":\"1\",\"isPk\":\"0\",\"isQuery\":\"1\",\"isRequired\":\"1\",\"javaField\":\"warehouseId\",\"javaType\":\"Long\",\"list\":true,\"params\":{},\"pk\":false,\"query\":true,\"queryType\":\"EQ\",\"required\":true,\"sort\":3,\"superColumn\":false,\"tableId\":17,\"updateBy\":\"\",\"updateTime\":\"2025-11-26 07:33:22\",\"usableColumn\":false},{\"capJavaField\":\"CheckDate\",\"columnComment\":\"盘点日期\",\"columnId\":162,\"columnName\":\"check_date\",\"columnType\":\"datetime\",\"createBy\":\"admin\",\"createTime\":\"2025-11-26 07:27:31\",\"dictType\":\"\",\"edit\":true,\"htmlType\":\"datetime\",\"incr','{\"msg\":\"操作成功\",\"code\":200}',0,NULL,'2025-11-26 10:14:23',95),(400,'代码生成',8,'com.ruoyi.generator.controller.GenController.batchGenCode()','GET',1,'admin','研发部门','/tool/gen/batchGenCode','127.0.0.1','内网IP','{\"tables\":\"stock_check,stock_check_detail,stock_info,stock_record,warehouse\"}',NULL,0,NULL,'2025-11-26 10:15:27',669),(401,'字典类型',1,'com.ruoyi.web.controller.system.SysDictTypeController.add()','POST',1,'admin','研发部门','/system/dict/type','127.0.0.1','内网IP','{\"createBy\":\"admin\",\"dictName\":\"盘点类型\",\"dictType\":\"check_type\",\"params\":{},\"remark\":\"1:全部盘点,2:部分盘点\",\"status\":\"0\"}','{\"msg\":\"操作成功\",\"code\":200}',0,NULL,'2025-11-26 10:26:22',40),(402,'字典类型',1,'com.ruoyi.web.controller.system.SysDictTypeController.add()','POST',1,'admin','研发部门','/system/dict/type','127.0.0.1','内网IP','{\"createBy\":\"admin\",\"dictName\":\"盘点状态\",\"dictType\":\"check_status\",\"params\":{},\"remark\":\"1:进行中,2:已完成,3:已取消\",\"status\":\"0\"}','{\"msg\":\"操作成功\",\"code\":200}',0,NULL,'2025-11-26 10:27:15',12),(403,'字典数据',1,'com.ruoyi.web.controller.system.SysDictDataController.add()','POST',1,'admin','研发部门','/system/dict/data','127.0.0.1','内网IP','{\"createBy\":\"admin\",\"default\":false,\"dictLabel\":\"全部盘点\",\"dictSort\":0,\"dictType\":\"check_type\",\"dictValue\":\"1\",\"listClass\":\"default\",\"params\":{},\"status\":\"0\"}','{\"msg\":\"操作成功\",\"code\":200}',0,NULL,'2025-11-26 10:28:25',16),(404,'字典数据',1,'com.ruoyi.web.controller.system.SysDictDataController.add()','POST',1,'admin','研发部门','/system/dict/data','127.0.0.1','内网IP','{\"createBy\":\"admin\",\"cssClass\":\"\",\"default\":false,\"dictLabel\":\"部分盘点\",\"dictSort\":1,\"dictType\":\"check_type\",\"dictValue\":\"2\",\"listClass\":\"info\",\"params\":{},\"status\":\"0\"}','{\"msg\":\"操作成功\",\"code\":200}',0,NULL,'2025-11-26 10:30:50',18),(405,'字典数据',2,'com.ruoyi.web.controller.system.SysDictDataController.edit()','PUT',1,'admin','研发部门','/system/dict/data','127.0.0.1','内网IP','{\"createBy\":\"admin\",\"createTime\":\"2025-11-26 10:28:25\",\"default\":false,\"dictCode\":32,\"dictLabel\":\"全部盘点\",\"dictSort\":0,\"dictType\":\"check_type\",\"dictValue\":\"1\",\"isDefault\":\"N\",\"listClass\":\"primary\",\"params\":{},\"status\":\"0\",\"updateBy\":\"admin\"}','{\"msg\":\"操作成功\",\"code\":200}',0,NULL,'2025-11-26 10:31:05',14),(406,'字典数据',1,'com.ruoyi.web.controller.system.SysDictDataController.add()','POST',1,'admin','研发部门','/system/dict/data','127.0.0.1','内网IP','{\"createBy\":\"admin\",\"default\":false,\"dictLabel\":\"进行中\",\"dictSort\":0,\"dictType\":\"check_status\",\"dictValue\":\"1\",\"listClass\":\"primary\",\"params\":{},\"status\":\"0\"}','{\"msg\":\"操作成功\",\"code\":200}',0,NULL,'2025-11-26 10:32:10',21),(407,'字典数据',1,'com.ruoyi.web.controller.system.SysDictDataController.add()','POST',1,'admin','研发部门','/system/dict/data','127.0.0.1','内网IP','{\"createBy\":\"admin\",\"default\":false,\"dictLabel\":\"已完成\",\"dictSort\":1,\"dictType\":\"check_status\",\"dictValue\":\"2\",\"listClass\":\"success\",\"params\":{},\"status\":\"0\"}','{\"msg\":\"操作成功\",\"code\":200}',0,NULL,'2025-11-26 10:32:26',9),(408,'字典数据',1,'com.ruoyi.web.controller.system.SysDictDataController.add()','POST',1,'admin','研发部门','/system/dict/data','127.0.0.1','内网IP','{\"createBy\":\"admin\",\"default\":false,\"dictLabel\":\"已取消\",\"dictSort\":2,\"dictType\":\"check_status\",\"dictValue\":\"3\",\"listClass\":\"info\",\"params\":{},\"status\":\"0\"}','{\"msg\":\"操作成功\",\"code\":200}',0,NULL,'2025-11-26 10:32:55',20),(409,'代码生成',2,'com.ruoyi.generator.controller.GenController.editSave()','PUT',1,'admin','研发部门','/tool/gen','127.0.0.1','内网IP','{\"businessName\":\"check\",\"className\":\"StockCheck\",\"columns\":[{\"capJavaField\":\"CheckId\",\"columnComment\":\"盘点ID\",\"columnId\":159,\"columnName\":\"check_id\",\"columnType\":\"bigint(20)\",\"createBy\":\"admin\",\"createTime\":\"2025-11-26 07:27:31\",\"dictType\":\"\",\"edit\":false,\"htmlType\":\"input\",\"increment\":true,\"insert\":true,\"isIncrement\":\"1\",\"isInsert\":\"1\",\"isPk\":\"1\",\"isRequired\":\"0\",\"javaField\":\"checkId\",\"javaType\":\"Long\",\"list\":false,\"params\":{},\"pk\":true,\"query\":false,\"queryType\":\"EQ\",\"required\":false,\"sort\":1,\"superColumn\":false,\"tableId\":17,\"updateBy\":\"\",\"updateTime\":\"2025-11-26 10:14:23\",\"usableColumn\":false},{\"capJavaField\":\"CheckNo\",\"columnComment\":\"盘点单号\",\"columnId\":160,\"columnName\":\"check_no\",\"columnType\":\"varchar(50)\",\"createBy\":\"admin\",\"createTime\":\"2025-11-26 07:27:31\",\"dictType\":\"\",\"edit\":true,\"htmlType\":\"input\",\"increment\":false,\"insert\":true,\"isEdit\":\"1\",\"isIncrement\":\"0\",\"isInsert\":\"1\",\"isList\":\"1\",\"isPk\":\"0\",\"isQuery\":\"1\",\"isRequired\":\"1\",\"javaField\":\"checkNo\",\"javaType\":\"String\",\"list\":true,\"params\":{},\"pk\":false,\"query\":true,\"queryType\":\"EQ\",\"required\":true,\"sort\":2,\"superColumn\":false,\"tableId\":17,\"updateBy\":\"\",\"updateTime\":\"2025-11-26 10:14:23\",\"usableColumn\":false},{\"capJavaField\":\"WarehouseId\",\"columnComment\":\"仓库ID\",\"columnId\":161,\"columnName\":\"warehouse_id\",\"columnType\":\"bigint(20)\",\"createBy\":\"admin\",\"createTime\":\"2025-11-26 07:27:31\",\"dictType\":\"\",\"edit\":true,\"htmlType\":\"input\",\"increment\":false,\"insert\":true,\"isEdit\":\"1\",\"isIncrement\":\"0\",\"isInsert\":\"1\",\"isList\":\"1\",\"isPk\":\"0\",\"isQuery\":\"1\",\"isRequired\":\"1\",\"javaField\":\"warehouseId\",\"javaType\":\"Long\",\"list\":true,\"params\":{},\"pk\":false,\"query\":true,\"queryType\":\"EQ\",\"required\":true,\"sort\":3,\"superColumn\":false,\"tableId\":17,\"updateBy\":\"\",\"updateTime\":\"2025-11-26 10:14:23\",\"usableColumn\":false},{\"capJavaField\":\"CheckDate\",\"columnComment\":\"盘点日期\",\"columnId\":162,\"columnName\":\"check_date\",\"columnType\":\"datetime\",\"createBy\":\"admin\",\"createTime\":\"2025-11-26 07:27:31\",\"dictType\":\"\",\"edit\":true,\"htmlType\":\"datetime\",\"incr','{\"msg\":\"操作成功\",\"code\":200}',0,NULL,'2025-11-26 10:33:57',72),(410,'字典类型',1,'com.ruoyi.web.controller.system.SysDictTypeController.add()','POST',1,'admin','研发部门','/system/dict/type','127.0.0.1','内网IP','{\"createBy\":\"admin\",\"dictName\":\"处理状态\",\"dictType\":\"dispose_status\",\"params\":{},\"remark\":\"1:未处理,2:已调整\",\"status\":\"0\"}','{\"msg\":\"操作成功\",\"code\":200}',0,NULL,'2025-11-26 11:04:53',12),(411,'字典数据',1,'com.ruoyi.web.controller.system.SysDictDataController.add()','POST',1,'admin','研发部门','/system/dict/data','127.0.0.1','内网IP','{\"createBy\":\"admin\",\"default\":false,\"dictLabel\":\"未处理\",\"dictSort\":0,\"dictType\":\"dispose_status\",\"dictValue\":\"1\",\"listClass\":\"warning\",\"params\":{},\"status\":\"0\"}','{\"msg\":\"操作成功\",\"code\":200}',0,NULL,'2025-11-26 11:05:15',11),(412,'字典数据',1,'com.ruoyi.web.controller.system.SysDictDataController.add()','POST',1,'admin','研发部门','/system/dict/data','127.0.0.1','内网IP','{\"createBy\":\"admin\",\"default\":false,\"dictLabel\":\"已调整\",\"dictSort\":1,\"dictType\":\"dispose_status\",\"dictValue\":\"2\",\"listClass\":\"primary\",\"params\":{},\"status\":\"0\"}','{\"msg\":\"操作成功\",\"code\":200}',0,NULL,'2025-11-26 11:05:41',15),(413,'代码生成',2,'com.ruoyi.generator.controller.GenController.editSave()','PUT',1,'admin','研发部门','/tool/gen','127.0.0.1','内网IP','{\"businessName\":\"detail\",\"className\":\"StockCheckDetail\",\"columns\":[{\"capJavaField\":\"DetailId\",\"columnComment\":\"明细ID\",\"columnId\":171,\"columnName\":\"detail_id\",\"columnType\":\"bigint(20)\",\"createBy\":\"admin\",\"createTime\":\"2025-11-26 07:27:31\",\"dictType\":\"\",\"edit\":false,\"htmlType\":\"input\",\"increment\":true,\"insert\":true,\"isIncrement\":\"1\",\"isInsert\":\"1\",\"isPk\":\"1\",\"isRequired\":\"0\",\"javaField\":\"detailId\",\"javaType\":\"Long\",\"list\":false,\"params\":{},\"pk\":true,\"query\":false,\"queryType\":\"EQ\",\"required\":false,\"sort\":1,\"superColumn\":false,\"tableId\":18,\"updateBy\":\"\",\"updateTime\":\"2025-11-26 07:30:10\",\"usableColumn\":false},{\"capJavaField\":\"CheckId\",\"columnComment\":\"盘点ID\",\"columnId\":172,\"columnName\":\"check_id\",\"columnType\":\"bigint(20)\",\"createBy\":\"admin\",\"createTime\":\"2025-11-26 07:27:31\",\"dictType\":\"\",\"edit\":true,\"htmlType\":\"input\",\"increment\":false,\"insert\":true,\"isEdit\":\"1\",\"isIncrement\":\"0\",\"isInsert\":\"1\",\"isList\":\"1\",\"isPk\":\"0\",\"isQuery\":\"1\",\"isRequired\":\"1\",\"javaField\":\"checkId\",\"javaType\":\"Long\",\"list\":true,\"params\":{},\"pk\":false,\"query\":true,\"queryType\":\"EQ\",\"required\":true,\"sort\":2,\"superColumn\":false,\"tableId\":18,\"updateBy\":\"\",\"updateTime\":\"2025-11-26 07:30:10\",\"usableColumn\":false},{\"capJavaField\":\"MaterialId\",\"columnComment\":\"原料ID\",\"columnId\":173,\"columnName\":\"material_id\",\"columnType\":\"bigint(20)\",\"createBy\":\"admin\",\"createTime\":\"2025-11-26 07:27:31\",\"dictType\":\"\",\"edit\":true,\"htmlType\":\"input\",\"increment\":false,\"insert\":true,\"isEdit\":\"1\",\"isIncrement\":\"0\",\"isInsert\":\"1\",\"isList\":\"1\",\"isPk\":\"0\",\"isQuery\":\"1\",\"isRequired\":\"1\",\"javaField\":\"materialId\",\"javaType\":\"Long\",\"list\":true,\"params\":{},\"pk\":false,\"query\":true,\"queryType\":\"EQ\",\"required\":true,\"sort\":3,\"superColumn\":false,\"tableId\":18,\"updateBy\":\"\",\"updateTime\":\"2025-11-26 07:30:10\",\"usableColumn\":false},{\"capJavaField\":\"SystemQuantity\",\"columnComment\":\"系统库存\",\"columnId\":174,\"columnName\":\"system_quantity\",\"columnType\":\"decimal(15,4)\",\"createBy\":\"admin\",\"createTime\":\"2025-11-26 07:27:31\",\"dictType\":\"\",\"edit\":true,\"htmlTyp','{\"msg\":\"操作成功\",\"code\":200}',0,NULL,'2025-11-26 11:08:37',48),(414,'库存盘点',2,'com.ruoyi.stock.controller.StockCheckController.edit()','PUT',1,'admin','研发部门','/stock/check','127.0.0.1','内网IP','{\"checkDate\":\"2025-05-22\",\"checkId\":11,\"checkNo\":\"CK20250522001\",\"checkType\":1,\"createTime\":\"2025-05-22 08:00:00\",\"discrepancyCount\":5,\"operatorId\":1,\"params\":{},\"remark\":\"月度盘点\",\"status\":2,\"stockCheckDetailList\":[{\"actualQuantity\":98,\"adjustmentTime\":\"2025-05-22\",\"checkId\":11,\"detailId\":11,\"discrepancyQuantity\":-2,\"materialId\":4001,\"params\":{},\"remark\":\"损耗\",\"status\":2,\"systemQuantity\":100,\"unit\":\"包\"}],\"totalCount\":50,\"updateTime\":\"2025-11-26 11:30:15\",\"warehouseId\":5001}','{\"msg\":\"操作成功\",\"code\":200}',0,NULL,'2025-11-26 11:30:15',96),(415,'库存盘点',1,'com.ruoyi.stock.controller.StockCheckController.add()','POST',1,'admin','研发部门','/stock/check','127.0.0.1','内网IP','{\"checkDate\":\"2025-11-26\",\"checkNo\":\"CK20251126\",\"checkType\":2,\"createTime\":\"2025-11-26 11:33:05\",\"discrepancyCount\":4,\"operatorId\":1,\"params\":{},\"remark\":\"测试\",\"stockCheckDetailList\":[{\"actualQuantity\":198,\"adjustmentTime\":\"2025-11-17\",\"checkId\":12,\"discrepancyQuantity\":2,\"materialId\":4002,\"params\":{},\"systemQuantity\":200,\"unit\":\"个\"}],\"totalCount\":200,\"warehouseId\":5003}',NULL,1,'\r\n### Error updating database.  Cause: java.sql.SQLException: Field \'status\' doesn\'t have a default value\r\n### The error may exist in file [D:\\workspace\\idea\\MTOI\\ruoyi-stock\\target\\classes\\mapper\\stock\\StockCheckMapper.xml]\r\n### The error may involve com.ruoyi.stock.mapper.StockCheckMapper.insertStockCheck-Inline\r\n### The error occurred while setting parameters\r\n### SQL: insert into stock_check          ( check_no,             warehouse_id,             check_date,             check_type,                          total_count,             discrepancy_count,             operator_id,             remark,             create_time )           values ( ?,             ?,             ?,             ?,                          ?,             ?,             ?,             ?,             ? )\r\n### Cause: java.sql.SQLException: Field \'status\' doesn\'t have a default value\n; Field \'status\' doesn\'t have a default value; nested exception is java.sql.SQLException: Field \'status\' doesn\'t have a default value','2025-11-26 11:33:05',254),(416,'库存盘点',1,'com.ruoyi.stock.controller.StockCheckController.add()','POST',1,'admin','研发部门','/stock/check','127.0.0.1','内网IP','{\"checkDate\":\"2025-10-29\",\"checkNo\":\"1\",\"checkType\":1,\"createTime\":\"2025-11-26 11:33:29\",\"discrepancyCount\":1,\"operatorId\":1,\"params\":{},\"stockCheckDetailList\":[],\"totalCount\":1,\"warehouseId\":5003}',NULL,1,'\r\n### Error updating database.  Cause: java.sql.SQLException: Field \'status\' doesn\'t have a default value\r\n### The error may exist in file [D:\\workspace\\idea\\MTOI\\ruoyi-stock\\target\\classes\\mapper\\stock\\StockCheckMapper.xml]\r\n### The error may involve com.ruoyi.stock.mapper.StockCheckMapper.insertStockCheck-Inline\r\n### The error occurred while setting parameters\r\n### SQL: insert into stock_check          ( check_no,             warehouse_id,             check_date,             check_type,                          total_count,             discrepancy_count,             operator_id,                          create_time )           values ( ?,             ?,             ?,             ?,                          ?,             ?,             ?,                          ? )\r\n### Cause: java.sql.SQLException: Field \'status\' doesn\'t have a default value\n; Field \'status\' doesn\'t have a default value; nested exception is java.sql.SQLException: Field \'status\' doesn\'t have a default value','2025-11-26 11:33:29',23),(417,'字典类型',1,'com.ruoyi.web.controller.system.SysDictTypeController.add()','POST',1,'admin','研发部门','/system/dict/type','127.0.0.1','内网IP','{\"createBy\":\"admin\",\"dictName\":\"变动类型\",\"dictType\":\"change_type\",\"params\":{},\"remark\":\"(1:入库,2:出库,3:盘点,4:报损)\",\"status\":\"0\"}','{\"msg\":\"操作成功\",\"code\":200}',0,NULL,'2025-11-26 11:36:44',19),(418,'字典类型',2,'com.ruoyi.web.controller.system.SysDictTypeController.edit()','PUT',1,'admin','研发部门','/system/dict/type','127.0.0.1','内网IP','{\"createBy\":\"admin\",\"createTime\":\"2025-11-26 11:36:44\",\"dictId\":15,\"dictName\":\"变动类型\",\"dictType\":\"change_type\",\"params\":{},\"remark\":\"1:入库,2:出库,3:盘点,4:报损\",\"status\":\"0\",\"updateBy\":\"admin\"}','{\"msg\":\"操作成功\",\"code\":200}',0,NULL,'2025-11-26 11:37:03',55),(419,'字典数据',1,'com.ruoyi.web.controller.system.SysDictDataController.add()','POST',1,'admin','研发部门','/system/dict/data','127.0.0.1','内网IP','{\"createBy\":\"admin\",\"default\":false,\"dictLabel\":\"入库\",\"dictSort\":1,\"dictType\":\"change_type\",\"dictValue\":\"1\",\"listClass\":\"default\",\"params\":{},\"status\":\"0\"}','{\"msg\":\"操作成功\",\"code\":200}',0,NULL,'2025-11-26 11:37:46',21),(420,'字典数据',2,'com.ruoyi.web.controller.system.SysDictDataController.edit()','PUT',1,'admin','研发部门','/system/dict/data','127.0.0.1','内网IP','{\"createBy\":\"admin\",\"createTime\":\"2025-11-26 11:37:46\",\"default\":false,\"dictCode\":39,\"dictLabel\":\"入库\",\"dictSort\":1,\"dictType\":\"change_type\",\"dictValue\":\"1\",\"isDefault\":\"N\",\"listClass\":\"primary\",\"params\":{},\"status\":\"0\",\"updateBy\":\"admin\"}','{\"msg\":\"操作成功\",\"code\":200}',0,NULL,'2025-11-26 11:37:56',24),(421,'字典数据',1,'com.ruoyi.web.controller.system.SysDictDataController.add()','POST',1,'admin','研发部门','/system/dict/data','127.0.0.1','内网IP','{\"createBy\":\"admin\",\"default\":false,\"dictLabel\":\"出库\",\"dictSort\":2,\"dictType\":\"change_type\",\"dictValue\":\"2\",\"listClass\":\"success\",\"params\":{},\"status\":\"0\"}','{\"msg\":\"操作成功\",\"code\":200}',0,NULL,'2025-11-26 11:38:13',21),(422,'字典数据',1,'com.ruoyi.web.controller.system.SysDictDataController.add()','POST',1,'admin','研发部门','/system/dict/data','127.0.0.1','内网IP','{\"createBy\":\"admin\",\"default\":false,\"dictLabel\":\"盘点\",\"dictSort\":3,\"dictType\":\"change_type\",\"dictValue\":\"3\",\"listClass\":\"warning\",\"params\":{},\"status\":\"0\"}','{\"msg\":\"操作成功\",\"code\":200}',0,NULL,'2025-11-26 11:38:39',21),(423,'字典数据',1,'com.ruoyi.web.controller.system.SysDictDataController.add()','POST',1,'admin','研发部门','/system/dict/data','127.0.0.1','内网IP','{\"createBy\":\"admin\",\"default\":false,\"dictLabel\":\"报损\",\"dictSort\":4,\"dictType\":\"change_type\",\"dictValue\":\"4\",\"listClass\":\"danger\",\"params\":{},\"status\":\"0\"}','{\"msg\":\"操作成功\",\"code\":200}',0,NULL,'2025-11-26 11:39:00',20),(424,'菜单管理',2,'com.ruoyi.web.controller.system.SysMenuController.edit()','PUT',1,'admin','研发部门','/system/menu','127.0.0.1','内网IP','{\"children\":[],\"component\":\"stock/info/index\",\"createTime\":\"2025-11-26 10:22:17\",\"icon\":\"#\",\"isCache\":\"0\",\"isFrame\":\"1\",\"menuId\":2092,\"menuName\":\"库存信息\",\"menuType\":\"C\",\"orderNum\":0,\"params\":{},\"parentId\":2009,\"path\":\"info\",\"perms\":\"stock:info:list\",\"routeName\":\"\",\"status\":\"0\",\"updateBy\":\"admin\",\"visible\":\"0\"}','{\"msg\":\"操作成功\",\"code\":200}',0,NULL,'2025-11-26 15:51:48',15),(425,'库存信息',2,'com.ruoyi.stock.controller.StockInfoController.edit()','PUT',1,'admin','研发部门','/stock/info','127.0.0.1','内网IP','{\"alertThreshold\":5,\"createTime\":\"2025-11-10 21:32:12\",\"location\":\"A区-01\",\"materialId\":4001,\"params\":{},\"quantity\":50,\"stockId\":6001,\"updateTime\":\"2025-11-28 22:07:18\",\"warehouseId\":5001}','{\"msg\":\"操作成功\",\"code\":200}',0,NULL,'2025-11-28 22:07:18',32),(426,'库存盘点',1,'com.ruoyi.stock.controller.StockCheckController.add()','POST',1,'admin','研发部门','/stock/check','127.0.0.1','内网IP','{\"checkDate\":\"2025-11-26\",\"checkNo\":\"CK20250522016\",\"checkType\":1,\"createTime\":\"2025-11-28 22:51:52\",\"discrepancyCount\":1,\"operatorId\":28,\"params\":{},\"remark\":\"这是备注\",\"stockCheckDetailList\":[{\"params\":{},\"unit\":\"\"}],\"totalCount\":12,\"warehouseId\":5001}',NULL,1,'\r\n### Error updating database.  Cause: java.sql.SQLException: Field \'status\' doesn\'t have a default value\r\n### The error may exist in file [D:\\workspace\\idea\\MTOI\\ruoyi-stock\\target\\classes\\mapper\\stock\\StockCheckMapper.xml]\r\n### The error may involve com.ruoyi.stock.mapper.StockCheckMapper.insertStockCheck-Inline\r\n### The error occurred while setting parameters\r\n### SQL: insert into stock_check          ( check_no,             warehouse_id,             check_date,             check_type,                          total_count,             discrepancy_count,             operator_id,             remark,             create_time )           values ( ?,             ?,             ?,             ?,                          ?,             ?,             ?,             ?,             ? )\r\n### Cause: java.sql.SQLException: Field \'status\' doesn\'t have a default value\n; Field \'status\' doesn\'t have a default value; nested exception is java.sql.SQLException: Field \'status\' doesn\'t have a default value','2025-11-28 22:51:52',151),(427,'库存盘点',1,'com.ruoyi.stock.controller.StockCheckController.add()','POST',1,'admin','研发部门','/stock/check','127.0.0.1','内网IP','{\"checkDate\":\"2025-11-26\",\"checkNo\":\"CK20250522016\",\"checkType\":1,\"createTime\":\"2025-11-28 22:52:02\",\"discrepancyCount\":1,\"operatorId\":28,\"params\":{},\"remark\":\"这是备注\",\"stockCheckDetailList\":[],\"totalCount\":12,\"warehouseId\":5001}',NULL,1,'\r\n### Error updating database.  Cause: java.sql.SQLException: Field \'status\' doesn\'t have a default value\r\n### The error may exist in file [D:\\workspace\\idea\\MTOI\\ruoyi-stock\\target\\classes\\mapper\\stock\\StockCheckMapper.xml]\r\n### The error may involve com.ruoyi.stock.mapper.StockCheckMapper.insertStockCheck-Inline\r\n### The error occurred while setting parameters\r\n### SQL: insert into stock_check          ( check_no,             warehouse_id,             check_date,             check_type,                          total_count,             discrepancy_count,             operator_id,             remark,             create_time )           values ( ?,             ?,             ?,             ?,                          ?,             ?,             ?,             ?,             ? )\r\n### Cause: java.sql.SQLException: Field \'status\' doesn\'t have a default value\n; Field \'status\' doesn\'t have a default value; nested exception is java.sql.SQLException: Field \'status\' doesn\'t have a default value','2025-11-28 22:52:02',6),(428,'库存信息',1,'com.ruoyi.stock.controller.StockInfoController.add()','POST',1,'admin','研发部门','/stock/info','127.0.0.1','内网IP','{\"alertThreshold\":1,\"createTime\":\"2025-11-28 22:54:52\",\"location\":\"1\",\"materialId\":4001,\"params\":{},\"quantity\":1,\"warehouseId\":5001}',NULL,1,'\r\n### Error updating database.  Cause: java.sql.SQLException: Field \'update_time\' doesn\'t have a default value\r\n### The error may exist in file [D:\\workspace\\idea\\MTOI\\ruoyi-stock\\target\\classes\\mapper\\stock\\StockInfoMapper.xml]\r\n### The error may involve com.ruoyi.stock.mapper.StockInfoMapper.insertStockInfo-Inline\r\n### The error occurred while setting parameters\r\n### SQL: insert into stock_info          ( material_id,             quantity,             alert_threshold,             warehouse_id,             location,             create_time )           values ( ?,             ?,             ?,             ?,             ?,             ? )\r\n### Cause: java.sql.SQLException: Field \'update_time\' doesn\'t have a default value\n; Field \'update_time\' doesn\'t have a default value; nested exception is java.sql.SQLException: Field \'update_time\' doesn\'t have a default value','2025-11-28 22:54:52',11),(429,'库存信息',1,'com.ruoyi.stock.controller.StockInfoController.add()','POST',1,'admin','研发部门','/stock/info','127.0.0.1','内网IP','{\"alertThreshold\":1,\"createTime\":\"2025-11-28 22:55:01\",\"location\":\"1\",\"materialId\":4001,\"params\":{},\"quantity\":1,\"warehouseId\":5001}',NULL,1,'\r\n### Error updating database.  Cause: java.sql.SQLException: Field \'update_time\' doesn\'t have a default value\r\n### The error may exist in file [D:\\workspace\\idea\\MTOI\\ruoyi-stock\\target\\classes\\mapper\\stock\\StockInfoMapper.xml]\r\n### The error may involve com.ruoyi.stock.mapper.StockInfoMapper.insertStockInfo-Inline\r\n### The error occurred while setting parameters\r\n### SQL: insert into stock_info          ( material_id,             quantity,             alert_threshold,             warehouse_id,             location,             create_time )           values ( ?,             ?,             ?,             ?,             ?,             ? )\r\n### Cause: java.sql.SQLException: Field \'update_time\' doesn\'t have a default value\n; Field \'update_time\' doesn\'t have a default value; nested exception is java.sql.SQLException: Field \'update_time\' doesn\'t have a default value','2025-11-28 22:55:01',3),(430,'库存信息',1,'com.ruoyi.stock.controller.StockInfoController.add()','POST',1,'admin','研发部门','/stock/info','127.0.0.1','内网IP','{\"alertThreshold\":1,\"createTime\":\"2025-11-28 22:55:36\",\"location\":\"1\",\"materialId\":4001,\"params\":{},\"quantity\":1,\"warehouseId\":5001}',NULL,1,'\r\n### Error updating database.  Cause: java.sql.SQLException: Field \'update_time\' doesn\'t have a default value\r\n### The error may exist in file [D:\\workspace\\idea\\MTOI\\ruoyi-stock\\target\\classes\\mapper\\stock\\StockInfoMapper.xml]\r\n### The error may involve com.ruoyi.stock.mapper.StockInfoMapper.insertStockInfo-Inline\r\n### The error occurred while setting parameters\r\n### SQL: insert into stock_info          ( material_id,             quantity,             alert_threshold,             warehouse_id,             location,             create_time )           values ( ?,             ?,             ?,             ?,             ?,             ? )\r\n### Cause: java.sql.SQLException: Field \'update_time\' doesn\'t have a default value\n; Field \'update_time\' doesn\'t have a default value; nested exception is java.sql.SQLException: Field \'update_time\' doesn\'t have a default value','2025-11-28 22:55:36',6),(431,'库存盘点',1,'com.ruoyi.stock.controller.StockCheckController.add()','POST',1,'admin','研发部门','/stock/check','127.0.0.1','内网IP','{\"checkDate\":\"2025-11-12\",\"checkNo\":\"CK20250522003\",\"checkType\":1,\"createTime\":\"2025-11-28 23:16:48\",\"discrepancyCount\":2,\"operatorId\":1,\"params\":{},\"remark\":\"备注\",\"stockCheckDetailList\":[{\"params\":{},\"unit\":\"\"}],\"totalCount\":8,\"warehouseId\":5001}',NULL,1,'\r\n### Error updating database.  Cause: java.sql.SQLException: Field \'update_time\' doesn\'t have a default value\r\n### The error may exist in file [D:\\workspace\\idea\\MTOI\\ruoyi-stock\\target\\classes\\mapper\\stock\\StockCheckMapper.xml]\r\n### The error may involve com.ruoyi.stock.mapper.StockCheckMapper.insertStockCheck-Inline\r\n### The error occurred while setting parameters\r\n### SQL: insert into stock_check          ( check_no,             warehouse_id,             check_date,             check_type,             status,             total_count,             discrepancy_count,             operator_id,             remark,             create_time )           values ( ?,             ?,             ?,             ?,             1,             ?,             ?,             ?,             ?,             ? )\r\n### Cause: java.sql.SQLException: Field \'update_time\' doesn\'t have a default value\n; Field \'update_time\' doesn\'t have a default value; nested exception is java.sql.SQLException: Field \'update_time\' doesn\'t have a default value','2025-11-28 23:16:48',27),(432,'库存盘点',1,'com.ruoyi.stock.controller.StockCheckController.add()','POST',1,'admin','研发部门','/stock/check','127.0.0.1','内网IP','{\"checkDate\":\"2025-11-12\",\"checkNo\":\"CK20250522003\",\"checkType\":1,\"createTime\":\"2025-11-28 23:25:46\",\"discrepancyCount\":2,\"operatorId\":1,\"params\":{},\"remark\":\"备注\",\"stockCheckDetailList\":[{\"params\":{},\"unit\":\"\"}],\"totalCount\":8,\"warehouseId\":5001}',NULL,1,'\r\n### Error updating database.  Cause: java.sql.SQLIntegrityConstraintViolationException: Column \'update_time\' cannot be null\r\n### The error may exist in file [D:\\workspace\\idea\\MTOI\\ruoyi-stock\\target\\classes\\mapper\\stock\\StockCheckMapper.xml]\r\n### The error may involve com.ruoyi.stock.mapper.StockCheckMapper.insertStockCheck-Inline\r\n### The error occurred while setting parameters\r\n### SQL: insert into stock_check          ( check_no,             warehouse_id,             check_date,             check_type,             status,             total_count,             discrepancy_count,             operator_id,             remark,             create_time,             update_time )           values ( ?,             ?,             ?,             ?,             1,             ?,             ?,             ?,             ?,             ?,             null )\r\n### Cause: java.sql.SQLIntegrityConstraintViolationException: Column \'update_time\' cannot be null\n; Column \'update_time\' cannot be null; nested exception is java.sql.SQLIntegrityConstraintViolationException: Column \'update_time\' cannot be null','2025-11-28 23:25:46',37),(433,'库存盘点',1,'com.ruoyi.stock.controller.StockCheckController.add()','POST',1,'admin','研发部门','/stock/check','127.0.0.1','内网IP','{\"checkDate\":\"2025-11-07\",\"checkNo\":\"1\",\"checkType\":2,\"createTime\":\"2025-11-28 23:26:09\",\"discrepancyCount\":1,\"operatorId\":1,\"params\":{},\"remark\":\"1\",\"stockCheckDetailList\":[],\"totalCount\":1,\"warehouseId\":5002}',NULL,1,'\r\n### Error updating database.  Cause: java.sql.SQLIntegrityConstraintViolationException: Column \'update_time\' cannot be null\r\n### The error may exist in file [D:\\workspace\\idea\\MTOI\\ruoyi-stock\\target\\classes\\mapper\\stock\\StockCheckMapper.xml]\r\n### The error may involve com.ruoyi.stock.mapper.StockCheckMapper.insertStockCheck-Inline\r\n### The error occurred while setting parameters\r\n### SQL: insert into stock_check          ( check_no,             warehouse_id,             check_date,             check_type,             status,             total_count,             discrepancy_count,             operator_id,             remark,             create_time,             update_time )           values ( ?,             ?,             ?,             ?,             1,             ?,             ?,             ?,             ?,             ?,             null )\r\n### Cause: java.sql.SQLIntegrityConstraintViolationException: Column \'update_time\' cannot be null\n; Column \'update_time\' cannot be null; nested exception is java.sql.SQLIntegrityConstraintViolationException: Column \'update_time\' cannot be null','2025-11-28 23:26:10',16),(434,'库存盘点',1,'com.ruoyi.stock.controller.StockCheckController.add()','POST',1,'admin','研发部门','/stock/check','127.0.0.1','内网IP','{\"checkDate\":\"2025-11-07\",\"checkNo\":\"1\",\"checkType\":2,\"createTime\":\"2025-11-28 23:26:14\",\"discrepancyCount\":1,\"operatorId\":1,\"params\":{},\"remark\":\"1\",\"stockCheckDetailList\":[],\"totalCount\":1,\"warehouseId\":5002}',NULL,1,'\r\n### Error updating database.  Cause: java.sql.SQLIntegrityConstraintViolationException: Column \'update_time\' cannot be null\r\n### The error may exist in file [D:\\workspace\\idea\\MTOI\\ruoyi-stock\\target\\classes\\mapper\\stock\\StockCheckMapper.xml]\r\n### The error may involve com.ruoyi.stock.mapper.StockCheckMapper.insertStockCheck-Inline\r\n### The error occurred while setting parameters\r\n### SQL: insert into stock_check          ( check_no,             warehouse_id,             check_date,             check_type,             status,             total_count,             discrepancy_count,             operator_id,             remark,             create_time,             update_time )           values ( ?,             ?,             ?,             ?,             1,             ?,             ?,             ?,             ?,             ?,             null )\r\n### Cause: java.sql.SQLIntegrityConstraintViolationException: Column \'update_time\' cannot be null\n; Column \'update_time\' cannot be null; nested exception is java.sql.SQLIntegrityConstraintViolationException: Column \'update_time\' cannot be null','2025-11-28 23:26:14',9),(435,'库存盘点',1,'com.ruoyi.stock.controller.StockCheckController.add()','POST',1,'admin','研发部门','/stock/check','127.0.0.1','内网IP','{\"checkDate\":\"2025-11-07\",\"checkNo\":\"1\",\"checkType\":2,\"createTime\":\"2025-11-28 23:30:01\",\"discrepancyCount\":1,\"operatorId\":1,\"params\":{},\"stockCheckDetailList\":[],\"totalCount\":1,\"warehouseId\":5001}',NULL,1,'\r\n### Error updating database.  Cause: java.sql.SQLIntegrityConstraintViolationException: Column \'update_time\' cannot be null\r\n### The error may exist in file [D:\\workspace\\idea\\MTOI\\ruoyi-stock\\target\\classes\\mapper\\stock\\StockCheckMapper.xml]\r\n### The error may involve com.ruoyi.stock.mapper.StockCheckMapper.insertStockCheck-Inline\r\n### The error occurred while setting parameters\r\n### SQL: insert into stock_check          ( check_no,             warehouse_id,             check_date,             check_type,             status,             total_count,             discrepancy_count,             operator_id,                          create_time,             update_time )           values ( ?,             ?,             ?,             ?,             1,             ?,             ?,             ?,                          ?,             null )\r\n### Cause: java.sql.SQLIntegrityConstraintViolationException: Column \'update_time\' cannot be null\n; Column \'update_time\' cannot be null; nested exception is java.sql.SQLIntegrityConstraintViolationException: Column \'update_time\' cannot be null','2025-11-28 23:30:01',7),(436,'库存盘点',1,'com.ruoyi.stock.controller.StockCheckController.add()','POST',1,'admin','研发部门','/stock/check','127.0.0.1','内网IP','{\"checkDate\":\"2025-11-19\",\"checkNo\":\"CK20250522003\",\"checkType\":2,\"createTime\":\"2025-11-28 23:31:16\",\"discrepancyCount\":1,\"operatorId\":1,\"params\":{},\"stockCheckDetailList\":[],\"totalCount\":1,\"warehouseId\":5002}',NULL,1,'\r\n### Error updating database.  Cause: java.sql.SQLIntegrityConstraintViolationException: Column \'update_time\' cannot be null\r\n### The error may exist in file [D:\\workspace\\idea\\MTOI\\ruoyi-stock\\target\\classes\\mapper\\stock\\StockCheckMapper.xml]\r\n### The error may involve com.ruoyi.stock.mapper.StockCheckMapper.insertStockCheck-Inline\r\n### The error occurred while setting parameters\r\n### SQL: insert into stock_check          ( check_no,             warehouse_id,             check_date,             check_type,             status,             total_count,             discrepancy_count,             operator_id,                          create_time,             update_time )           values ( ?,             ?,             ?,             ?,             1,             ?,             ?,             ?,                          ?,             null )\r\n### Cause: java.sql.SQLIntegrityConstraintViolationException: Column \'update_time\' cannot be null\n; Column \'update_time\' cannot be null; nested exception is java.sql.SQLIntegrityConstraintViolationException: Column \'update_time\' cannot be null','2025-11-28 23:31:16',132),(437,'库存盘点',1,'com.ruoyi.stock.controller.StockCheckController.add()','POST',1,'admin','研发部门','/stock/check','127.0.0.1','内网IP','{\"checkDate\":\"2025-11-19\",\"checkId\":16,\"checkNo\":\"CK20250522003\",\"checkType\":2,\"createTime\":\"2025-11-28 23:35:33\",\"discrepancyCount\":1,\"operatorId\":1,\"params\":{},\"stockCheckDetailList\":[],\"totalCount\":1,\"warehouseId\":5002}','{\"msg\":\"操作成功\",\"code\":200}',0,NULL,'2025-11-28 23:35:33',34),(438,'库存盘点',1,'com.ruoyi.stock.controller.StockCheckController.add()','POST',1,'admin','研发部门','/stock/check','127.0.0.1','内网IP','{\"checkDate\":\"2025-11-12\",\"checkId\":17,\"checkNo\":\"1\",\"checkType\":2,\"createTime\":\"2025-11-28 23:35:59\",\"discrepancyCount\":1,\"operatorId\":1,\"params\":{},\"remark\":\"1\",\"stockCheckDetailList\":[{\"actualQuantity\":1,\"detailId\":17,\"params\":{},\"systemQuantity\":1,\"unit\":\"\"}],\"totalCount\":1,\"warehouseId\":5001}',NULL,1,'\r\n### Error updating database.  Cause: java.sql.SQLIntegrityConstraintViolationException: Column \'check_id\' cannot be null\r\n### The error may exist in file [D:\\workspace\\idea\\MTOI\\ruoyi-stock\\target\\classes\\mapper\\stock\\StockCheckMapper.xml]\r\n### The error may involve defaultParameterMap\r\n### The error occurred while setting parameters\r\n### SQL: insert into stock_check_detail( detail_id, check_id, material_id, system_quantity, actual_quantity, discrepancy_quantity, unit, status, adjustment_time, remark) values                        ( ?, ?, ?, ?, ?, ?, ?, ?, ?, ?)\r\n### Cause: java.sql.SQLIntegrityConstraintViolationException: Column \'check_id\' cannot be null\n; Column \'check_id\' cannot be null; nested exception is java.sql.SQLIntegrityConstraintViolationException: Column \'check_id\' cannot be null','2025-11-28 23:35:59',18),(439,'库存盘点',1,'com.ruoyi.stock.controller.StockCheckController.add()','POST',1,'admin','研发部门','/stock/check','127.0.0.1','内网IP','{\"checkDate\":\"2025-11-06\",\"checkId\":18,\"checkNo\":\"1\",\"checkType\":2,\"createTime\":\"2025-11-28 23:48:18\",\"discrepancyCount\":1,\"operatorId\":1,\"params\":{},\"stockCheckDetailList\":[{\"actualQuantity\":1,\"adjustmentTime\":\"2025-12-03\",\"detailId\":18,\"discrepancyQuantity\":1,\"materialId\":4006,\"params\":{},\"systemQuantity\":1,\"unit\":\"瓶\"}],\"totalCount\":1,\"warehouseId\":5001}',NULL,1,'\r\n### Error updating database.  Cause: java.sql.SQLIntegrityConstraintViolationException: Column \'check_id\' cannot be null\r\n### The error may exist in file [D:\\workspace\\idea\\MTOI\\ruoyi-stock\\target\\classes\\mapper\\stock\\StockCheckMapper.xml]\r\n### The error may involve defaultParameterMap\r\n### The error occurred while setting parameters\r\n### SQL: insert into stock_check_detail( detail_id, check_id, material_id, system_quantity, actual_quantity, discrepancy_quantity, unit, status, adjustment_time, remark) values                        ( ?, ?, ?, ?, ?, ?, ?, ?, ?, ?)\r\n### Cause: java.sql.SQLIntegrityConstraintViolationException: Column \'check_id\' cannot be null\n; Column \'check_id\' cannot be null; nested exception is java.sql.SQLIntegrityConstraintViolationException: Column \'check_id\' cannot be null','2025-11-28 23:48:18',21),(440,'库存盘点',1,'com.ruoyi.stock.controller.StockCheckController.add()','POST',1,'admin','研发部门','/stock/check','127.0.0.1','内网IP','{\"checkDate\":\"2025-11-13\",\"checkNo\":\"CK20250522003\",\"checkType\":2,\"createTime\":\"2025-11-29 07:54:48\",\"discrepancyCount\":12,\"operatorId\":12,\"params\":{},\"remark\":\"12\",\"stockCheckDetailList\":[{\"actualQuantity\":1,\"adjustmentTime\":\"2025-11-25\",\"discrepancyQuantity\":1,\"materialId\":4005,\"params\":{},\"systemQuantity\":1,\"unit\":\"1\"}],\"totalCount\":12,\"warehouseId\":5003}',NULL,1,'\r\n### Error updating database.  Cause: java.sql.SQLIntegrityConstraintViolationException: Duplicate entry \'CK20250522003\' for key \'check_no\'\r\n### The error may exist in file [D:\\workspace\\idea\\MTOI\\ruoyi-stock\\target\\classes\\mapper\\stock\\StockCheckMapper.xml]\r\n### The error may involve com.ruoyi.stock.mapper.StockCheckMapper.insertStockCheck-Inline\r\n### The error occurred while setting parameters\r\n### SQL: insert into stock_check          ( check_no,             warehouse_id,             check_date,             check_type,             status,             total_count,             discrepancy_count,             operator_id,             remark,             create_time,             update_time )           values ( ?,             ?,             ?,             ?,             1,             ?,             ?,             ?,             ?,             ?,             NOW() )\r\n### Cause: java.sql.SQLIntegrityConstraintViolationException: Duplicate entry \'CK20250522003\' for key \'check_no\'\n; Duplicate entry \'CK20250522003\' for key \'check_no\'; nested exception is java.sql.SQLIntegrityConstraintViolationException: Duplicate entry \'CK20250522003\' for key \'check_no\'','2025-11-29 07:54:48',13),(441,'库存盘点',1,'com.ruoyi.stock.controller.StockCheckController.add()','POST',1,'admin','研发部门','/stock/check','127.0.0.1','内网IP','{\"checkDate\":\"2025-11-13\",\"checkNo\":\"CK20250522003\",\"checkType\":2,\"createTime\":\"2025-11-29 07:55:56\",\"discrepancyCount\":12,\"operatorId\":12,\"params\":{},\"remark\":\"12\",\"stockCheckDetailList\":[{\"actualQuantity\":1,\"adjustmentTime\":\"2025-11-25\",\"discrepancyQuantity\":1,\"materialId\":4005,\"params\":{},\"systemQuantity\":1,\"unit\":\"1\"}],\"totalCount\":12,\"warehouseId\":5003}',NULL,1,'\r\n### Error updating database.  Cause: java.sql.SQLIntegrityConstraintViolationException: Duplicate entry \'CK20250522003\' for key \'check_no\'\r\n### The error may exist in file [D:\\workspace\\idea\\MTOI\\ruoyi-stock\\target\\classes\\mapper\\stock\\StockCheckMapper.xml]\r\n### The error may involve com.ruoyi.stock.mapper.StockCheckMapper.insertStockCheck-Inline\r\n### The error occurred while setting parameters\r\n### SQL: insert into stock_check          ( check_no,             warehouse_id,             check_date,             check_type,             status,             total_count,             discrepancy_count,             operator_id,             remark,             create_time,             update_time )           values ( ?,             ?,             ?,             ?,             1,             ?,             ?,             ?,             ?,             ?,             NOW() )\r\n### Cause: java.sql.SQLIntegrityConstraintViolationException: Duplicate entry \'CK20250522003\' for key \'check_no\'\n; Duplicate entry \'CK20250522003\' for key \'check_no\'; nested exception is java.sql.SQLIntegrityConstraintViolationException: Duplicate entry \'CK20250522003\' for key \'check_no\'','2025-11-29 07:55:56',9),(442,'库存盘点',1,'com.ruoyi.stock.controller.StockCheckController.add()','POST',1,'admin','研发部门','/stock/check','127.0.0.1','内网IP','{\"checkDate\":\"2025-11-20\",\"checkId\":21,\"checkNo\":\"CK20250522004\",\"checkType\":2,\"createTime\":\"2025-11-29 09:38:57\",\"discrepancyCount\":1,\"operatorId\":1,\"params\":{},\"stockCheckDetailList\":[{\"actualQuantity\":1,\"detailId\":21,\"discrepancyQuantity\":1,\"materialId\":4006,\"params\":{},\"systemQuantity\":1,\"unit\":\"瓶\"}],\"totalCount\":9,\"warehouseId\":5002}',NULL,1,'\r\n### Error updating database.  Cause: java.sql.SQLIntegrityConstraintViolationException: Column \'check_id\' cannot be null\r\n### The error may exist in file [D:\\workspace\\idea\\MTOI\\ruoyi-stock\\target\\classes\\mapper\\stock\\StockCheckMapper.xml]\r\n### The error may involve defaultParameterMap\r\n### The error occurred while setting parameters\r\n### SQL: insert into stock_check_detail( detail_id, check_id, material_id, system_quantity, actual_quantity, discrepancy_quantity, unit, status, adjustment_time, remark) values                        ( ?, ?, ?, ?, ?, ?, ?, ?, ?, ?)\r\n### Cause: java.sql.SQLIntegrityConstraintViolationException: Column \'check_id\' cannot be null\n; Column \'check_id\' cannot be null; nested exception is java.sql.SQLIntegrityConstraintViolationException: Column \'check_id\' cannot be null','2025-11-29 09:38:57',32),(443,'库存盘点',1,'com.ruoyi.stock.controller.StockCheckController.add()','POST',1,'admin','研发部门','/stock/check','127.0.0.1','内网IP','{\"checkDate\":\"2025-11-20\",\"checkNo\":\"CK20250522003\",\"checkType\":2,\"createTime\":\"2025-11-29 09:39:17\",\"discrepancyCount\":1,\"operatorId\":1,\"params\":{},\"stockCheckDetailList\":[{\"actualQuantity\":1,\"discrepancyQuantity\":1,\"materialId\":4006,\"params\":{},\"systemQuantity\":1,\"unit\":\"瓶\"}],\"totalCount\":9,\"warehouseId\":5002}',NULL,1,'\r\n### Error updating database.  Cause: java.sql.SQLIntegrityConstraintViolationException: Duplicate entry \'CK20250522003\' for key \'check_no\'\r\n### The error may exist in file [D:\\workspace\\idea\\MTOI\\ruoyi-stock\\target\\classes\\mapper\\stock\\StockCheckMapper.xml]\r\n### The error may involve com.ruoyi.stock.mapper.StockCheckMapper.insertStockCheck-Inline\r\n### The error occurred while setting parameters\r\n### SQL: insert into stock_check          ( check_no,             warehouse_id,             check_date,             check_type,             status,             total_count,             discrepancy_count,             operator_id,                          create_time,             update_time )           values ( ?,             ?,             ?,             ?,             1,             ?,             ?,             ?,                          ?,             NOW() )\r\n### Cause: java.sql.SQLIntegrityConstraintViolationException: Duplicate entry \'CK20250522003\' for key \'check_no\'\n; Duplicate entry \'CK20250522003\' for key \'check_no\'; nested exception is java.sql.SQLIntegrityConstraintViolationException: Duplicate entry \'CK20250522003\' for key \'check_no\'','2025-11-29 09:39:17',12),(444,'库存盘点',1,'com.ruoyi.stock.controller.StockCheckController.add()','POST',1,'admin','研发部门','/stock/check','127.0.0.1','内网IP','{\"checkDate\":\"2025-11-05\",\"checkId\":24,\"checkNo\":\"CK20251129002\",\"checkType\":2,\"createTime\":\"2025-11-29 16:12:01\",\"discrepancyCount\":1,\"operatorId\":1,\"params\":{},\"stockCheckDetailList\":[],\"totalCount\":12,\"warehouseId\":5002}','{\"msg\":\"操作成功\",\"code\":200}',0,NULL,'2025-11-29 16:12:01',104),(445,'库存盘点',1,'com.ruoyi.stock.controller.StockCheckController.add()','POST',1,'admin','研发部门','/stock/check','127.0.0.1','内网IP','{\"checkDate\":\"2025-11-06\",\"checkId\":25,\"checkNo\":\"CK20251129003\",\"checkType\":1,\"createTime\":\"2025-11-29 16:12:54\",\"discrepancyCount\":1,\"operatorId\":1,\"params\":{},\"stockCheckDetailList\":[{\"actualQuantity\":1,\"adjustmentTime\":\"2025-11-26\",\"detailId\":25,\"discrepancyQuantity\":1,\"materialId\":4005,\"params\":{},\"systemQuantity\":1,\"unit\":\"1\"}],\"totalCount\":1,\"warehouseId\":5002}',NULL,1,'\r\n### Error updating database.  Cause: java.sql.SQLIntegrityConstraintViolationException: Column \'check_id\' cannot be null\r\n### The error may exist in file [D:\\workspace\\idea\\MTOI\\ruoyi-stock\\target\\classes\\mapper\\stock\\StockCheckMapper.xml]\r\n### The error may involve defaultParameterMap\r\n### The error occurred while setting parameters\r\n### SQL: insert into stock_check_detail( detail_id, check_id, material_id, system_quantity, actual_quantity, discrepancy_quantity, unit, status, adjustment_time, remark) values                        ( ?, ?, ?, ?, ?, ?, ?, ?, ?, ?)\r\n### Cause: java.sql.SQLIntegrityConstraintViolationException: Column \'check_id\' cannot be null\n; Column \'check_id\' cannot be null; nested exception is java.sql.SQLIntegrityConstraintViolationException: Column \'check_id\' cannot be null','2025-11-29 16:12:54',193),(446,'菜单管理',2,'com.ruoyi.web.controller.system.SysMenuController.edit()','PUT',1,'admin','研发部门','/system/menu','127.0.0.1','内网IP','{\"children\":[],\"component\":\"stock/info/index\",\"createTime\":\"2025-11-26 10:22:17\",\"icon\":\"#\",\"isCache\":\"0\",\"isFrame\":\"1\",\"menuId\":2092,\"menuName\":\"库存信息\",\"menuType\":\"C\",\"orderNum\":1,\"params\":{},\"parentId\":2009,\"path\":\"info\",\"perms\":\"stock:info:list\",\"routeName\":\"\",\"status\":\"0\",\"updateBy\":\"admin\",\"visible\":\"0\"}','{\"msg\":\"操作成功\",\"code\":200}',0,NULL,'2025-11-29 16:15:15',21),(447,'菜单管理',2,'com.ruoyi.web.controller.system.SysMenuController.edit()','PUT',1,'admin','研发部门','/system/menu','127.0.0.1','内网IP','{\"children\":[],\"component\":\"stock/check/index\",\"createTime\":\"2025-11-26 10:22:16\",\"icon\":\"#\",\"isCache\":\"0\",\"isFrame\":\"1\",\"menuId\":2080,\"menuName\":\"库存盘点\",\"menuType\":\"C\",\"orderNum\":2,\"params\":{},\"parentId\":2009,\"path\":\"check\",\"perms\":\"stock:check:list\",\"routeName\":\"\",\"status\":\"0\",\"updateBy\":\"admin\",\"visible\":\"0\"}','{\"msg\":\"操作成功\",\"code\":200}',0,NULL,'2025-11-29 16:15:24',13),(448,'菜单管理',2,'com.ruoyi.web.controller.system.SysMenuController.edit()','PUT',1,'admin','研发部门','/system/menu','127.0.0.1','内网IP','{\"children\":[],\"component\":\"stock/warehouse/index\",\"createTime\":\"2025-11-26 10:22:17\",\"icon\":\"#\",\"isCache\":\"0\",\"isFrame\":\"1\",\"menuId\":2086,\"menuName\":\"仓库\",\"menuType\":\"C\",\"orderNum\":5,\"params\":{},\"parentId\":2009,\"path\":\"warehouse\",\"perms\":\"stock:warehouse:list\",\"routeName\":\"\",\"status\":\"0\",\"updateBy\":\"admin\",\"visible\":\"0\"}','{\"msg\":\"操作成功\",\"code\":200}',0,NULL,'2025-11-29 16:15:32',13),(449,'菜单管理',2,'com.ruoyi.web.controller.system.SysMenuController.edit()','PUT',1,'admin','研发部门','/system/menu','127.0.0.1','内网IP','{\"children\":[],\"component\":\"stock/detail/index\",\"createTime\":\"2025-11-26 11:34:40\",\"icon\":\"#\",\"isCache\":\"0\",\"isFrame\":\"1\",\"menuId\":2104,\"menuName\":\"库存盘点明细\",\"menuType\":\"C\",\"orderNum\":6,\"params\":{},\"parentId\":2009,\"path\":\"detail\",\"perms\":\"stock:detail:list\",\"routeName\":\"\",\"status\":\"0\",\"updateBy\":\"admin\",\"visible\":\"0\"}','{\"msg\":\"操作成功\",\"code\":200}',0,NULL,'2025-11-29 16:15:42',15),(450,'菜单管理',2,'com.ruoyi.web.controller.system.SysMenuController.edit()','PUT',1,'admin','研发部门','/system/menu','127.0.0.1','内网IP','{\"children\":[],\"component\":\"stock/record/index\",\"createTime\":\"2025-11-26 10:22:17\",\"icon\":\"#\",\"isCache\":\"0\",\"isFrame\":\"1\",\"menuId\":2098,\"menuName\":\"库存变动记录\",\"menuType\":\"C\",\"orderNum\":4,\"params\":{},\"parentId\":2009,\"path\":\"record\",\"perms\":\"stock:record:list\",\"routeName\":\"\",\"status\":\"0\",\"updateBy\":\"admin\",\"visible\":\"0\"}','{\"msg\":\"操作成功\",\"code\":200}',0,NULL,'2025-11-29 16:15:52',17),(451,'库存盘点',2,'com.ruoyi.stock.controller.StockCheckController.edit()','PUT',1,'admin','研发部门','/stock/check','127.0.0.1','内网IP','{\"checkDate\":\"2025-05-22\",\"checkId\":11,\"checkNo\":\"CK20250522001\",\"checkType\":1,\"createTime\":\"2025-05-22 08:00:00\",\"discrepancyCount\":5,\"operatorId\":1,\"params\":{},\"remark\":\"月度盘点\",\"status\":2,\"stockCheckDetailList\":[{\"actualQuantity\":98,\"adjustmentTime\":\"2025-05-22\",\"checkId\":11,\"detailId\":11,\"discrepancyQuantity\":-2,\"materialId\":4001,\"params\":{},\"remark\":\"损耗\",\"status\":2,\"systemQuantity\":100,\"unit\":\"包\"},{\"actualQuantity\":11,\"checkId\":11,\"detailId\":11,\"discrepancyQuantity\":1,\"materialId\":4005,\"params\":{},\"systemQuantity\":12,\"unit\":\"1\"}],\"totalCount\":50,\"updateTime\":\"2025-11-29 16:17:45\",\"warehouseId\":5001}',NULL,1,'\r\n### Error updating database.  Cause: java.sql.SQLIntegrityConstraintViolationException: Column \'status\' cannot be null\r\n### The error may exist in file [D:\\workspace\\idea\\MTOI\\ruoyi-stock\\target\\classes\\mapper\\stock\\StockCheckMapper.xml]\r\n### The error may involve defaultParameterMap\r\n### The error occurred while setting parameters\r\n### SQL: insert into stock_check_detail( detail_id, check_id, material_id, system_quantity, actual_quantity, discrepancy_quantity, unit, status, adjustment_time, remark) values                        ( ?, ?, ?, ?, ?, ?, ?, ?, ?, ?)          ,              ( ?, ?, ?, ?, ?, ?, ?, ?, ?, ?)\r\n### Cause: java.sql.SQLIntegrityConstraintViolationException: Column \'status\' cannot be null\n; Column \'status\' cannot be null; nested exception is java.sql.SQLIntegrityConstraintViolationException: Column \'status\' cannot be null','2025-11-29 16:17:45',25),(452,'库存盘点',1,'com.ruoyi.stock.controller.StockCheckController.add()','POST',1,'admin','研发部门','/stock/check','127.0.0.1','内网IP','{\"checkDate\":\"2025-11-20\",\"checkId\":26,\"checkNo\":\"CK20251129003\",\"checkType\":2,\"createTime\":\"2025-11-29 17:08:17\",\"discrepancyCount\":2,\"operatorId\":2,\"params\":{},\"stockCheckDetailList\":[{\"actualQuantity\":2,\"checkId\":26,\"discrepancyQuantity\":2,\"materialId\":4007,\"params\":{},\"systemQuantity\":2,\"unit\":\"的\"}],\"totalCount\":2,\"warehouseId\":5001}',NULL,1,'\r\n### Error updating database.  Cause: java.sql.SQLIntegrityConstraintViolationException: Column \'status\' cannot be null\r\n### The error may exist in file [D:\\workspace\\idea\\MTOI\\ruoyi-stock\\target\\classes\\mapper\\stock\\StockCheckMapper.xml]\r\n### The error may involve defaultParameterMap\r\n### The error occurred while setting parameters\r\n### SQL: insert into stock_check_detail( check_id, material_id, system_quantity, actual_quantity, discrepancy_quantity, unit, status, adjustment_time, remark) values                        ( ?, ?, ?, ?, ?, ?, ?, ?, ?)\r\n### Cause: java.sql.SQLIntegrityConstraintViolationException: Column \'status\' cannot be null\n; Column \'status\' cannot be null; nested exception is java.sql.SQLIntegrityConstraintViolationException: Column \'status\' cannot be null','2025-11-29 17:08:17',42),(453,'库存盘点',1,'com.ruoyi.stock.controller.StockCheckController.add()','POST',1,'admin','研发部门','/stock/check','127.0.0.1','内网IP','{\"checkDate\":\"2025-11-13\",\"checkId\":27,\"checkNo\":\"CK20251129003\",\"checkType\":2,\"createTime\":\"2025-11-29 17:44:23\",\"discrepancyCount\":1,\"operatorId\":1,\"params\":{},\"stockCheckDetailList\":[{\"actualQuantity\":1,\"checkId\":27,\"discrepancyQuantity\":1,\"materialId\":4007,\"params\":{},\"status\":2,\"systemQuantity\":1,\"unit\":\"1\"}],\"totalCount\":1,\"warehouseId\":5002}','{\"msg\":\"操作成功\",\"code\":200}',0,NULL,'2025-11-29 17:44:23',55),(454,'库存变动记录',1,'com.ruoyi.stock.controller.StockRecordController.add()','POST',1,'admin','研发部门','/stock/record','127.0.0.1','内网IP','{\"afterQuantity\":1,\"beforeQuantity\":1,\"createTime\":\"2025-11-29 17:44:57\",\"materialId\":4001,\"operatorId\":1,\"orderId\":1,\"params\":{},\"quantity\":1,\"referenceNo\":\"1\",\"remark\":\"1\"}',NULL,1,'\r\n### Error updating database.  Cause: java.sql.SQLException: Field \'type\' doesn\'t have a default value\r\n### The error may exist in file [D:\\workspace\\idea\\MTOI\\ruoyi-stock\\target\\classes\\mapper\\stock\\StockRecordMapper.xml]\r\n### The error may involve com.ruoyi.stock.mapper.StockRecordMapper.insertStockRecord-Inline\r\n### The error occurred while setting parameters\r\n### SQL: insert into stock_record          ( material_id,                          quantity,             before_quantity,             after_quantity,             order_id,             reference_no,             operator_id,             remark,             create_time )           values ( ?,                          ?,             ?,             ?,             ?,             ?,             ?,             ?,             ? )\r\n### Cause: java.sql.SQLException: Field \'type\' doesn\'t have a default value\n; Field \'type\' doesn\'t have a default value; nested exception is java.sql.SQLException: Field \'type\' doesn\'t have a default value','2025-11-29 17:44:58',86),(455,'菜单管理',2,'com.ruoyi.web.controller.system.SysMenuController.edit()','PUT',1,'admin','研发部门','/system/menu','127.0.0.1','内网IP','{\"children\":[],\"component\":\"stock/record/index\",\"createTime\":\"2025-11-26 10:22:17\",\"icon\":\"#\",\"isCache\":\"0\",\"isFrame\":\"1\",\"menuId\":2098,\"menuName\":\"库存变动记录\",\"menuType\":\"C\",\"orderNum\":4,\"params\":{},\"parentId\":2009,\"path\":\"record\",\"perms\":\"stock:record:list\",\"routeName\":\"\",\"status\":\"1\",\"updateBy\":\"admin\",\"visible\":\"0\"}','{\"msg\":\"操作成功\",\"code\":200}',0,NULL,'2025-11-29 18:18:18',19),(456,'菜单管理',2,'com.ruoyi.web.controller.system.SysMenuController.edit()','PUT',1,'admin','研发部门','/system/menu','127.0.0.1','内网IP','{\"children\":[],\"component\":\"stock/warehouse/index\",\"createTime\":\"2025-11-26 10:22:17\",\"icon\":\"#\",\"isCache\":\"0\",\"isFrame\":\"1\",\"menuId\":2086,\"menuName\":\"仓库\",\"menuType\":\"C\",\"orderNum\":5,\"params\":{},\"parentId\":2009,\"path\":\"warehouse\",\"perms\":\"stock:warehouse:list\",\"routeName\":\"\",\"status\":\"0\",\"updateBy\":\"admin\",\"visible\":\"1\"}','{\"msg\":\"操作成功\",\"code\":200}',0,NULL,'2025-11-29 23:25:36',47),(457,'菜单管理',2,'com.ruoyi.web.controller.system.SysMenuController.edit()','PUT',1,'admin','研发部门','/system/menu','127.0.0.1','内网IP','{\"children\":[],\"component\":\"stock/detail/index\",\"createTime\":\"2025-11-26 11:34:40\",\"icon\":\"#\",\"isCache\":\"0\",\"isFrame\":\"1\",\"menuId\":2104,\"menuName\":\"库存盘点明细\",\"menuType\":\"C\",\"orderNum\":6,\"params\":{},\"parentId\":2009,\"path\":\"detail\",\"perms\":\"stock:detail:list\",\"routeName\":\"\",\"status\":\"0\",\"updateBy\":\"admin\",\"visible\":\"1\"}','{\"msg\":\"操作成功\",\"code\":200}',0,NULL,'2025-11-29 23:25:41',14),(458,'菜单管理',2,'com.ruoyi.web.controller.system.SysMenuController.edit()','PUT',1,'admin','研发部门','/system/menu','127.0.0.1','内网IP','{\"children\":[],\"createTime\":\"2025-11-11 16:02:22\",\"icon\":\"build\",\"isCache\":\"0\",\"isFrame\":\"1\",\"menuId\":2012,\"menuName\":\"报表分析\",\"menuType\":\"M\",\"orderNum\":6,\"params\":{},\"parentId\":0,\"path\":\"/report\",\"perms\":\"\",\"routeName\":\"\",\"status\":\"0\",\"updateBy\":\"admin\",\"visible\":\"1\"}','{\"msg\":\"操作成功\",\"code\":200}',0,NULL,'2025-11-30 15:31:24',63),(459,'库存信息',2,'com.ruoyi.stock.controller.StockInfoController.edit()','PUT',1,'admin','研发部门','/stock/info','127.0.0.1','内网IP','{\"alertThreshold\":5,\"createTime\":\"2025-11-10 21:32:12\",\"location\":\"A区-05\",\"materialId\":4006,\"params\":{},\"quantity\":5,\"stockId\":6006,\"updateTime\":\"2025-11-30 15:35:28\",\"warehouseId\":5001}','{\"msg\":\"操作成功\",\"code\":200}',0,NULL,'2025-11-30 15:35:28',16),(460,'库存信息',2,'com.ruoyi.stock.controller.StockInfoController.edit()','PUT',1,'admin','研发部门','/stock/info','127.0.0.1','内网IP','{\"alertThreshold\":3,\"createTime\":\"2025-11-10 21:32:12\",\"location\":\"B区-02\",\"materialId\":4007,\"params\":{},\"quantity\":2,\"stockId\":6007,\"updateTime\":\"2025-11-30 15:35:38\",\"warehouseId\":5002}','{\"msg\":\"操作成功\",\"code\":200}',0,NULL,'2025-11-30 15:35:38',4),(461,'库存盘点',1,'com.ruoyi.stock.controller.StockCheckController.add()','POST',1,'admin','研发部门','/stock/check','127.0.0.1','内网IP','{\"checkDate\":\"2025-11-12\",\"checkId\":28,\"checkNo\":\"CK20251130001\",\"checkType\":1,\"createTime\":\"2025-11-30 15:38:52\",\"discrepancyCount\":0,\"operatorId\":1,\"params\":{},\"remark\":\"1\",\"stockCheckDetailList\":[{\"actualQuantity\":27,\"adjustmentTime\":\"2025-11-18\",\"checkId\":28,\"discrepancyQuantity\":0,\"materialId\":4003,\"params\":{},\"status\":1,\"systemQuantity\":3,\"unit\":\"1\"}],\"totalCount\":30,\"warehouseId\":5002}','{\"msg\":\"操作成功\",\"code\":200}',0,NULL,'2025-11-30 15:38:52',60),(462,'代码生成',2,'com.ruoyi.generator.controller.GenController.editSave()','PUT',1,'admin','研发部门','/tool/gen','127.0.0.1','内网IP','{\"businessName\":\"customer\",\"className\":\"Customer\",\"columns\":[{\"capJavaField\":\"CustomerId\",\"columnComment\":\"顾客ID\",\"columnId\":1,\"columnName\":\"customer_id\",\"columnType\":\"bigint(20)\",\"createBy\":\"admin\",\"createTime\":\"2025-11-11 08:10:56\",\"dictType\":\"\",\"edit\":false,\"htmlType\":\"input\",\"increment\":true,\"insert\":true,\"isIncrement\":\"1\",\"isInsert\":\"1\",\"isPk\":\"1\",\"isRequired\":\"0\",\"javaField\":\"customerId\",\"javaType\":\"Long\",\"list\":false,\"params\":{},\"pk\":true,\"query\":false,\"queryType\":\"EQ\",\"required\":false,\"sort\":1,\"superColumn\":false,\"tableId\":1,\"updateBy\":\"\",\"usableColumn\":false},{\"capJavaField\":\"CustomerName\",\"columnComment\":\"顾客姓名\",\"columnId\":2,\"columnName\":\"customer_name\",\"columnType\":\"varchar(50)\",\"createBy\":\"admin\",\"createTime\":\"2025-11-11 08:10:56\",\"dictType\":\"\",\"edit\":true,\"htmlType\":\"input\",\"increment\":false,\"insert\":true,\"isEdit\":\"1\",\"isIncrement\":\"0\",\"isInsert\":\"1\",\"isList\":\"1\",\"isPk\":\"0\",\"isQuery\":\"1\",\"isRequired\":\"1\",\"javaField\":\"customerName\",\"javaType\":\"String\",\"list\":true,\"params\":{},\"pk\":false,\"query\":true,\"queryType\":\"LIKE\",\"required\":true,\"sort\":2,\"superColumn\":false,\"tableId\":1,\"updateBy\":\"\",\"usableColumn\":false},{\"capJavaField\":\"Phone\",\"columnComment\":\"手机号码\",\"columnId\":3,\"columnName\":\"phone\",\"columnType\":\"varchar(20)\",\"createBy\":\"admin\",\"createTime\":\"2025-11-11 08:10:56\",\"dictType\":\"\",\"edit\":true,\"htmlType\":\"input\",\"increment\":false,\"insert\":true,\"isEdit\":\"1\",\"isIncrement\":\"0\",\"isInsert\":\"1\",\"isList\":\"1\",\"isPk\":\"0\",\"isQuery\":\"1\",\"isRequired\":\"1\",\"javaField\":\"phone\",\"javaType\":\"String\",\"list\":true,\"params\":{},\"pk\":false,\"query\":true,\"queryType\":\"EQ\",\"required\":true,\"sort\":3,\"superColumn\":false,\"tableId\":1,\"updateBy\":\"\",\"usableColumn\":false},{\"capJavaField\":\"Avatar\",\"columnComment\":\"头像\",\"columnId\":4,\"columnName\":\"avatar\",\"columnType\":\"varchar(255)\",\"createBy\":\"admin\",\"createTime\":\"2025-11-11 08:10:56\",\"dictType\":\"\",\"edit\":true,\"htmlType\":\"imageUpload\",\"increment\":false,\"insert\":true,\"isEdit\":\"1\",\"isIncrement\":\"0\",\"isInsert\":\"1\",\"isList\":\"1\",\"isPk\":\"0\",\"isQuery\":','{\"msg\":\"操作成功\",\"code\":200}',0,NULL,'2025-11-30 19:51:00',112),(463,'字典类型',1,'com.ruoyi.web.controller.system.SysDictTypeController.add()','POST',1,'admin','研发部门','/system/dict/type','127.0.0.1','内网IP','{\"createBy\":\"admin\",\"dictName\":\"订单状态\",\"dictType\":\"order_status\",\"params\":{},\"remark\":\"1,订单创建\\n2,支付成功\\n3,开始制作\\n4,制作完成\\n5,待配送\\n6,配送中\\n7,配送完成\\n8,订单完成\",\"status\":\"0\"}','{\"msg\":\"操作成功\",\"code\":200}',0,NULL,'2025-11-30 20:26:13',68),(464,'字典数据',1,'com.ruoyi.web.controller.system.SysDictDataController.add()','POST',1,'admin','研发部门','/system/dict/data','127.0.0.1','内网IP','{\"createBy\":\"admin\",\"default\":false,\"dictLabel\":\"订单创建\",\"dictSort\":1,\"dictType\":\"order_status\",\"dictValue\":\"1\",\"listClass\":\"primary\",\"params\":{},\"status\":\"0\"}','{\"msg\":\"操作成功\",\"code\":200}',0,NULL,'2025-11-30 20:32:55',23),(465,'字典数据',1,'com.ruoyi.web.controller.system.SysDictDataController.add()','POST',1,'admin','研发部门','/system/dict/data','127.0.0.1','内网IP','{\"createBy\":\"admin\",\"default\":false,\"dictLabel\":\"支付成功\",\"dictSort\":2,\"dictType\":\"order_status\",\"dictValue\":\"2\",\"listClass\":\"success\",\"params\":{},\"status\":\"0\"}','{\"msg\":\"操作成功\",\"code\":200}',0,NULL,'2025-11-30 20:33:27',11),(466,'字典数据',1,'com.ruoyi.web.controller.system.SysDictDataController.add()','POST',1,'admin','研发部门','/system/dict/data','127.0.0.1','内网IP','{\"createBy\":\"admin\",\"default\":false,\"dictLabel\":\"开始制作\",\"dictSort\":3,\"dictType\":\"order_status\",\"dictValue\":\"3\",\"listClass\":\"info\",\"params\":{},\"status\":\"0\"}','{\"msg\":\"操作成功\",\"code\":200}',0,NULL,'2025-11-30 20:33:54',11),(467,'字典数据',1,'com.ruoyi.web.controller.system.SysDictDataController.add()','POST',1,'admin','研发部门','/system/dict/data','127.0.0.1','内网IP','{\"createBy\":\"admin\",\"default\":false,\"dictLabel\":\"制作完成 \",\"dictSort\":4,\"dictType\":\"order_status\",\"dictValue\":\"4\",\"listClass\":\"success\",\"params\":{},\"status\":\"0\"}','{\"msg\":\"操作成功\",\"code\":200}',0,NULL,'2025-11-30 20:34:10',9),(468,'字典数据',1,'com.ruoyi.web.controller.system.SysDictDataController.add()','POST',1,'admin','研发部门','/system/dict/data','127.0.0.1','内网IP','{\"createBy\":\"admin\",\"default\":false,\"dictLabel\":\"待配送 \",\"dictSort\":5,\"dictType\":\"order_status\",\"dictValue\":\"5\",\"listClass\":\"info\",\"params\":{},\"status\":\"0\"}','{\"msg\":\"操作成功\",\"code\":200}',0,NULL,'2025-11-30 20:34:30',8),(469,'字典数据',1,'com.ruoyi.web.controller.system.SysDictDataController.add()','POST',1,'admin','研发部门','/system/dict/data','127.0.0.1','内网IP','{\"createBy\":\"admin\",\"default\":false,\"dictLabel\":\"配送中\",\"dictSort\":6,\"dictType\":\"order_status\",\"dictValue\":\"6\",\"listClass\":\"info\",\"params\":{},\"status\":\"0\"}','{\"msg\":\"操作成功\",\"code\":200}',0,NULL,'2025-11-30 20:34:49',25),(470,'字典数据',1,'com.ruoyi.web.controller.system.SysDictDataController.add()','POST',1,'admin','研发部门','/system/dict/data','127.0.0.1','内网IP','{\"createBy\":\"admin\",\"default\":false,\"dictLabel\":\"配送完成\",\"dictSort\":7,\"dictType\":\"order_status\",\"dictValue\":\"7\",\"listClass\":\"success\",\"params\":{},\"status\":\"0\"}','{\"msg\":\"操作成功\",\"code\":200}',0,NULL,'2025-11-30 20:35:05',9),(471,'字典数据',1,'com.ruoyi.web.controller.system.SysDictDataController.add()','POST',1,'admin','研发部门','/system/dict/data','127.0.0.1','内网IP','{\"createBy\":\"admin\",\"default\":false,\"dictLabel\":\" 订单完成\",\"dictSort\":8,\"dictType\":\"order_status\",\"dictValue\":\"8\",\"listClass\":\"success\",\"params\":{},\"status\":\"0\"}','{\"msg\":\"操作成功\",\"code\":200}',0,NULL,'2025-11-30 20:35:20',18),(472,'代码生成',2,'com.ruoyi.generator.controller.GenController.editSave()','PUT',1,'admin','研发部门','/tool/gen','127.0.0.1','内网IP','{\"businessName\":\"history\",\"className\":\"OrderStatusHistory\",\"columns\":[{\"capJavaField\":\"HistoryId\",\"columnComment\":\"历史ID\",\"columnId\":60,\"columnName\":\"history_id\",\"columnType\":\"bigint(20)\",\"createBy\":\"admin\",\"createTime\":\"2025-11-11 08:10:57\",\"dictType\":\"\",\"edit\":false,\"htmlType\":\"input\",\"increment\":true,\"insert\":true,\"isIncrement\":\"1\",\"isInsert\":\"1\",\"isPk\":\"1\",\"isRequired\":\"0\",\"javaField\":\"historyId\",\"javaType\":\"Long\",\"list\":false,\"params\":{},\"pk\":true,\"query\":false,\"queryType\":\"EQ\",\"required\":false,\"sort\":1,\"superColumn\":false,\"tableId\":6,\"updateBy\":\"\",\"usableColumn\":false},{\"capJavaField\":\"OrderId\",\"columnComment\":\"订单ID\",\"columnId\":61,\"columnName\":\"order_id\",\"columnType\":\"bigint(20)\",\"createBy\":\"admin\",\"createTime\":\"2025-11-11 08:10:57\",\"dictType\":\"\",\"edit\":true,\"htmlType\":\"input\",\"increment\":false,\"insert\":true,\"isEdit\":\"1\",\"isIncrement\":\"0\",\"isInsert\":\"1\",\"isList\":\"1\",\"isPk\":\"0\",\"isQuery\":\"1\",\"isRequired\":\"1\",\"javaField\":\"orderId\",\"javaType\":\"Long\",\"list\":true,\"params\":{},\"pk\":false,\"query\":true,\"queryType\":\"EQ\",\"required\":true,\"sort\":2,\"superColumn\":false,\"tableId\":6,\"updateBy\":\"\",\"usableColumn\":false},{\"capJavaField\":\"OldStatus\",\"columnComment\":\"原状态\",\"columnId\":62,\"columnName\":\"old_status\",\"columnType\":\"tinyint(4)\",\"createBy\":\"admin\",\"createTime\":\"2025-11-11 08:10:57\",\"dictType\":\"\",\"edit\":true,\"htmlType\":\"radio\",\"increment\":false,\"insert\":true,\"isEdit\":\"1\",\"isIncrement\":\"0\",\"isInsert\":\"1\",\"isList\":\"1\",\"isPk\":\"0\",\"isQuery\":\"1\",\"isRequired\":\"1\",\"javaField\":\"oldStatus\",\"javaType\":\"Integer\",\"list\":true,\"params\":{},\"pk\":false,\"query\":true,\"queryType\":\"EQ\",\"required\":true,\"sort\":3,\"superColumn\":false,\"tableId\":6,\"updateBy\":\"\",\"usableColumn\":false},{\"capJavaField\":\"NewStatus\",\"columnComment\":\"新状态\",\"columnId\":63,\"columnName\":\"new_status\",\"columnType\":\"tinyint(4)\",\"createBy\":\"admin\",\"createTime\":\"2025-11-11 08:10:57\",\"dictType\":\"\",\"edit\":true,\"htmlType\":\"radio\",\"increment\":false,\"insert\":true,\"isEdit\":\"1\",\"isIncrement\":\"0\",\"isInsert\":\"1\",\"isList\":\"1\",\"isPk\":\"0\",\"isQuery','{\"msg\":\"操作成功\",\"code\":200}',0,NULL,'2025-11-30 20:36:00',60),(473,'代码生成',2,'com.ruoyi.generator.controller.GenController.editSave()','PUT',1,'admin','研发部门','/tool/gen','127.0.0.1','内网IP','{\"businessName\":\"history\",\"className\":\"OrderStatusHistory\",\"columns\":[{\"capJavaField\":\"HistoryId\",\"columnComment\":\"历史ID\",\"columnId\":60,\"columnName\":\"history_id\",\"columnType\":\"bigint(20)\",\"createBy\":\"admin\",\"createTime\":\"2025-11-11 08:10:57\",\"dictType\":\"\",\"edit\":false,\"htmlType\":\"input\",\"increment\":true,\"insert\":true,\"isIncrement\":\"1\",\"isInsert\":\"1\",\"isPk\":\"1\",\"isRequired\":\"0\",\"javaField\":\"historyId\",\"javaType\":\"Long\",\"list\":false,\"params\":{},\"pk\":true,\"query\":false,\"queryType\":\"EQ\",\"required\":false,\"sort\":1,\"superColumn\":false,\"tableId\":6,\"updateBy\":\"\",\"updateTime\":\"2025-11-30 20:36:00\",\"usableColumn\":false},{\"capJavaField\":\"OrderId\",\"columnComment\":\"订单ID\",\"columnId\":61,\"columnName\":\"order_id\",\"columnType\":\"bigint(20)\",\"createBy\":\"admin\",\"createTime\":\"2025-11-11 08:10:57\",\"dictType\":\"\",\"edit\":true,\"htmlType\":\"input\",\"increment\":false,\"insert\":true,\"isEdit\":\"1\",\"isIncrement\":\"0\",\"isInsert\":\"1\",\"isList\":\"1\",\"isPk\":\"0\",\"isQuery\":\"1\",\"isRequired\":\"1\",\"javaField\":\"orderId\",\"javaType\":\"Long\",\"list\":true,\"params\":{},\"pk\":false,\"query\":true,\"queryType\":\"EQ\",\"required\":true,\"sort\":2,\"superColumn\":false,\"tableId\":6,\"updateBy\":\"\",\"updateTime\":\"2025-11-30 20:36:00\",\"usableColumn\":false},{\"capJavaField\":\"OldStatus\",\"columnComment\":\"原状态\",\"columnId\":62,\"columnName\":\"old_status\",\"columnType\":\"tinyint(4)\",\"createBy\":\"admin\",\"createTime\":\"2025-11-11 08:10:57\",\"dictType\":\"order_status\",\"edit\":true,\"htmlType\":\"radio\",\"increment\":false,\"insert\":true,\"isEdit\":\"1\",\"isIncrement\":\"0\",\"isInsert\":\"1\",\"isList\":\"1\",\"isPk\":\"0\",\"isQuery\":\"1\",\"isRequired\":\"1\",\"javaField\":\"oldStatus\",\"javaType\":\"Integer\",\"list\":true,\"params\":{},\"pk\":false,\"query\":true,\"queryType\":\"EQ\",\"required\":true,\"sort\":3,\"superColumn\":false,\"tableId\":6,\"updateBy\":\"\",\"updateTime\":\"2025-11-30 20:36:00\",\"usableColumn\":false},{\"capJavaField\":\"NewStatus\",\"columnComment\":\"新状态\",\"columnId\":63,\"columnName\":\"new_status\",\"columnType\":\"tinyint(4)\",\"createBy\":\"admin\",\"createTime\":\"2025-11-11 08:10:57\",\"dictType\":\"order_status\",\"edit\":true,','{\"msg\":\"操作成功\",\"code\":200}',0,NULL,'2025-11-30 20:37:05',25),(474,'字典类型',1,'com.ruoyi.web.controller.system.SysDictTypeController.add()','POST',1,'admin','研发部门','/system/dict/type','127.0.0.1','内网IP','{\"createBy\":\"admin\",\"dictName\":\"支付方式\",\"dictType\":\"pay_way\",\"params\":{},\"remark\":\"1:微信,2:支付宝,3:现金\",\"status\":\"0\"}','{\"msg\":\"操作成功\",\"code\":200}',0,NULL,'2025-11-30 21:10:45',9),(475,'字典数据',1,'com.ruoyi.web.controller.system.SysDictDataController.add()','POST',1,'admin','研发部门','/system/dict/data','127.0.0.1','内网IP','{\"createBy\":\"admin\",\"default\":false,\"dictLabel\":\"微信\",\"dictSort\":1,\"dictType\":\"pay_way\",\"dictValue\":\"1\",\"listClass\":\"primary\",\"params\":{},\"status\":\"0\"}','{\"msg\":\"操作成功\",\"code\":200}',0,NULL,'2025-11-30 21:11:11',11),(476,'字典数据',1,'com.ruoyi.web.controller.system.SysDictDataController.add()','POST',1,'admin','研发部门','/system/dict/data','127.0.0.1','内网IP','{\"createBy\":\"admin\",\"default\":false,\"dictLabel\":\"支付宝\",\"dictSort\":2,\"dictType\":\"pay_way\",\"dictValue\":\"2\",\"listClass\":\"primary\",\"params\":{},\"status\":\"0\"}','{\"msg\":\"操作成功\",\"code\":200}',0,NULL,'2025-11-30 21:11:31',5),(477,'字典数据',1,'com.ruoyi.web.controller.system.SysDictDataController.add()','POST',1,'admin','研发部门','/system/dict/data','127.0.0.1','内网IP','{\"createBy\":\"admin\",\"default\":false,\"dictLabel\":\"现金\",\"dictSort\":3,\"dictType\":\"pay_way\",\"dictValue\":\"3\",\"listClass\":\"warning\",\"params\":{},\"status\":\"0\"}','{\"msg\":\"操作成功\",\"code\":200}',0,NULL,'2025-11-30 21:11:48',8),(478,'字典数据',2,'com.ruoyi.web.controller.system.SysDictDataController.edit()','PUT',1,'admin','研发部门','/system/dict/data','127.0.0.1','内网IP','{\"createBy\":\"admin\",\"createTime\":\"2025-11-30 21:11:11\",\"default\":false,\"dictCode\":51,\"dictLabel\":\"微信\",\"dictSort\":1,\"dictType\":\"pay_way\",\"dictValue\":\"1\",\"isDefault\":\"N\",\"listClass\":\"success\",\"params\":{},\"status\":\"0\",\"updateBy\":\"admin\"}','{\"msg\":\"操作成功\",\"code\":200}',0,NULL,'2025-11-30 21:11:56',6),(479,'字典类型',1,'com.ruoyi.web.controller.system.SysDictTypeController.add()','POST',1,'admin','研发部门','/system/dict/type','127.0.0.1','内网IP','{\"createBy\":\"admin\",\"dictName\":\"订单类型\",\"dictType\":\"order_type\",\"params\":{},\"remark\":\"1:堂食,2:外卖,3:自提\",\"status\":\"0\"}','{\"msg\":\"操作成功\",\"code\":200}',0,NULL,'2025-11-30 21:12:48',6),(480,'字典数据',1,'com.ruoyi.web.controller.system.SysDictDataController.add()','POST',1,'admin','研发部门','/system/dict/data','127.0.0.1','内网IP','{\"createBy\":\"admin\",\"default\":false,\"dictLabel\":\"堂食\",\"dictSort\":1,\"dictType\":\"order_type\",\"dictValue\":\"1\",\"listClass\":\"primary\",\"params\":{},\"status\":\"0\"}','{\"msg\":\"操作成功\",\"code\":200}',0,NULL,'2025-11-30 21:13:31',12),(481,'字典数据',1,'com.ruoyi.web.controller.system.SysDictDataController.add()','POST',1,'admin','研发部门','/system/dict/data','127.0.0.1','内网IP','{\"createBy\":\"admin\",\"default\":false,\"dictLabel\":\"外卖\",\"dictSort\":2,\"dictType\":\"order_type\",\"dictValue\":\"2\",\"listClass\":\"primary\",\"params\":{},\"status\":\"0\"}','{\"msg\":\"操作成功\",\"code\":200}',0,NULL,'2025-11-30 21:13:48',7),(482,'字典数据',1,'com.ruoyi.web.controller.system.SysDictDataController.add()','POST',1,'admin','研发部门','/system/dict/data','127.0.0.1','内网IP','{\"createBy\":\"admin\",\"default\":false,\"dictLabel\":\"自提\",\"dictSort\":3,\"dictType\":\"order_type\",\"dictValue\":\"3\",\"listClass\":\"primary\",\"params\":{},\"status\":\"0\"}','{\"msg\":\"操作成功\",\"code\":200}',0,NULL,'2025-11-30 21:13:57',8),(483,'字典类型',1,'com.ruoyi.web.controller.system.SysDictTypeController.add()','POST',1,'admin','研发部门','/system/dict/type','127.0.0.1','内网IP','{\"createBy\":\"admin\",\"dictName\":\"支付状态\",\"dictType\":\"pay_status\",\"params\":{},\"remark\":\"0:未支付,1:已支付,2:支付失败,3:退款中,4:已退款\",\"status\":\"0\"}','{\"msg\":\"操作成功\",\"code\":200}',0,NULL,'2025-11-30 21:15:06',9),(484,'字典数据',1,'com.ruoyi.web.controller.system.SysDictDataController.add()','POST',1,'admin','研发部门','/system/dict/data','127.0.0.1','内网IP','{\"createBy\":\"admin\",\"default\":false,\"dictLabel\":\"未支付\",\"dictSort\":0,\"dictType\":\"pay_status\",\"dictValue\":\"0\",\"listClass\":\"info\",\"params\":{},\"status\":\"0\"}','{\"msg\":\"操作成功\",\"code\":200}',0,NULL,'2025-11-30 21:15:30',7),(485,'字典数据',1,'com.ruoyi.web.controller.system.SysDictDataController.add()','POST',1,'admin','研发部门','/system/dict/data','127.0.0.1','内网IP','{\"createBy\":\"admin\",\"default\":false,\"dictLabel\":\"已支付\",\"dictSort\":1,\"dictType\":\"pay_status\",\"dictValue\":\"1\",\"listClass\":\"success\",\"params\":{},\"status\":\"0\"}','{\"msg\":\"操作成功\",\"code\":200}',0,NULL,'2025-11-30 21:15:52',6),(486,'字典数据',1,'com.ruoyi.web.controller.system.SysDictDataController.add()','POST',1,'admin','研发部门','/system/dict/data','127.0.0.1','内网IP','{\"createBy\":\"admin\",\"default\":false,\"dictLabel\":\"支付失败\",\"dictSort\":2,\"dictType\":\"pay_status\",\"dictValue\":\"2\",\"listClass\":\"warning\",\"params\":{},\"status\":\"0\"}','{\"msg\":\"操作成功\",\"code\":200}',0,NULL,'2025-11-30 21:16:10',8),(487,'字典数据',1,'com.ruoyi.web.controller.system.SysDictDataController.add()','POST',1,'admin','研发部门','/system/dict/data','127.0.0.1','内网IP','{\"createBy\":\"admin\",\"default\":false,\"dictLabel\":\"退款中\",\"dictSort\":3,\"dictType\":\"pay_status\",\"dictValue\":\"3\",\"listClass\":\"info\",\"params\":{},\"status\":\"0\"}','{\"msg\":\"操作成功\",\"code\":200}',0,NULL,'2025-11-30 21:16:40',7),(488,'字典数据',1,'com.ruoyi.web.controller.system.SysDictDataController.add()','POST',1,'admin','研发部门','/system/dict/data','127.0.0.1','内网IP','{\"createBy\":\"admin\",\"default\":false,\"dictLabel\":\"已退款\",\"dictSort\":4,\"dictType\":\"pay_status\",\"dictValue\":\"4\",\"listClass\":\"danger\",\"params\":{},\"status\":\"0\"}','{\"msg\":\"操作成功\",\"code\":200}',0,NULL,'2025-11-30 21:16:55',18),(489,'字典类型',9,'com.ruoyi.web.controller.system.SysDictTypeController.refreshCache()','DELETE',1,'admin','研发部门','/system/dict/type/refreshCache','127.0.0.1','内网IP','','{\"msg\":\"操作成功\",\"code\":200}',0,NULL,'2025-11-30 21:17:10',27),(490,'代码生成',2,'com.ruoyi.generator.controller.GenController.editSave()','PUT',1,'admin','研发部门','/tool/gen','127.0.0.1','内网IP','{\"businessName\":\"main\",\"className\":\"OrderMain\",\"columns\":[{\"capJavaField\":\"OrderId\",\"columnComment\":\"订单ID\",\"columnId\":40,\"columnName\":\"order_id\",\"columnType\":\"bigint(20)\",\"createBy\":\"admin\",\"createTime\":\"2025-11-11 08:10:56\",\"dictType\":\"\",\"edit\":false,\"htmlType\":\"input\",\"increment\":true,\"insert\":true,\"isIncrement\":\"1\",\"isInsert\":\"1\",\"isPk\":\"1\",\"isRequired\":\"0\",\"javaField\":\"orderId\",\"javaType\":\"Long\",\"list\":false,\"params\":{},\"pk\":true,\"query\":false,\"queryType\":\"EQ\",\"required\":false,\"sort\":1,\"superColumn\":false,\"tableId\":5,\"updateBy\":\"\",\"usableColumn\":false},{\"capJavaField\":\"OrderNo\",\"columnComment\":\"订单编号\",\"columnId\":41,\"columnName\":\"order_no\",\"columnType\":\"varchar(50)\",\"createBy\":\"admin\",\"createTime\":\"2025-11-11 08:10:56\",\"dictType\":\"\",\"edit\":true,\"htmlType\":\"input\",\"increment\":false,\"insert\":true,\"isEdit\":\"1\",\"isIncrement\":\"0\",\"isInsert\":\"1\",\"isList\":\"1\",\"isPk\":\"0\",\"isQuery\":\"1\",\"isRequired\":\"1\",\"javaField\":\"orderNo\",\"javaType\":\"String\",\"list\":true,\"params\":{},\"pk\":false,\"query\":true,\"queryType\":\"EQ\",\"required\":true,\"sort\":2,\"superColumn\":false,\"tableId\":5,\"updateBy\":\"\",\"usableColumn\":false},{\"capJavaField\":\"CustomerId\",\"columnComment\":\"顾客ID\",\"columnId\":42,\"columnName\":\"customer_id\",\"columnType\":\"bigint(20)\",\"createBy\":\"admin\",\"createTime\":\"2025-11-11 08:10:56\",\"dictType\":\"\",\"edit\":true,\"htmlType\":\"input\",\"increment\":false,\"insert\":true,\"isEdit\":\"1\",\"isIncrement\":\"0\",\"isInsert\":\"1\",\"isList\":\"1\",\"isPk\":\"0\",\"isQuery\":\"0\",\"isRequired\":\"0\",\"javaField\":\"customerId\",\"javaType\":\"Long\",\"list\":true,\"params\":{},\"pk\":false,\"query\":false,\"queryType\":\"EQ\",\"required\":false,\"sort\":3,\"superColumn\":false,\"tableId\":5,\"updateBy\":\"\",\"usableColumn\":false},{\"capJavaField\":\"CustomerName\",\"columnComment\":\"顾客姓名\",\"columnId\":43,\"columnName\":\"customer_name\",\"columnType\":\"varchar(50)\",\"createBy\":\"admin\",\"createTime\":\"2025-11-11 08:10:56\",\"dictType\":\"\",\"edit\":true,\"htmlType\":\"input\",\"increment\":false,\"insert\":true,\"isEdit\":\"1\",\"isIncrement\":\"0\",\"isInsert\":\"1\",\"isList\":\"1\",\"isPk\":\"0\",\"isQuery\":\"1','{\"msg\":\"操作成功\",\"code\":200}',0,NULL,'2025-11-30 21:18:06',45),(491,'代码生成',2,'com.ruoyi.generator.controller.GenController.editSave()','PUT',1,'admin','研发部门','/tool/gen','127.0.0.1','内网IP','{\"businessName\":\"main\",\"className\":\"OrderMain\",\"columns\":[{\"capJavaField\":\"OrderId\",\"columnComment\":\"订单ID\",\"columnId\":40,\"columnName\":\"order_id\",\"columnType\":\"bigint(20)\",\"createBy\":\"admin\",\"createTime\":\"2025-11-11 08:10:56\",\"dictType\":\"\",\"edit\":false,\"htmlType\":\"input\",\"increment\":true,\"insert\":true,\"isIncrement\":\"1\",\"isInsert\":\"1\",\"isPk\":\"1\",\"isRequired\":\"0\",\"javaField\":\"orderId\",\"javaType\":\"Long\",\"list\":false,\"params\":{},\"pk\":true,\"query\":false,\"queryType\":\"EQ\",\"required\":false,\"sort\":1,\"superColumn\":false,\"tableId\":5,\"updateBy\":\"\",\"updateTime\":\"2025-11-30 21:18:06\",\"usableColumn\":false},{\"capJavaField\":\"OrderNo\",\"columnComment\":\"订单编号\",\"columnId\":41,\"columnName\":\"order_no\",\"columnType\":\"varchar(50)\",\"createBy\":\"admin\",\"createTime\":\"2025-11-11 08:10:56\",\"dictType\":\"\",\"edit\":true,\"htmlType\":\"input\",\"increment\":false,\"insert\":true,\"isEdit\":\"1\",\"isIncrement\":\"0\",\"isInsert\":\"1\",\"isList\":\"1\",\"isPk\":\"0\",\"isQuery\":\"1\",\"isRequired\":\"1\",\"javaField\":\"orderNo\",\"javaType\":\"String\",\"list\":true,\"params\":{},\"pk\":false,\"query\":true,\"queryType\":\"EQ\",\"required\":true,\"sort\":2,\"superColumn\":false,\"tableId\":5,\"updateBy\":\"\",\"updateTime\":\"2025-11-30 21:18:06\",\"usableColumn\":false},{\"capJavaField\":\"CustomerId\",\"columnComment\":\"顾客ID\",\"columnId\":42,\"columnName\":\"customer_id\",\"columnType\":\"bigint(20)\",\"createBy\":\"admin\",\"createTime\":\"2025-11-11 08:10:56\",\"dictType\":\"\",\"edit\":true,\"htmlType\":\"input\",\"increment\":false,\"insert\":true,\"isEdit\":\"1\",\"isIncrement\":\"0\",\"isInsert\":\"1\",\"isList\":\"1\",\"isPk\":\"0\",\"isQuery\":\"0\",\"isRequired\":\"0\",\"javaField\":\"customerId\",\"javaType\":\"Long\",\"list\":true,\"params\":{},\"pk\":false,\"query\":false,\"queryType\":\"EQ\",\"required\":false,\"sort\":3,\"superColumn\":false,\"tableId\":5,\"updateBy\":\"\",\"updateTime\":\"2025-11-30 21:18:06\",\"usableColumn\":false},{\"capJavaField\":\"CustomerName\",\"columnComment\":\"顾客姓名\",\"columnId\":43,\"columnName\":\"customer_name\",\"columnType\":\"varchar(50)\",\"createBy\":\"admin\",\"createTime\":\"2025-11-11 08:10:56\",\"dictType\":\"\",\"edit\":true,\"htmlType\":\"input\",\"incremen','{\"msg\":\"操作成功\",\"code\":200}',0,NULL,'2025-11-30 21:18:56',57),(492,'代码生成',2,'com.ruoyi.generator.controller.GenController.editSave()','PUT',1,'admin','研发部门','/tool/gen','127.0.0.1','内网IP','{\"businessName\":\"main\",\"className\":\"OrderMain\",\"columns\":[{\"capJavaField\":\"OrderId\",\"columnComment\":\"订单ID\",\"columnId\":40,\"columnName\":\"order_id\",\"columnType\":\"bigint(20)\",\"createBy\":\"admin\",\"createTime\":\"2025-11-11 08:10:56\",\"dictType\":\"\",\"edit\":false,\"htmlType\":\"input\",\"increment\":true,\"insert\":true,\"isIncrement\":\"1\",\"isInsert\":\"1\",\"isPk\":\"1\",\"isRequired\":\"0\",\"javaField\":\"orderId\",\"javaType\":\"Long\",\"list\":false,\"params\":{},\"pk\":true,\"query\":false,\"queryType\":\"EQ\",\"required\":false,\"sort\":1,\"superColumn\":false,\"tableId\":5,\"updateBy\":\"\",\"updateTime\":\"2025-11-30 21:18:56\",\"usableColumn\":false},{\"capJavaField\":\"OrderNo\",\"columnComment\":\"订单编号\",\"columnId\":41,\"columnName\":\"order_no\",\"columnType\":\"varchar(50)\",\"createBy\":\"admin\",\"createTime\":\"2025-11-11 08:10:56\",\"dictType\":\"\",\"edit\":true,\"htmlType\":\"input\",\"increment\":false,\"insert\":true,\"isEdit\":\"1\",\"isIncrement\":\"0\",\"isInsert\":\"1\",\"isList\":\"1\",\"isPk\":\"0\",\"isQuery\":\"1\",\"isRequired\":\"1\",\"javaField\":\"orderNo\",\"javaType\":\"String\",\"list\":true,\"params\":{},\"pk\":false,\"query\":true,\"queryType\":\"EQ\",\"required\":true,\"sort\":2,\"superColumn\":false,\"tableId\":5,\"updateBy\":\"\",\"updateTime\":\"2025-11-30 21:18:56\",\"usableColumn\":false},{\"capJavaField\":\"CustomerId\",\"columnComment\":\"顾客ID\",\"columnId\":42,\"columnName\":\"customer_id\",\"columnType\":\"bigint(20)\",\"createBy\":\"admin\",\"createTime\":\"2025-11-11 08:10:56\",\"dictType\":\"\",\"edit\":true,\"htmlType\":\"input\",\"increment\":false,\"insert\":true,\"isEdit\":\"1\",\"isIncrement\":\"0\",\"isInsert\":\"1\",\"isList\":\"1\",\"isPk\":\"0\",\"isQuery\":\"0\",\"isRequired\":\"0\",\"javaField\":\"customerId\",\"javaType\":\"Long\",\"list\":true,\"params\":{},\"pk\":false,\"query\":false,\"queryType\":\"EQ\",\"required\":false,\"sort\":3,\"superColumn\":false,\"tableId\":5,\"updateBy\":\"\",\"updateTime\":\"2025-11-30 21:18:56\",\"usableColumn\":false},{\"capJavaField\":\"CustomerName\",\"columnComment\":\"顾客姓名\",\"columnId\":43,\"columnName\":\"customer_name\",\"columnType\":\"varchar(50)\",\"createBy\":\"admin\",\"createTime\":\"2025-11-11 08:10:56\",\"dictType\":\"\",\"edit\":true,\"htmlType\":\"input\",\"incremen','{\"msg\":\"操作成功\",\"code\":200}',0,NULL,'2025-11-30 21:24:54',38),(493,'代码生成',2,'com.ruoyi.generator.controller.GenController.editSave()','PUT',1,'admin','研发部门','/tool/gen','127.0.0.1','内网IP','{\"businessName\":\"detail\",\"className\":\"OrderDetail\",\"columns\":[{\"capJavaField\":\"DetailId\",\"columnComment\":\"详情ID\",\"columnId\":31,\"columnName\":\"detail_id\",\"columnType\":\"bigint(20)\",\"createBy\":\"admin\",\"createTime\":\"2025-11-11 08:10:56\",\"dictType\":\"\",\"edit\":false,\"htmlType\":\"input\",\"increment\":true,\"insert\":true,\"isIncrement\":\"1\",\"isInsert\":\"1\",\"isPk\":\"1\",\"isRequired\":\"0\",\"javaField\":\"detailId\",\"javaType\":\"Long\",\"list\":false,\"params\":{},\"pk\":true,\"query\":false,\"queryType\":\"EQ\",\"required\":false,\"sort\":1,\"superColumn\":false,\"tableId\":4,\"updateBy\":\"\",\"usableColumn\":false},{\"capJavaField\":\"OrderId\",\"columnComment\":\"订单ID\",\"columnId\":32,\"columnName\":\"order_id\",\"columnType\":\"bigint(20)\",\"createBy\":\"admin\",\"createTime\":\"2025-11-11 08:10:56\",\"dictType\":\"\",\"edit\":true,\"htmlType\":\"input\",\"increment\":false,\"insert\":true,\"isEdit\":\"1\",\"isIncrement\":\"0\",\"isInsert\":\"1\",\"isList\":\"1\",\"isPk\":\"0\",\"isQuery\":\"1\",\"isRequired\":\"1\",\"javaField\":\"orderId\",\"javaType\":\"Long\",\"list\":true,\"params\":{},\"pk\":false,\"query\":true,\"queryType\":\"EQ\",\"required\":true,\"sort\":2,\"superColumn\":false,\"tableId\":4,\"updateBy\":\"\",\"usableColumn\":false},{\"capJavaField\":\"ProductId\",\"columnComment\":\"产品ID\",\"columnId\":33,\"columnName\":\"product_id\",\"columnType\":\"bigint(20)\",\"createBy\":\"admin\",\"createTime\":\"2025-11-11 08:10:56\",\"dictType\":\"\",\"edit\":true,\"htmlType\":\"input\",\"increment\":false,\"insert\":true,\"isEdit\":\"1\",\"isIncrement\":\"0\",\"isInsert\":\"1\",\"isList\":\"1\",\"isPk\":\"0\",\"isQuery\":\"1\",\"isRequired\":\"1\",\"javaField\":\"productId\",\"javaType\":\"Long\",\"list\":true,\"params\":{},\"pk\":false,\"query\":true,\"queryType\":\"EQ\",\"required\":true,\"sort\":3,\"superColumn\":false,\"tableId\":4,\"updateBy\":\"\",\"usableColumn\":false},{\"capJavaField\":\"ProductName\",\"columnComment\":\"产品名称\",\"columnId\":34,\"columnName\":\"product_name\",\"columnType\":\"varchar(100)\",\"createBy\":\"admin\",\"createTime\":\"2025-11-11 08:10:56\",\"dictType\":\"\",\"edit\":true,\"htmlType\":\"input\",\"increment\":false,\"insert\":true,\"isEdit\":\"1\",\"isIncrement\":\"0\",\"isInsert\":\"1\",\"isList\":\"1\",\"isPk\":\"0\",\"isQuery\":\"1\",','{\"msg\":\"操作成功\",\"code\":200}',0,NULL,'2025-11-30 21:26:48',24),(494,'代码生成',2,'com.ruoyi.generator.controller.GenController.editSave()','PUT',1,'admin','研发部门','/tool/gen','127.0.0.1','内网IP','{\"businessName\":\"detail\",\"className\":\"PurchaseDetail\",\"columns\":[{\"capJavaField\":\"DetailId\",\"columnComment\":\"详情ID\",\"columnId\":100,\"columnName\":\"detail_id\",\"columnType\":\"bigint(20)\",\"createBy\":\"admin\",\"createTime\":\"2025-11-11 08:10:57\",\"dictType\":\"\",\"edit\":false,\"htmlType\":\"input\",\"increment\":true,\"insert\":true,\"isIncrement\":\"1\",\"isInsert\":\"1\",\"isPk\":\"1\",\"isRequired\":\"0\",\"javaField\":\"detailId\",\"javaType\":\"Long\",\"list\":false,\"params\":{},\"pk\":true,\"query\":false,\"queryType\":\"EQ\",\"required\":false,\"sort\":1,\"superColumn\":false,\"tableId\":11,\"updateBy\":\"\",\"usableColumn\":false},{\"capJavaField\":\"PurchaseId\",\"columnComment\":\"采购订单ID\",\"columnId\":101,\"columnName\":\"purchase_id\",\"columnType\":\"bigint(20)\",\"createBy\":\"admin\",\"createTime\":\"2025-11-11 08:10:57\",\"dictType\":\"\",\"edit\":true,\"htmlType\":\"input\",\"increment\":false,\"insert\":true,\"isEdit\":\"1\",\"isIncrement\":\"0\",\"isInsert\":\"1\",\"isList\":\"1\",\"isPk\":\"0\",\"isQuery\":\"1\",\"isRequired\":\"1\",\"javaField\":\"purchaseId\",\"javaType\":\"Long\",\"list\":true,\"params\":{},\"pk\":false,\"query\":true,\"queryType\":\"EQ\",\"required\":true,\"sort\":2,\"superColumn\":false,\"tableId\":11,\"updateBy\":\"\",\"usableColumn\":false},{\"capJavaField\":\"MaterialId\",\"columnComment\":\"原料ID\",\"columnId\":102,\"columnName\":\"material_id\",\"columnType\":\"bigint(20)\",\"createBy\":\"admin\",\"createTime\":\"2025-11-11 08:10:57\",\"dictType\":\"\",\"edit\":true,\"htmlType\":\"input\",\"increment\":false,\"insert\":true,\"isEdit\":\"1\",\"isIncrement\":\"0\",\"isInsert\":\"1\",\"isList\":\"1\",\"isPk\":\"0\",\"isQuery\":\"1\",\"isRequired\":\"1\",\"javaField\":\"materialId\",\"javaType\":\"Long\",\"list\":true,\"params\":{},\"pk\":false,\"query\":true,\"queryType\":\"EQ\",\"required\":true,\"sort\":3,\"superColumn\":false,\"tableId\":11,\"updateBy\":\"\",\"usableColumn\":false},{\"capJavaField\":\"MaterialName\",\"columnComment\":\"原料名称\",\"columnId\":103,\"columnName\":\"material_name\",\"columnType\":\"varchar(100)\",\"createBy\":\"admin\",\"createTime\":\"2025-11-11 08:10:57\",\"dictType\":\"\",\"edit\":true,\"htmlType\":\"input\",\"increment\":false,\"insert\":true,\"isEdit\":\"1\",\"isIncrement\":\"0\",\"isInsert\":\"1\",\"isList\":\"1\"','{\"msg\":\"操作成功\",\"code\":200}',0,NULL,'2025-11-30 21:28:05',28),(495,'代码生成',2,'com.ruoyi.generator.controller.GenController.editSave()','PUT',1,'admin','研发部门','/tool/gen','127.0.0.1','内网IP','{\"businessName\":\"detail\",\"className\":\"PurchaseDetail\",\"columns\":[{\"capJavaField\":\"DetailId\",\"columnComment\":\"详情ID\",\"columnId\":100,\"columnName\":\"detail_id\",\"columnType\":\"bigint(20)\",\"createBy\":\"admin\",\"createTime\":\"2025-11-11 08:10:57\",\"dictType\":\"\",\"edit\":false,\"htmlType\":\"input\",\"increment\":true,\"insert\":true,\"isIncrement\":\"1\",\"isInsert\":\"1\",\"isPk\":\"1\",\"isRequired\":\"0\",\"javaField\":\"detailId\",\"javaType\":\"Long\",\"list\":false,\"params\":{},\"pk\":true,\"query\":false,\"queryType\":\"EQ\",\"required\":false,\"sort\":1,\"superColumn\":false,\"tableId\":11,\"updateBy\":\"\",\"updateTime\":\"2025-11-30 21:28:05\",\"usableColumn\":false},{\"capJavaField\":\"PurchaseId\",\"columnComment\":\"采购订单ID\",\"columnId\":101,\"columnName\":\"purchase_id\",\"columnType\":\"bigint(20)\",\"createBy\":\"admin\",\"createTime\":\"2025-11-11 08:10:57\",\"dictType\":\"\",\"edit\":true,\"htmlType\":\"input\",\"increment\":false,\"insert\":true,\"isEdit\":\"1\",\"isIncrement\":\"0\",\"isInsert\":\"1\",\"isList\":\"1\",\"isPk\":\"0\",\"isQuery\":\"1\",\"isRequired\":\"1\",\"javaField\":\"purchaseId\",\"javaType\":\"Long\",\"list\":true,\"params\":{},\"pk\":false,\"query\":true,\"queryType\":\"EQ\",\"required\":true,\"sort\":2,\"superColumn\":false,\"tableId\":11,\"updateBy\":\"\",\"updateTime\":\"2025-11-30 21:28:05\",\"usableColumn\":false},{\"capJavaField\":\"MaterialId\",\"columnComment\":\"原料ID\",\"columnId\":102,\"columnName\":\"material_id\",\"columnType\":\"bigint(20)\",\"createBy\":\"admin\",\"createTime\":\"2025-11-11 08:10:57\",\"dictType\":\"\",\"edit\":true,\"htmlType\":\"input\",\"increment\":false,\"insert\":true,\"isEdit\":\"1\",\"isIncrement\":\"0\",\"isInsert\":\"1\",\"isList\":\"1\",\"isPk\":\"0\",\"isQuery\":\"1\",\"isRequired\":\"1\",\"javaField\":\"materialId\",\"javaType\":\"Long\",\"list\":true,\"params\":{},\"pk\":false,\"query\":true,\"queryType\":\"EQ\",\"required\":true,\"sort\":3,\"superColumn\":false,\"tableId\":11,\"updateBy\":\"\",\"updateTime\":\"2025-11-30 21:28:05\",\"usableColumn\":false},{\"capJavaField\":\"MaterialName\",\"columnComment\":\"原料名称\",\"columnId\":103,\"columnName\":\"material_name\",\"columnType\":\"varchar(100)\",\"createBy\":\"admin\",\"createTime\":\"2025-11-11 08:10:57\",\"dictType\":\"\",\"edit\":true,\"htm','{\"msg\":\"操作成功\",\"code\":200}',0,NULL,'2025-11-30 21:30:27',23),(496,'代码生成',2,'com.ruoyi.generator.controller.GenController.editSave()','PUT',1,'admin','研发部门','/tool/gen','127.0.0.1','内网IP','{\"businessName\":\"order\",\"className\":\"PurchaseOrder\",\"columns\":[{\"capJavaField\":\"PurchaseId\",\"columnComment\":\"采购订单ID\",\"columnId\":112,\"columnName\":\"purchase_id\",\"columnType\":\"bigint(20)\",\"createBy\":\"admin\",\"createTime\":\"2025-11-11 08:10:57\",\"dictType\":\"\",\"edit\":false,\"htmlType\":\"input\",\"increment\":true,\"insert\":true,\"isIncrement\":\"1\",\"isInsert\":\"1\",\"isPk\":\"1\",\"isRequired\":\"0\",\"javaField\":\"purchaseId\",\"javaType\":\"Long\",\"list\":false,\"params\":{},\"pk\":true,\"query\":false,\"queryType\":\"EQ\",\"required\":false,\"sort\":1,\"superColumn\":false,\"tableId\":12,\"updateBy\":\"\",\"usableColumn\":false},{\"capJavaField\":\"PurchaseNo\",\"columnComment\":\"采购单号\",\"columnId\":113,\"columnName\":\"purchase_no\",\"columnType\":\"varchar(50)\",\"createBy\":\"admin\",\"createTime\":\"2025-11-11 08:10:57\",\"dictType\":\"\",\"edit\":true,\"htmlType\":\"input\",\"increment\":false,\"insert\":true,\"isEdit\":\"1\",\"isIncrement\":\"0\",\"isInsert\":\"1\",\"isList\":\"1\",\"isPk\":\"0\",\"isQuery\":\"1\",\"isRequired\":\"1\",\"javaField\":\"purchaseNo\",\"javaType\":\"String\",\"list\":true,\"params\":{},\"pk\":false,\"query\":true,\"queryType\":\"EQ\",\"required\":true,\"sort\":2,\"superColumn\":false,\"tableId\":12,\"updateBy\":\"\",\"usableColumn\":false},{\"capJavaField\":\"SupplierId\",\"columnComment\":\"供应商ID\",\"columnId\":114,\"columnName\":\"supplier_id\",\"columnType\":\"bigint(20)\",\"createBy\":\"admin\",\"createTime\":\"2025-11-11 08:10:57\",\"dictType\":\"\",\"edit\":true,\"htmlType\":\"input\",\"increment\":false,\"insert\":true,\"isEdit\":\"1\",\"isIncrement\":\"0\",\"isInsert\":\"1\",\"isList\":\"1\",\"isPk\":\"0\",\"isQuery\":\"1\",\"isRequired\":\"1\",\"javaField\":\"supplierId\",\"javaType\":\"Long\",\"list\":true,\"params\":{},\"pk\":false,\"query\":true,\"queryType\":\"EQ\",\"required\":true,\"sort\":3,\"superColumn\":false,\"tableId\":12,\"updateBy\":\"\",\"usableColumn\":false},{\"capJavaField\":\"TotalAmount\",\"columnComment\":\"总金额\",\"columnId\":115,\"columnName\":\"total_amount\",\"columnType\":\"decimal(10,2)\",\"createBy\":\"admin\",\"createTime\":\"2025-11-11 08:10:57\",\"dictType\":\"\",\"edit\":true,\"htmlType\":\"input\",\"increment\":false,\"insert\":true,\"isEdit\":\"1\",\"isIncrement\":\"0\",\"isInsert\":\"1\",\"isLis','{\"msg\":\"操作成功\",\"code\":200}',0,NULL,'2025-11-30 21:32:13',26),(497,'字典类型',1,'com.ruoyi.web.controller.system.SysDictTypeController.add()','POST',1,'admin','研发部门','/system/dict/type','127.0.0.1','内网IP','{\"createBy\":\"admin\",\"dictName\":\"采购状态\",\"dictType\":\"purchase_status\",\"params\":{},\"remark\":\"1:待审核,2:已审核,3:采购中,4:已完成,5:已取消\",\"status\":\"0\"}','{\"msg\":\"操作成功\",\"code\":200}',0,NULL,'2025-11-30 21:32:53',8),(498,'字典数据',1,'com.ruoyi.web.controller.system.SysDictDataController.add()','POST',1,'admin','研发部门','/system/dict/data','127.0.0.1','内网IP','{\"createBy\":\"admin\",\"default\":false,\"dictLabel\":\"待审核\",\"dictSort\":1,\"dictType\":\"purchase_status\",\"dictValue\":\"1\",\"listClass\":\"info\",\"params\":{},\"status\":\"0\"}','{\"msg\":\"操作成功\",\"code\":200}',0,NULL,'2025-11-30 21:33:22',8),(499,'字典数据',1,'com.ruoyi.web.controller.system.SysDictDataController.add()','POST',1,'admin','研发部门','/system/dict/data','127.0.0.1','内网IP','{\"createBy\":\"admin\",\"default\":false,\"dictLabel\":\"已审核\",\"dictSort\":2,\"dictType\":\"purchase_status\",\"dictValue\":\"2\",\"listClass\":\"success\",\"params\":{},\"status\":\"0\"}','{\"msg\":\"操作成功\",\"code\":200}',0,NULL,'2025-11-30 21:33:35',7),(500,'字典数据',1,'com.ruoyi.web.controller.system.SysDictDataController.add()','POST',1,'admin','研发部门','/system/dict/data','127.0.0.1','内网IP','{\"createBy\":\"admin\",\"default\":false,\"dictLabel\":\"采购中\",\"dictSort\":3,\"dictType\":\"purchase_status\",\"dictValue\":\"3\",\"listClass\":\"info\",\"params\":{},\"status\":\"0\"}','{\"msg\":\"操作成功\",\"code\":200}',0,NULL,'2025-11-30 21:33:55',9),(501,'字典数据',1,'com.ruoyi.web.controller.system.SysDictDataController.add()','POST',1,'admin','研发部门','/system/dict/data','127.0.0.1','内网IP','{\"createBy\":\"admin\",\"default\":false,\"dictLabel\":\"已完成\",\"dictSort\":4,\"dictType\":\"purchase_status\",\"dictValue\":\"4\",\"listClass\":\"success\",\"params\":{},\"status\":\"0\"}','{\"msg\":\"操作成功\",\"code\":200}',0,NULL,'2025-11-30 21:34:11',7),(502,'字典数据',1,'com.ruoyi.web.controller.system.SysDictDataController.add()','POST',1,'admin','研发部门','/system/dict/data','127.0.0.1','内网IP','{\"createBy\":\"admin\",\"default\":false,\"dictLabel\":\"已取消\",\"dictSort\":5,\"dictType\":\"purchase_status\",\"dictValue\":\"5\",\"listClass\":\"danger\",\"params\":{},\"status\":\"0\"}','{\"msg\":\"操作成功\",\"code\":200}',0,NULL,'2025-11-30 21:34:24',7),(503,'代码生成',2,'com.ruoyi.generator.controller.GenController.editSave()','PUT',1,'admin','研发部门','/tool/gen','127.0.0.1','内网IP','{\"businessName\":\"order\",\"className\":\"PurchaseOrder\",\"columns\":[{\"capJavaField\":\"PurchaseId\",\"columnComment\":\"采购订单ID\",\"columnId\":112,\"columnName\":\"purchase_id\",\"columnType\":\"bigint(20)\",\"createBy\":\"admin\",\"createTime\":\"2025-11-11 08:10:57\",\"dictType\":\"\",\"edit\":false,\"htmlType\":\"input\",\"increment\":true,\"insert\":true,\"isIncrement\":\"1\",\"isInsert\":\"1\",\"isPk\":\"1\",\"isRequired\":\"0\",\"javaField\":\"purchaseId\",\"javaType\":\"Long\",\"list\":false,\"params\":{},\"pk\":true,\"query\":false,\"queryType\":\"EQ\",\"required\":false,\"sort\":1,\"superColumn\":false,\"tableId\":12,\"updateBy\":\"\",\"updateTime\":\"2025-11-30 21:32:13\",\"usableColumn\":false},{\"capJavaField\":\"PurchaseNo\",\"columnComment\":\"采购单号\",\"columnId\":113,\"columnName\":\"purchase_no\",\"columnType\":\"varchar(50)\",\"createBy\":\"admin\",\"createTime\":\"2025-11-11 08:10:57\",\"dictType\":\"\",\"edit\":true,\"htmlType\":\"input\",\"increment\":false,\"insert\":true,\"isEdit\":\"1\",\"isIncrement\":\"0\",\"isInsert\":\"1\",\"isList\":\"1\",\"isPk\":\"0\",\"isQuery\":\"1\",\"isRequired\":\"1\",\"javaField\":\"purchaseNo\",\"javaType\":\"String\",\"list\":true,\"params\":{},\"pk\":false,\"query\":true,\"queryType\":\"EQ\",\"required\":true,\"sort\":2,\"superColumn\":false,\"tableId\":12,\"updateBy\":\"\",\"updateTime\":\"2025-11-30 21:32:13\",\"usableColumn\":false},{\"capJavaField\":\"SupplierId\",\"columnComment\":\"供应商ID\",\"columnId\":114,\"columnName\":\"supplier_id\",\"columnType\":\"bigint(20)\",\"createBy\":\"admin\",\"createTime\":\"2025-11-11 08:10:57\",\"dictType\":\"\",\"edit\":true,\"htmlType\":\"input\",\"increment\":false,\"insert\":true,\"isEdit\":\"1\",\"isIncrement\":\"0\",\"isInsert\":\"1\",\"isList\":\"1\",\"isPk\":\"0\",\"isQuery\":\"1\",\"isRequired\":\"1\",\"javaField\":\"supplierId\",\"javaType\":\"Long\",\"list\":true,\"params\":{},\"pk\":false,\"query\":true,\"queryType\":\"EQ\",\"required\":true,\"sort\":3,\"superColumn\":false,\"tableId\":12,\"updateBy\":\"\",\"updateTime\":\"2025-11-30 21:32:13\",\"usableColumn\":false},{\"capJavaField\":\"TotalAmount\",\"columnComment\":\"总金额\",\"columnId\":115,\"columnName\":\"total_amount\",\"columnType\":\"decimal(10,2)\",\"createBy\":\"admin\",\"createTime\":\"2025-11-11 08:10:57\",\"dictType\":\"\",\"edit\":tru','{\"msg\":\"操作成功\",\"code\":200}',0,NULL,'2025-11-30 21:34:57',28),(504,'代码生成',8,'com.ruoyi.generator.controller.GenController.batchGenCode()','GET',1,'admin','研发部门','/tool/gen/batchGenCode','127.0.0.1','内网IP','{\"tables\":\"order_status_history,purchase_detail,purchase_order,order_detail,order_main,customer\"}',NULL,0,NULL,'2025-11-30 21:39:00',883),(505,'菜单管理',2,'com.ruoyi.web.controller.system.SysMenuController.edit()','PUT',1,'admin','研发部门','/system/menu','127.0.0.1','内网IP','{\"children\":[],\"component\":\"report/index\",\"createTime\":\"2025-11-30 00:06:38\",\"icon\":\"chart\",\"isCache\":\"0\",\"isFrame\":\"1\",\"menuId\":2110,\"menuName\":\"信息总览\",\"menuType\":\"C\",\"orderNum\":1,\"params\":{},\"parentId\":2012,\"path\":\"index\",\"perms\":\"report:dashboard:list\",\"query\":\"\",\"routeName\":\"\",\"status\":\"0\",\"updateBy\":\"admin\",\"visible\":\"0\"}','{\"msg\":\"操作成功\",\"code\":200}',0,NULL,'2025-12-01 07:39:23',38),(506,'顾客',2,'com.ruoyi.order.controller.CustomerController.edit()','PUT',1,'admin','研发部门','/order/customer','127.0.0.1','内网IP','{\"avatar\":\"/profile/upload/2025/12/01/logo_20251201074521A001.png\",\"createTime\":\"2025-11-10 21:32:12\",\"customerId\":8001,\"customerName\":\"张三\",\"memberLevel\":2,\"params\":{},\"phone\":\"13812345678\",\"points\":120,\"totalConsume\":120,\"updateTime\":\"2025-12-01 07:45:23\"}','{\"msg\":\"操作成功\",\"code\":200}',0,NULL,'2025-12-01 07:45:23',9),(507,'顾客',2,'com.ruoyi.order.controller.CustomerController.edit()','PUT',1,'admin','研发部门','/order/customer','127.0.0.1','内网IP','{\"avatar\":\"/profile/upload/2025/12/01/Snipaste_2024-11-18_17-50-24_20251201074529A002.png\",\"createTime\":\"2025-11-10 21:32:12\",\"customerId\":8002,\"customerName\":\"李四\",\"memberLevel\":1,\"params\":{},\"phone\":\"13887654321\",\"points\":50,\"totalConsume\":50,\"updateTime\":\"2025-12-01 07:45:30\"}','{\"msg\":\"操作成功\",\"code\":200}',0,NULL,'2025-12-01 07:45:30',21),(508,'菜单管理',2,'com.ruoyi.web.controller.system.SysMenuController.edit()','PUT',1,'admin','研发部门','/system/menu','127.0.0.1','内网IP','{\"children\":[],\"component\":\"order/main/index\",\"createTime\":\"2025-11-30 21:41:35\",\"icon\":\"#\",\"isCache\":\"0\",\"isFrame\":\"1\",\"menuId\":2135,\"menuName\":\"客户订单\",\"menuType\":\"C\",\"orderNum\":0,\"params\":{},\"parentId\":2010,\"path\":\"main\",\"perms\":\"order:main:list\",\"routeName\":\"\",\"status\":\"0\",\"updateBy\":\"admin\",\"visible\":\"0\"}','{\"msg\":\"操作成功\",\"code\":200}',0,NULL,'2025-12-01 07:46:11',18),(509,'客户订单',2,'com.ruoyi.order.controller.OrderMainController.edit()','PUT',1,'admin','研发部门','/order/main','127.0.0.1','内网IP','{\"actualAmount\":12,\"completionTime\":\"2025-11-10\",\"createTime\":\"2025-11-10 21:32:12\",\"customerId\":8001,\"customerName\":\"张三\",\"customerPhone\":\"13812345678\",\"discountAmount\":0,\"operatorId\":1,\"orderDetailList\":[{\"createTime\":\"2025-11-10 21:32:12\",\"customization\":\"少冰\",\"detailId\":10001,\"orderId\":9001,\"params\":{},\"price\":12,\"productId\":1001,\"productName\":\"原味珍珠奶茶\",\"quantity\":1,\"subtotal\":12}],\"orderId\":9001,\"orderNo\":\"ORD-20240101001\",\"orderType\":1,\"params\":{},\"paymentStatus\":1,\"paymentTime\":\"2025-11-10\",\"paymentType\":1,\"remark\":\"少冰\",\"status\":8,\"tableNo\":\"A01\",\"totalAmount\":12,\"updateTime\":\"2025-12-01 08:05:32\"}','{\"msg\":\"操作成功\",\"code\":200}',0,NULL,'2025-12-01 08:05:32',41),(510,'客户订单',2,'com.ruoyi.order.controller.OrderMainController.edit()','PUT',1,'admin','研发部门','/order/main','127.0.0.1','内网IP','{\"actualAmount\":15,\"completionTime\":\"2025-11-10\",\"createTime\":\"2025-11-10 21:32:12\",\"customerId\":8002,\"customerName\":\"李四\",\"customerPhone\":\"13887654321\",\"deliveryAddress\":\"深圳市南山区科技园\",\"discountAmount\":0,\"operatorId\":1,\"orderDetailList\":[{\"createTime\":\"2025-11-10 21:32:12\",\"customization\":\"正常\",\"detailId\":10002,\"orderId\":9002,\"params\":{},\"price\":15,\"productId\":1002,\"productName\":\"草莓果茶\",\"quantity\":1,\"subtotal\":15}],\"orderId\":9002,\"orderNo\":\"ORD-20240101002\",\"orderType\":2,\"params\":{},\"paymentStatus\":1,\"paymentTime\":\"2025-11-10\",\"paymentType\":2,\"remark\":\"正常\",\"status\":7,\"totalAmount\":15,\"updateTime\":\"2025-12-01 13:13:13\"}','{\"msg\":\"操作成功\",\"code\":200}',0,NULL,'2025-12-01 13:13:13',101),(511,'客户订单',2,'com.ruoyi.order.controller.OrderMainController.edit()','PUT',1,'admin','研发部门','/order/main','127.0.0.1','内网IP','{\"actualAmount\":15,\"completionTime\":\"2025-11-10\",\"createTime\":\"2025-11-10 21:32:12\",\"customerId\":8002,\"customerName\":\"李四\",\"customerPhone\":\"13887654321\",\"deliveryAddress\":\"深圳市南山区科技园\",\"discountAmount\":0,\"operatorId\":1,\"orderDetailList\":[{\"createTime\":\"2025-11-10 21:32:12\",\"customization\":\"正常\",\"detailId\":10002,\"orderId\":9002,\"params\":{},\"price\":15,\"productId\":1002,\"productName\":\"草莓果茶\",\"quantity\":1,\"subtotal\":15}],\"orderId\":9002,\"orderNo\":\"ORD-20240101002\",\"orderType\":2,\"params\":{},\"paymentStatus\":1,\"paymentTime\":\"2025-11-10\",\"paymentType\":2,\"remark\":\"正常\",\"status\":7,\"totalAmount\":15,\"updateTime\":\"2025-12-01 13:13:17\"}','{\"msg\":\"操作成功\",\"code\":200}',0,NULL,'2025-12-01 13:13:17',22),(512,'客户订单',2,'com.ruoyi.order.controller.OrderMainController.edit()','PUT',1,'admin','研发部门','/order/main','127.0.0.1','内网IP','{\"actualAmount\":15,\"completionTime\":\"2025-11-10\",\"createTime\":\"2025-11-10 21:32:12\",\"customerId\":8002,\"customerName\":\"李四\",\"customerPhone\":\"13887654321\",\"deliveryAddress\":\"深圳市南山区科技园\",\"discountAmount\":0,\"operatorId\":1,\"orderDetailList\":[{\"createTime\":\"2025-11-10 21:32:12\",\"customization\":\"正常\",\"detailId\":10002,\"orderId\":9002,\"params\":{},\"price\":15,\"productId\":1002,\"productName\":\"草莓果茶\",\"quantity\":1,\"subtotal\":15}],\"orderId\":9002,\"orderNo\":\"ORD-20240101002\",\"orderType\":2,\"params\":{},\"paymentStatus\":1,\"paymentTime\":\"2025-11-10\",\"paymentType\":2,\"remark\":\"正常\",\"status\":7,\"totalAmount\":15,\"updateTime\":\"2025-12-01 13:13:27\"}','{\"msg\":\"操作成功\",\"code\":200}',0,NULL,'2025-12-01 13:13:27',12),(513,'客户订单',2,'com.ruoyi.order.controller.OrderMainController.edit()','PUT',1,'admin','研发部门','/order/main','127.0.0.1','内网IP','{\"actualAmount\":15,\"completionTime\":\"2025-11-10\",\"createTime\":\"2025-11-10 21:32:12\",\"customerId\":8002,\"customerName\":\"李四\",\"customerPhone\":\"13887654321\",\"deliveryAddress\":\"深圳市南山区科技园\",\"discountAmount\":0,\"operatorId\":1,\"orderDetailList\":[{\"createTime\":\"2025-11-10 21:32:12\",\"customization\":\"正常\",\"detailId\":10002,\"orderId\":9002,\"params\":{},\"price\":15,\"productId\":1002,\"productName\":\"草莓果茶\",\"quantity\":1,\"subtotal\":15}],\"orderId\":9002,\"orderNo\":\"ORD-20240101002\",\"orderType\":2,\"params\":{},\"paymentStatus\":1,\"paymentTime\":\"2025-11-10\",\"paymentType\":2,\"remark\":\"正常\",\"status\":7,\"totalAmount\":15,\"updateTime\":\"2025-12-01 13:19:11\"}','{\"msg\":\"操作成功\",\"code\":200}',0,NULL,'2025-12-01 13:19:11',16),(514,'客户订单',2,'com.ruoyi.order.controller.OrderMainController.edit()','PUT',1,'admin','研发部门','/order/main','127.0.0.1','内网IP','{\"actualAmount\":19,\"completionTime\":\"2025-11-10\",\"createTime\":\"2025-11-10 21:32:12\",\"customerId\":8009,\"customerName\":\"钱一\",\"customerPhone\":\"13512345678\",\"discountAmount\":0,\"operatorId\":1,\"orderDetailList\":[{\"createTime\":\"2025-11-10 21:32:12\",\"customization\":\"少奶盖\",\"detailId\":10009,\"orderId\":9009,\"params\":{},\"price\":19,\"productId\":1009,\"productName\":\"蓝莓奶盖茶\",\"quantity\":1,\"subtotal\":19}],\"orderId\":9009,\"orderNo\":\"ORD-20240101009\",\"orderType\":3,\"params\":{},\"paymentStatus\":1,\"paymentTime\":\"2025-11-10\",\"paymentType\":3,\"remark\":\"少奶盖\",\"status\":3,\"totalAmount\":19,\"updateTime\":\"2025-12-01 18:19:24\"}','{\"msg\":\"操作成功\",\"code\":200}',0,NULL,'2025-12-01 18:19:24',50),(515,'客户订单',2,'com.ruoyi.order.controller.OrderMainController.edit()','PUT',1,'admin','研发部门','/order/main','127.0.0.1','内网IP','{\"actualAmount\":15,\"completionTime\":\"2025-11-10\",\"createTime\":\"2025-11-10 21:32:12\",\"customerId\":8007,\"customerName\":\"吴九\",\"customerPhone\":\"13612345678\",\"discountAmount\":2,\"operatorId\":1,\"orderDetailList\":[{\"createTime\":\"2025-11-10 21:32:12\",\"customization\":\"多冰\",\"detailId\":10007,\"orderId\":9007,\"params\":{},\"price\":17,\"productId\":1007,\"productName\":\"焦糖咖啡\",\"quantity\":1,\"subtotal\":17}],\"orderId\":9007,\"orderNo\":\"ORD-20240101007\",\"orderType\":1,\"params\":{},\"paymentStatus\":1,\"paymentTime\":\"2025-11-10\",\"paymentType\":1,\"remark\":\"多冰\",\"status\":1,\"tableNo\":\"C03\",\"totalAmount\":17,\"updateTime\":\"2025-12-01 18:20:38\"}','{\"msg\":\"操作成功\",\"code\":200}',0,NULL,'2025-12-01 18:20:38',11),(516,'客户订单',2,'com.ruoyi.order.controller.OrderMainController.edit()','PUT',1,'admin','研发部门','/order/main','127.0.0.1','内网IP','{\"actualAmount\":14,\"completionTime\":\"2025-11-10\",\"createTime\":\"2025-11-10 21:32:12\",\"customerId\":8004,\"customerName\":\"赵六\",\"customerPhone\":\"13987654321\",\"discountAmount\":0,\"operatorId\":1,\"orderDetailList\":[{\"createTime\":\"2025-11-10 21:32:12\",\"customization\":\"常温\",\"detailId\":10004,\"orderId\":9004,\"params\":{},\"price\":14,\"productId\":1004,\"productName\":\"柠檬冷泡茶\",\"quantity\":1,\"subtotal\":14}],\"orderId\":9004,\"orderNo\":\"ORD-20240101004\",\"orderType\":1,\"params\":{},\"paymentStatus\":0,\"paymentTime\":\"2025-11-10\",\"paymentType\":3,\"remark\":\"常温\",\"status\":6,\"tableNo\":\"B02\",\"totalAmount\":14,\"updateTime\":\"2025-12-01 18:21:01\"}','{\"msg\":\"操作成功\",\"code\":200}',0,NULL,'2025-12-01 18:21:01',17),(517,'客户订单',2,'com.ruoyi.order.controller.OrderMainController.edit()','PUT',1,'admin','研发部门','/order/main','127.0.0.1','内网IP','{\"actualAmount\":16,\"completionTime\":\"2025-11-10\",\"createTime\":\"2025-11-10 21:32:12\",\"customerId\":8003,\"customerName\":\"王五\",\"customerPhone\":\"13912345678\",\"discountAmount\":2,\"operatorId\":1,\"orderDetailList\":[{\"createTime\":\"2025-11-10 21:32:12\",\"customization\":\"多芝士\",\"detailId\":10003,\"orderId\":9003,\"params\":{},\"price\":18,\"productId\":1003,\"productName\":\"芝士奶盖绿茶\",\"quantity\":1,\"subtotal\":18}],\"orderId\":9003,\"orderNo\":\"ORD-20240101003\",\"orderType\":3,\"params\":{},\"paymentStatus\":3,\"paymentTime\":\"2025-11-10\",\"paymentType\":1,\"remark\":\"多芝士\",\"status\":4,\"totalAmount\":18,\"updateTime\":\"2025-12-01 18:21:19\"}','{\"msg\":\"操作成功\",\"code\":200}',0,NULL,'2025-12-01 18:21:19',15),(518,'菜单管理',3,'com.ruoyi.web.controller.system.SysMenuController.remove()','DELETE',1,'admin','研发部门','/system/menu/2129','127.0.0.1','内网IP','2129','{\"msg\":\"存在子菜单,不允许删除\",\"code\":601}',0,NULL,'2025-12-01 20:25:13',6),(519,'菜单管理',3,'com.ruoyi.web.controller.system.SysMenuController.remove()','DELETE',1,'admin','研发部门','/system/menu/2130','127.0.0.1','内网IP','2130','{\"msg\":\"操作成功\",\"code\":200}',0,NULL,'2025-12-01 20:25:22',24),(520,'菜单管理',3,'com.ruoyi.web.controller.system.SysMenuController.remove()','DELETE',1,'admin','研发部门','/system/menu/2131','127.0.0.1','内网IP','2131','{\"msg\":\"操作成功\",\"code\":200}',0,NULL,'2025-12-01 20:25:25',14),(521,'菜单管理',3,'com.ruoyi.web.controller.system.SysMenuController.remove()','DELETE',1,'admin','研发部门','/system/menu/2132','127.0.0.1','内网IP','2132','{\"msg\":\"操作成功\",\"code\":200}',0,NULL,'2025-12-01 20:25:29',10),(522,'菜单管理',3,'com.ruoyi.web.controller.system.SysMenuController.remove()','DELETE',1,'admin','研发部门','/system/menu/2133','127.0.0.1','内网IP','2133','{\"msg\":\"操作成功\",\"code\":200}',0,NULL,'2025-12-01 20:25:32',21),(523,'菜单管理',3,'com.ruoyi.web.controller.system.SysMenuController.remove()','DELETE',1,'admin','研发部门','/system/menu/2134','127.0.0.1','内网IP','2134','{\"msg\":\"操作成功\",\"code\":200}',0,NULL,'2025-12-01 20:25:35',16),(524,'菜单管理',3,'com.ruoyi.web.controller.system.SysMenuController.remove()','DELETE',1,'admin','研发部门','/system/menu/2129','127.0.0.1','内网IP','2129','{\"msg\":\"操作成功\",\"code\":200}',0,NULL,'2025-12-01 20:25:42',5),(525,'客户订单',2,'com.ruoyi.order.controller.OrderMainController.edit()','PUT',1,'admin','研发部门','/order/main','127.0.0.1','内网IP','{\"actualAmount\":14,\"completionTime\":\"2025-12-01\",\"createTime\":\"2025-11-10 21:32:12\",\"customerId\":8004,\"customerName\":\"赵六\",\"customerPhone\":\"13987654321\",\"discountAmount\":0,\"operatorId\":1,\"orderDetailList\":[{\"createTime\":\"2025-11-10 21:32:12\",\"customization\":\"常温\",\"detailId\":10004,\"orderId\":9004,\"params\":{},\"price\":14,\"productId\":1004,\"productName\":\"柠檬冷泡茶\",\"quantity\":1,\"subtotal\":14}],\"orderId\":9004,\"orderNo\":\"ORD-20240101004\",\"orderType\":1,\"params\":{},\"paymentStatus\":0,\"paymentTime\":\"2025-11-10\",\"paymentType\":3,\"remark\":\"常温\",\"status\":8,\"tableNo\":\"B02\",\"totalAmount\":14,\"updateTime\":\"2025-12-01 21:01:53\"}','{\"msg\":\"操作成功\",\"code\":200}',0,NULL,'2025-12-01 21:01:54',66),(526,'客户订单',1,'com.ruoyi.order.controller.OrderMainController.add()','POST',1,'admin','研发部门','/order/main','127.0.0.1','内网IP','{\"actualAmount\":1,\"createTime\":\"2025-12-01 22:28:24\",\"customerId\":1,\"customerName\":\"1\",\"customerPhone\":\"1\",\"discountAmount\":1,\"orderDetailList\":[],\"orderNo\":\"1\",\"orderType\":1,\"params\":{},\"paymentStatus\":0,\"paymentTime\":\"2025-12-01\",\"paymentType\":1,\"status\":1,\"tableNo\":\"1\",\"totalAmount\":1}',NULL,1,'\r\n### Error updating database.  Cause: java.sql.SQLException: Field \'update_time\' doesn\'t have a default value\r\n### The error may exist in file [D:\\workspace\\idea\\MTOI\\ruoyi-order\\target\\classes\\mapper\\order\\OrderMainMapper.xml]\r\n### The error may involve com.ruoyi.order.mapper.OrderMainMapper.insertOrderMain-Inline\r\n### The error occurred while setting parameters\r\n### SQL: insert into order_main          ( order_no,             customer_id,             customer_name,             customer_phone,             total_amount,             actual_amount,             discount_amount,             order_type,             status,             payment_status,             payment_type,             table_no,                                                    create_time )           values ( ?,             ?,             ?,             ?,             ?,             ?,             ?,             ?,             ?,             ?,             ?,             ?,                                                    ? )\r\n### Cause: java.sql.SQLException: Field \'update_time\' doesn\'t have a default value\n; Field \'update_time\' doesn\'t have a default value; nested exception is java.sql.SQLException: Field \'update_time\' doesn\'t have a default value','2025-12-01 22:28:24',185),(527,'客户订单',1,'com.ruoyi.order.controller.OrderMainController.add()','POST',1,'admin','研发部门','/order/main','127.0.0.1','内网IP','{\"actualAmount\":1,\"createTime\":\"2025-12-01 22:28:29\",\"customerId\":1,\"customerName\":\"1\",\"customerPhone\":\"1\",\"discountAmount\":1,\"orderDetailList\":[],\"orderNo\":\"1\",\"orderType\":1,\"params\":{},\"paymentStatus\":0,\"paymentTime\":\"2025-12-01\",\"paymentType\":1,\"status\":1,\"tableNo\":\"1\",\"totalAmount\":1}',NULL,1,'\r\n### Error updating database.  Cause: java.sql.SQLException: Field \'update_time\' doesn\'t have a default value\r\n### The error may exist in file [D:\\workspace\\idea\\MTOI\\ruoyi-order\\target\\classes\\mapper\\order\\OrderMainMapper.xml]\r\n### The error may involve com.ruoyi.order.mapper.OrderMainMapper.insertOrderMain-Inline\r\n### The error occurred while setting parameters\r\n### SQL: insert into order_main          ( order_no,             customer_id,             customer_name,             customer_phone,             total_amount,             actual_amount,             discount_amount,             order_type,             status,             payment_status,             payment_type,             table_no,                                                    create_time )           values ( ?,             ?,             ?,             ?,             ?,             ?,             ?,             ?,             ?,             ?,             ?,             ?,                                                    ? )\r\n### Cause: java.sql.SQLException: Field \'update_time\' doesn\'t have a default value\n; Field \'update_time\' doesn\'t have a default value; nested exception is java.sql.SQLException: Field \'update_time\' doesn\'t have a default value','2025-12-01 22:28:29',10),(528,'客户订单',1,'com.ruoyi.order.controller.OrderMainController.add()','POST',1,'admin','研发部门','/order/main','127.0.0.1','内网IP','{\"actualAmount\":1,\"createTime\":\"2025-12-01 22:29:31\",\"customerId\":1,\"customerName\":\"1\",\"customerPhone\":\"1\",\"discountAmount\":1,\"orderDetailList\":[],\"orderNo\":\"1\",\"orderType\":1,\"params\":{},\"paymentStatus\":0,\"paymentTime\":\"2025-12-01\",\"paymentType\":1,\"status\":1,\"tableNo\":\"1\",\"totalAmount\":1}',NULL,1,'\r\n### Error updating database.  Cause: java.sql.SQLException: Field \'update_time\' doesn\'t have a default value\r\n### The error may exist in file [D:\\workspace\\idea\\MTOI\\ruoyi-order\\target\\classes\\mapper\\order\\OrderMainMapper.xml]\r\n### The error may involve com.ruoyi.order.mapper.OrderMainMapper.insertOrderMain-Inline\r\n### The error occurred while setting parameters\r\n### SQL: insert into order_main          ( order_no,             customer_id,             customer_name,             customer_phone,             total_amount,             actual_amount,             discount_amount,             order_type,             status,             payment_status,             payment_type,             table_no,                                                    create_time )           values ( ?,             ?,             ?,             ?,             ?,             ?,             ?,             ?,             ?,             ?,             ?,             ?,                                                    ? )\r\n### Cause: java.sql.SQLException: Field \'update_time\' doesn\'t have a default value\n; Field \'update_time\' doesn\'t have a default value; nested exception is java.sql.SQLException: Field \'update_time\' doesn\'t have a default value','2025-12-01 22:29:31',6),(529,'采购明细',1,'com.ruoyi.purchase.controller.PurchaseDetailController.add()','POST',1,'admin','研发部门','/purchase/detail','127.0.0.1','内网IP','{\"actualQuantity\":20,\"amount\":1600,\"createTime\":\"2025-12-01 22:32:10\",\"detailId\":15011,\"materialId\":4009,\"materialName\":\"咖啡粉\",\"params\":{},\"purchaseId\":14001,\"quantity\":20,\"unit\":\"包\",\"unitPrice\":80}','{\"msg\":\"操作成功\",\"code\":200}',0,NULL,'2025-12-01 22:32:10',24),(530,'采购明细',2,'com.ruoyi.purchase.controller.PurchaseDetailController.edit()','PUT',1,'admin','研发部门','/purchase/detail','127.0.0.1','内网IP','{\"actualQuantity\":20,\"amount\":1600,\"createTime\":\"2025-12-01 22:32:10\",\"detailId\":15011,\"materialId\":4009,\"materialName\":\"咖啡粉\",\"params\":{},\"purchaseId\":14001,\"quantity\":20,\"unit\":\"包\",\"unitPrice\":80,\"updateTime\":\"2025-12-01 22:32:17\"}','{\"msg\":\"操作成功\",\"code\":200}',0,NULL,'2025-12-01 22:32:17',16),(531,'采购明细',3,'com.ruoyi.purchase.controller.PurchaseDetailController.remove()','DELETE',1,'admin','研发部门','/purchase/detail/15011','127.0.0.1','内网IP','[15011]','{\"msg\":\"操作成功\",\"code\":200}',0,NULL,'2025-12-01 22:32:20',16),(532,'客户订单',1,'com.ruoyi.order.controller.OrderMainController.add()','POST',1,'admin','研发部门','/order/main','127.0.0.1','内网IP','{\"actualAmount\":1,\"createTime\":\"2025-12-01 22:45:28\",\"customerName\":\"张三\",\"customerPhone\":\"1\",\"deliveryAddress\":\"1\",\"discountAmount\":1,\"orderDetailList\":[],\"orderNo\":\"ORD-20251201737\",\"orderType\":2,\"params\":{},\"paymentStatus\":1,\"paymentTime\":\"2025-12-01\",\"paymentType\":1,\"remark\":\"1\",\"status\":2,\"totalAmount\":1}',NULL,1,'\r\n### Error updating database.  Cause: java.sql.SQLException: Field \'update_time\' doesn\'t have a default value\r\n### The error may exist in file [D:\\workspace\\idea\\MTOI\\ruoyi-order\\target\\classes\\mapper\\order\\OrderMainMapper.xml]\r\n### The error may involve com.ruoyi.order.mapper.OrderMainMapper.insertOrderMain-Inline\r\n### The error occurred while setting parameters\r\n### SQL: insert into order_main          ( order_no,                          customer_name,             customer_phone,             total_amount,             actual_amount,             discount_amount,             order_type,             status,             payment_status,             payment_type,                          delivery_address,             remark,                          create_time )           values ( ?,                          ?,             ?,             ?,             ?,             ?,             ?,             ?,             ?,             ?,                          ?,             ?,                          ? )\r\n### Cause: java.sql.SQLException: Field \'update_time\' doesn\'t have a default value\n; Field \'update_time\' doesn\'t have a default value; nested exception is java.sql.SQLException: Field \'update_time\' doesn\'t have a default value','2025-12-01 22:45:28',27),(533,'客户订单',1,'com.ruoyi.order.controller.OrderMainController.add()','POST',1,'admin','研发部门','/order/main','127.0.0.1','内网IP','{\"actualAmount\":8,\"createTime\":\"2025-12-01 23:01:39\",\"customerName\":\"张三\",\"customerPhone\":\"1\",\"discountAmount\":4,\"orderDetailList\":[],\"orderNo\":\"ORD-20251201286\",\"orderType\":1,\"params\":{},\"paymentStatus\":0,\"paymentTime\":\"2025-12-01\",\"paymentType\":2,\"status\":1,\"tableNo\":\"A1\",\"totalAmount\":12}',NULL,1,'\r\n### Error updating database.  Cause: java.sql.SQLException: Field \'update_time\' doesn\'t have a default value\r\n### The error may exist in file [D:\\workspace\\idea\\MTOI\\ruoyi-order\\target\\classes\\mapper\\order\\OrderMainMapper.xml]\r\n### The error may involve com.ruoyi.order.mapper.OrderMainMapper.insertOrderMain-Inline\r\n### The error occurred while setting parameters\r\n### SQL: insert into order_main          ( order_no,                          customer_name,             customer_phone,             total_amount,             actual_amount,             discount_amount,             order_type,             status,             payment_status,             payment_type,             table_no,                                                    create_time )           values ( ?,                          ?,             ?,             ?,             ?,             ?,             ?,             ?,             ?,             ?,             ?,                                                    ? )\r\n### Cause: java.sql.SQLException: Field \'update_time\' doesn\'t have a default value\n; Field \'update_time\' doesn\'t have a default value; nested exception is java.sql.SQLException: Field \'update_time\' doesn\'t have a default value','2025-12-01 23:01:39',24),(534,'客户订单',1,'com.ruoyi.order.controller.OrderMainController.add()','POST',1,'admin','研发部门','/order/main','127.0.0.1','内网IP','{\"actualAmount\":1,\"createTime\":\"2025-12-01 23:08:04\",\"customerId\":1,\"customerName\":\"1\",\"customerPhone\":\"1\",\"discountAmount\":1,\"orderDetailList\":[],\"orderNo\":\"ORD-20251201114\",\"orderType\":1,\"params\":{},\"paymentStatus\":4,\"paymentTime\":\"2025-12-01\",\"status\":5,\"tableNo\":\"1\",\"totalAmount\":1}',NULL,1,'\r\n### Error updating database.  Cause: java.sql.SQLException: Field \'update_time\' doesn\'t have a default value\r\n### The error may exist in file [D:\\workspace\\idea\\MTOI\\ruoyi-order\\target\\classes\\mapper\\order\\OrderMainMapper.xml]\r\n### The error may involve com.ruoyi.order.mapper.OrderMainMapper.insertOrderMain-Inline\r\n### The error occurred while setting parameters\r\n### SQL: insert into order_main          ( order_no,             customer_id,             customer_name,             customer_phone,             total_amount,             actual_amount,             discount_amount,             order_type,             status,             payment_status,                          table_no,                                                    create_time )           values ( ?,             ?,             ?,             ?,             ?,             ?,             ?,             ?,             ?,             ?,                          ?,                                                    ? )\r\n### Cause: java.sql.SQLException: Field \'update_time\' doesn\'t have a default value\n; Field \'update_time\' doesn\'t have a default value; nested exception is java.sql.SQLException: Field \'update_time\' doesn\'t have a default value','2025-12-01 23:08:04',123),(535,'客户订单',1,'com.ruoyi.order.controller.OrderMainController.add()','POST',1,'admin','研发部门','/order/main','127.0.0.1','内网IP','{\"actualAmount\":1,\"createTime\":\"2025-12-01 23:27:00\",\"customerName\":\"张三\",\"customerPhone\":\"1\",\"discountAmount\":1,\"orderDetailList\":[{\"customization\":\"\",\"params\":{},\"price\":17,\"productName\":\"焦糖咖啡\",\"quantity\":4,\"subtotal\":68}],\"orderNo\":\"ORD-20251201839\",\"orderType\":3,\"params\":{},\"paymentStatus\":0,\"paymentTime\":\"2025-12-01\",\"status\":1,\"totalAmount\":1}',NULL,1,'\r\n### Error updating database.  Cause: java.sql.SQLIntegrityConstraintViolationException: Column \'update_time\' cannot be null\r\n### The error may exist in file [D:\\workspace\\idea\\MTOI\\ruoyi-order\\target\\classes\\mapper\\order\\OrderMainMapper.xml]\r\n### The error may involve com.ruoyi.order.mapper.OrderMainMapper.insertOrderMain-Inline\r\n### The error occurred while setting parameters\r\n### SQL: insert into order_main          ( order_no,                          customer_name,             customer_phone,             total_amount,             actual_amount,             discount_amount,             order_type,             status,             payment_status,                                                                              create_time,             update_time )           values ( ?,                          ?,             ?,             ?,             ?,             ?,             ?,             ?,             ?,                                                                              ?,             ? )\r\n### Cause: java.sql.SQLIntegrityConstraintViolationException: Column \'update_time\' cannot be null\n; Column \'update_time\' cannot be null; nested exception is java.sql.SQLIntegrityConstraintViolationException: Column \'update_time\' cannot be null','2025-12-01 23:27:00',34),(536,'客户订单',1,'com.ruoyi.order.controller.OrderMainController.add()','POST',1,'admin','研发部门','/order/main','127.0.0.1','内网IP','{\"actualAmount\":1,\"createTime\":\"2025-12-01 23:31:33\",\"customerName\":\"张三\",\"customerPhone\":\"1\",\"discountAmount\":1,\"orderDetailList\":[{\"customization\":\"\",\"orderId\":9011,\"params\":{},\"price\":17,\"productName\":\"焦糖咖啡\",\"quantity\":4,\"subtotal\":68}],\"orderId\":9011,\"orderNo\":\"ORD-20251201839\",\"orderType\":3,\"params\":{},\"paymentStatus\":0,\"paymentTime\":\"2025-12-01\",\"status\":1,\"totalAmount\":1}',NULL,1,'\r\n### Error updating database.  Cause: java.sql.SQLIntegrityConstraintViolationException: Column \'product_id\' cannot be null\r\n### The error may exist in file [D:\\workspace\\idea\\MTOI\\ruoyi-order\\target\\classes\\mapper\\order\\OrderMainMapper.xml]\r\n### The error may involve defaultParameterMap\r\n### The error occurred while setting parameters\r\n### SQL: insert into order_detail( detail_id, order_id, product_id, product_name, quantity, price, subtotal, customization, create_time) values                        ( ?, ?, ?, ?, ?, ?, ?, ?, ?)\r\n### Cause: java.sql.SQLIntegrityConstraintViolationException: Column \'product_id\' cannot be null\n; Column \'product_id\' cannot be null; nested exception is java.sql.SQLIntegrityConstraintViolationException: Column \'product_id\' cannot be null','2025-12-01 23:31:33',85),(537,'客户订单',1,'com.ruoyi.order.controller.OrderMainController.add()','POST',1,'admin','研发部门','/order/main','127.0.0.1','内网IP','{\"actualAmount\":1,\"createTime\":\"2025-12-01 23:31:56\",\"customerName\":\"张三\",\"customerPhone\":\"1\",\"discountAmount\":1,\"orderDetailList\":[{\"customization\":\"\",\"orderId\":9012,\"params\":{},\"price\":15,\"productName\":\"黑糖珍珠奶茶\",\"quantity\":1,\"subtotal\":15}],\"orderId\":9012,\"orderNo\":\"ORD-20251201781\",\"orderType\":1,\"params\":{},\"paymentStatus\":0,\"paymentTime\":\"2025-12-01\",\"status\":1,\"tableNo\":\"1\",\"totalAmount\":1}',NULL,1,'\r\n### Error updating database.  Cause: java.sql.SQLIntegrityConstraintViolationException: Column \'product_id\' cannot be null\r\n### The error may exist in file [D:\\workspace\\idea\\MTOI\\ruoyi-order\\target\\classes\\mapper\\order\\OrderMainMapper.xml]\r\n### The error may involve defaultParameterMap\r\n### The error occurred while setting parameters\r\n### SQL: insert into order_detail( detail_id, order_id, product_id, product_name, quantity, price, subtotal, customization, create_time) values                        ( ?, ?, ?, ?, ?, ?, ?, ?, ?)\r\n### Cause: java.sql.SQLIntegrityConstraintViolationException: Column \'product_id\' cannot be null\n; Column \'product_id\' cannot be null; nested exception is java.sql.SQLIntegrityConstraintViolationException: Column \'product_id\' cannot be null','2025-12-01 23:31:56',15),(538,'客户订单',1,'com.ruoyi.order.controller.OrderMainController.add()','POST',1,'admin','研发部门','/order/main','127.0.0.1','内网IP','{\"actualAmount\":1,\"createTime\":\"2025-12-01 23:46:03\",\"customerName\":\"张三\",\"customerPhone\":\"1\",\"deliveryAddress\":\"11\",\"orderDetailList\":[{\"customization\":\"\",\"orderId\":9013,\"params\":{},\"price\":17,\"productId\":1007,\"productName\":\"焦糖咖啡\",\"quantity\":1,\"subtotal\":17}],\"orderId\":9013,\"orderNo\":\"ORD-20251201570\",\"orderType\":2,\"params\":{},\"paymentStatus\":0,\"paymentTime\":\"2025-12-01\",\"status\":1,\"totalAmount\":1}',NULL,1,'\r\n### Error updating database.  Cause: java.sql.SQLIntegrityConstraintViolationException: Column \'create_time\' cannot be null\r\n### The error may exist in file [D:\\workspace\\idea\\MTOI\\ruoyi-order\\target\\classes\\mapper\\order\\OrderMainMapper.xml]\r\n### The error may involve defaultParameterMap\r\n### The error occurred while setting parameters\r\n### SQL: insert into order_detail( detail_id, order_id, product_id, product_name, quantity, price, subtotal, customization, create_time) values                        ( ?, ?, ?, ?, ?, ?, ?, ?, ?)\r\n### Cause: java.sql.SQLIntegrityConstraintViolationException: Column \'create_time\' cannot be null\n; Column \'create_time\' cannot be null; nested exception is java.sql.SQLIntegrityConstraintViolationException: Column \'create_time\' cannot be null','2025-12-01 23:46:03',465),(539,'客户订单',1,'com.ruoyi.order.controller.OrderMainController.add()','POST',1,'admin','研发部门','/order/main','127.0.0.1','内网IP','{\"actualAmount\":1,\"createTime\":\"2025-12-01 23:50:15\",\"customerName\":\"张三\",\"customerPhone\":\"1\",\"orderDetailList\":[{\"customization\":\"\",\"orderId\":9014,\"params\":{},\"price\":17,\"productId\":1007,\"productName\":\"焦糖咖啡\",\"quantity\":1,\"subtotal\":17}],\"orderId\":9014,\"orderNo\":\"ORD-20251201647\",\"orderType\":1,\"params\":{},\"paymentStatus\":0,\"paymentTime\":\"2025-12-01\",\"paymentType\":1,\"status\":1,\"tableNo\":\"1\",\"totalAmount\":1}',NULL,1,'\r\n### Error updating database.  Cause: java.sql.SQLIntegrityConstraintViolationException: Column \'create_time\' cannot be null\r\n### The error may exist in file [D:\\workspace\\idea\\MTOI\\ruoyi-order\\target\\classes\\mapper\\order\\OrderMainMapper.xml]\r\n### The error may involve defaultParameterMap\r\n### The error occurred while setting parameters\r\n### SQL: insert into order_detail( detail_id, order_id, product_id, product_name, quantity, price, subtotal, customization, create_time) values                        ( ?, ?, ?, ?, ?, ?, ?, ?, ?)\r\n### Cause: java.sql.SQLIntegrityConstraintViolationException: Column \'create_time\' cannot be null\n; Column \'create_time\' cannot be null; nested exception is java.sql.SQLIntegrityConstraintViolationException: Column \'create_time\' cannot be null','2025-12-01 23:50:15',78),(540,'客户订单',1,'com.ruoyi.order.controller.OrderMainController.add()','POST',1,'admin','研发部门','/order/main','127.0.0.1','内网IP','{\"actualAmount\":1,\"createTime\":\"2025-12-01 23:52:48\",\"customerName\":\"1\",\"customerPhone\":\"1\",\"orderDetailList\":[{\"customization\":\"\",\"orderId\":9015,\"params\":{},\"price\":17,\"productId\":1007,\"productName\":\"焦糖咖啡\",\"quantity\":1,\"subtotal\":17}],\"orderId\":9015,\"orderNo\":\"ORD-20251201725\",\"orderType\":1,\"params\":{},\"paymentStatus\":0,\"paymentTime\":\"2025-12-01\",\"status\":1,\"tableNo\":\"1\",\"totalAmount\":1}',NULL,1,'\r\n### Error updating database.  Cause: java.sql.SQLIntegrityConstraintViolationException: Column \'create_time\' cannot be null\r\n### The error may exist in file [D:\\workspace\\idea\\MTOI\\ruoyi-order\\target\\classes\\mapper\\order\\OrderMainMapper.xml]\r\n### The error may involve defaultParameterMap\r\n### The error occurred while setting parameters\r\n### SQL: insert into order_detail( detail_id, order_id, product_id, product_name, quantity, price, subtotal, customization, create_time) values                        ( ?, ?, ?, ?, ?, ?, ?, ?, ?)\r\n### Cause: java.sql.SQLIntegrityConstraintViolationException: Column \'create_time\' cannot be null\n; Column \'create_time\' cannot be null; nested exception is java.sql.SQLIntegrityConstraintViolationException: Column \'create_time\' cannot be null','2025-12-01 23:52:49',342),(541,'客户订单',1,'com.ruoyi.order.controller.OrderMainController.add()','POST',1,'admin','研发部门','/order/main','127.0.0.1','内网IP','{\"actualAmount\":1,\"createTime\":\"2025-12-01 23:54:35\",\"customerName\":\"1\",\"customerPhone\":\"1\",\"orderDetailList\":[{\"createTime\":\"2025-12-01 23:54:35\",\"customization\":\"\",\"orderId\":9016,\"params\":{},\"price\":17,\"productId\":1007,\"productName\":\"焦糖咖啡\",\"quantity\":1,\"subtotal\":17}],\"orderId\":9016,\"orderNo\":\"ORD-20251201725\",\"orderType\":1,\"params\":{},\"paymentStatus\":0,\"paymentTime\":\"2025-12-01\",\"status\":1,\"tableNo\":\"1\",\"totalAmount\":1}','{\"msg\":\"操作成功\",\"code\":200}',0,NULL,'2025-12-01 23:54:35',49),(542,'客户订单',1,'com.ruoyi.order.controller.OrderMainController.add()','POST',1,'admin','研发部门','/order/main','127.0.0.1','内网IP','{\"actualAmount\":1,\"createTime\":\"2025-12-02 07:50:53\",\"customerId\":8002,\"customerName\":\"张三\",\"customerPhone\":\"1\",\"orderDetailList\":[{\"createTime\":\"2025-12-02 07:50:53\",\"customization\":\"\",\"orderId\":9017,\"params\":{},\"price\":14,\"productId\":1004,\"productName\":\"柠檬冷泡茶\",\"quantity\":1,\"subtotal\":14}],\"orderId\":9017,\"orderNo\":\"ORD-20251202255\",\"orderType\":3,\"params\":{},\"paymentStatus\":3,\"paymentTime\":\"2025-12-02\",\"paymentType\":1,\"status\":2,\"totalAmount\":1}','{\"msg\":\"操作成功\",\"code\":200}',0,NULL,'2025-12-02 07:50:53',29),(543,'菜单管理',2,'com.ruoyi.web.controller.system.SysMenuController.edit()','PUT',1,'admin','研发部门','/system/menu','127.0.0.1','内网IP','{\"children\":[],\"component\":\"purchase/order/index\",\"createTime\":\"2025-11-30 21:41:35\",\"icon\":\"#\",\"isCache\":\"0\",\"isFrame\":\"1\",\"menuId\":2141,\"menuName\":\"采购订单\",\"menuType\":\"C\",\"orderNum\":0,\"params\":{},\"parentId\":2011,\"path\":\"order\",\"perms\":\"purchase:order:list\",\"routeName\":\"\",\"status\":\"0\",\"updateBy\":\"admin\",\"visible\":\"0\"}','{\"msg\":\"操作成功\",\"code\":200}',0,NULL,'2025-12-02 08:50:45',27),(544,'采购订单',1,'com.ruoyi.purchase.controller.PurchaseOrderController.add()','POST',1,'admin','研发部门','/purchase/order','127.0.0.1','内网IP','{\"createTime\":\"2025-12-02 08:53:12\",\"params\":{},\"purchaseDetailList\":[],\"purchaseId\":14011,\"purchaseNo\":\"PO-20251202001\",\"remark\":\"3号送达\",\"status\":1,\"supplierId\":3001,\"totalAmount\":5780}','{\"msg\":\"操作成功\",\"code\":200}',0,NULL,'2025-12-02 08:53:12',11),(545,'采购订单',1,'com.ruoyi.purchase.controller.PurchaseOrderController.add()','POST',1,'admin','研发部门','/purchase/order','127.0.0.1','内网IP','{\"createTime\":\"2025-12-02 12:59:19\",\"params\":{},\"purchaseDetailList\":[{\"amount\":50.00,\"materialId\":4004,\"materialName\":\"珍珠\",\"params\":{},\"purchaseId\":14012,\"quantity\":2,\"specification\":\"1kg/包\",\"unit\":\"包\",\"unitPrice\":25},{\"amount\":300.00,\"materialId\":4007,\"materialName\":\"芝士\",\"params\":{},\"purchaseId\":14012,\"quantity\":5,\"specification\":\"500g/盒\",\"unit\":\"盒\",\"unitPrice\":60}],\"purchaseId\":14012,\"purchaseNo\":\"PO-20251202942\",\"status\":1,\"supplierId\":3005,\"totalAmount\":350.00}',NULL,1,'\r\n### Error updating database.  Cause: java.sql.SQLIntegrityConstraintViolationException: Column \'create_time\' cannot be null\r\n### The error may exist in file [D:\\workspace\\idea\\MTOI\\ruoyi-purchase\\target\\classes\\mapper\\purchase\\PurchaseOrderMapper.xml]\r\n### The error may involve defaultParameterMap\r\n### The error occurred while setting parameters\r\n### SQL: insert into purchase_detail( detail_id, purchase_id, material_id, material_name, specification, unit, quantity, unit_price, amount, actual_quantity, create_time, update_time) values                        ( ?, ?, ?, ?, ?, ?, ?, ?, ?, ?, ?, ?)          ,              ( ?, ?, ?, ?, ?, ?, ?, ?, ?, ?, ?, ?)\r\n### Cause: java.sql.SQLIntegrityConstraintViolationException: Column \'create_time\' cannot be null\n; Column \'create_time\' cannot be null; nested exception is java.sql.SQLIntegrityConstraintViolationException: Column \'create_time\' cannot be null','2025-12-02 12:59:19',147),(546,'采购订单',1,'com.ruoyi.purchase.controller.PurchaseOrderController.add()','POST',1,'admin','研发部门','/purchase/order','127.0.0.1','内网IP','{\"createTime\":\"2025-12-02 13:10:27\",\"params\":{},\"purchaseDetailList\":[{\"amount\":50.00,\"materialId\":4004,\"materialName\":\"珍珠\",\"params\":{},\"purchaseId\":14013,\"quantity\":2,\"specification\":\"1kg/包\",\"unit\":\"包\",\"unitPrice\":25},{\"amount\":300.00,\"materialId\":4007,\"materialName\":\"芝士\",\"params\":{},\"purchaseId\":14013,\"quantity\":5,\"specification\":\"500g/盒\",\"unit\":\"盒\",\"unitPrice\":60}],\"purchaseId\":14013,\"purchaseNo\":\"PO-20251202942\",\"status\":1,\"supplierId\":3005,\"totalAmount\":350.00}',NULL,1,'\r\n### Error updating database.  Cause: java.sql.SQLIntegrityConstraintViolationException: Column \'create_time\' cannot be null\r\n### The error may exist in file [D:\\workspace\\idea\\MTOI\\ruoyi-purchase\\target\\classes\\mapper\\purchase\\PurchaseOrderMapper.xml]\r\n### The error may involve defaultParameterMap\r\n### The error occurred while setting parameters\r\n### SQL: insert into purchase_detail( detail_id, purchase_id, material_id, material_name, specification, unit, quantity, unit_price, amount, actual_quantity, create_time, update_time) values                        ( ?, ?, ?, ?, ?, ?, ?, ?, ?, ?, ?, ?)          ,              ( ?, ?, ?, ?, ?, ?, ?, ?, ?, ?, ?, ?)\r\n### Cause: java.sql.SQLIntegrityConstraintViolationException: Column \'create_time\' cannot be null\n; Column \'create_time\' cannot be null; nested exception is java.sql.SQLIntegrityConstraintViolationException: Column \'create_time\' cannot be null','2025-12-02 13:10:27',44),(547,'采购订单',1,'com.ruoyi.purchase.controller.PurchaseOrderController.add()','POST',1,'admin','研发部门','/purchase/order','127.0.0.1','内网IP','{\"createTime\":\"2025-12-02 13:10:41\",\"params\":{},\"purchaseDetailList\":[{\"amount\":60.00,\"materialId\":4007,\"materialName\":\"芝士\",\"params\":{},\"purchaseId\":14014,\"quantity\":1,\"specification\":\"500g/盒\",\"unit\":\"盒\",\"unitPrice\":60}],\"purchaseId\":14014,\"purchaseNo\":\"PO-20251202405\",\"status\":2,\"supplierId\":3002,\"totalAmount\":60.00}',NULL,1,'\r\n### Error updating database.  Cause: java.sql.SQLIntegrityConstraintViolationException: Column \'create_time\' cannot be null\r\n### The error may exist in file [D:\\workspace\\idea\\MTOI\\ruoyi-purchase\\target\\classes\\mapper\\purchase\\PurchaseOrderMapper.xml]\r\n### The error may involve defaultParameterMap\r\n### The error occurred while setting parameters\r\n### SQL: insert into purchase_detail( detail_id, purchase_id, material_id, material_name, specification, unit, quantity, unit_price, amount, actual_quantity, create_time, update_time) values                        ( ?, ?, ?, ?, ?, ?, ?, ?, ?, ?, ?, ?)\r\n### Cause: java.sql.SQLIntegrityConstraintViolationException: Column \'create_time\' cannot be null\n; Column \'create_time\' cannot be null; nested exception is java.sql.SQLIntegrityConstraintViolationException: Column \'create_time\' cannot be null','2025-12-02 13:10:41',17),(548,'采购订单',1,'com.ruoyi.purchase.controller.PurchaseOrderController.add()','POST',1,'admin','研发部门','/purchase/order','127.0.0.1','内网IP','{\"createTime\":\"2025-12-02 13:11:34\",\"params\":{},\"purchaseDetailList\":[{\"amount\":60.00,\"materialId\":4007,\"materialName\":\"芝士\",\"params\":{},\"purchaseId\":14015,\"quantity\":1,\"specification\":\"500g/盒\",\"unit\":\"盒\",\"unitPrice\":60}],\"purchaseId\":14015,\"purchaseNo\":\"PO-20251202405\",\"status\":2,\"supplierId\":3002,\"totalAmount\":60.00}',NULL,1,'\r\n### Error updating database.  Cause: java.sql.SQLIntegrityConstraintViolationException: Column \'create_time\' cannot be null\r\n### The error may exist in file [D:\\workspace\\idea\\MTOI\\ruoyi-purchase\\target\\classes\\mapper\\purchase\\PurchaseOrderMapper.xml]\r\n### The error may involve defaultParameterMap\r\n### The error occurred while setting parameters\r\n### SQL: insert into purchase_detail( detail_id, purchase_id, material_id, material_name, specification, unit, quantity, unit_price, amount, actual_quantity, create_time, update_time) values                        ( ?, ?, ?, ?, ?, ?, ?, ?, ?, ?, ?, ?)\r\n### Cause: java.sql.SQLIntegrityConstraintViolationException: Column \'create_time\' cannot be null\n; Column \'create_time\' cannot be null; nested exception is java.sql.SQLIntegrityConstraintViolationException: Column \'create_time\' cannot be null','2025-12-02 13:11:34',135),(549,'采购订单',1,'com.ruoyi.purchase.controller.PurchaseOrderController.add()','POST',1,'admin','研发部门','/purchase/order','127.0.0.1','内网IP','{\"createTime\":\"2025-12-02 13:11:49\",\"params\":{},\"purchaseDetailList\":[{\"amount\":40.00,\"materialId\":4006,\"materialName\":\"草莓果酱\",\"params\":{},\"purchaseId\":14016,\"quantity\":1,\"specification\":\"1kg/瓶\",\"unit\":\"瓶\",\"unitPrice\":40}],\"purchaseId\":14016,\"purchaseNo\":\"PO-20251202283\",\"status\":2,\"supplierId\":3002,\"totalAmount\":40.00}',NULL,1,'\r\n### Error updating database.  Cause: java.sql.SQLIntegrityConstraintViolationException: Column \'create_time\' cannot be null\r\n### The error may exist in file [D:\\workspace\\idea\\MTOI\\ruoyi-purchase\\target\\classes\\mapper\\purchase\\PurchaseOrderMapper.xml]\r\n### The error may involve defaultParameterMap\r\n### The error occurred while setting parameters\r\n### SQL: insert into purchase_detail( detail_id, purchase_id, material_id, material_name, specification, unit, quantity, unit_price, amount, actual_quantity, create_time, update_time) values                        ( ?, ?, ?, ?, ?, ?, ?, ?, ?, ?, ?, ?)\r\n### Cause: java.sql.SQLIntegrityConstraintViolationException: Column \'create_time\' cannot be null\n; Column \'create_time\' cannot be null; nested exception is java.sql.SQLIntegrityConstraintViolationException: Column \'create_time\' cannot be null','2025-12-02 13:11:49',21),(550,'采购订单',1,'com.ruoyi.purchase.controller.PurchaseOrderController.add()','POST',1,'admin','研发部门','/purchase/order','127.0.0.1','内网IP','{\"createTime\":\"2025-12-02 13:14:02\",\"params\":{},\"purchaseDetailList\":[{\"amount\":40.00,\"createTime\":\"2025-12-02 13:14:02\",\"materialId\":4006,\"materialName\":\"草莓果酱\",\"params\":{},\"purchaseId\":14017,\"quantity\":1,\"specification\":\"1kg/瓶\",\"unit\":\"瓶\",\"unitPrice\":40}],\"purchaseId\":14017,\"purchaseNo\":\"PO-20251202283\",\"status\":2,\"supplierId\":3002,\"totalAmount\":40.00}','{\"msg\":\"操作成功\",\"code\":200}',0,NULL,'2025-12-02 13:14:02',48),(551,'采购订单',1,'com.ruoyi.purchase.controller.PurchaseOrderController.add()','POST',1,'admin','研发部门','/purchase/order','127.0.0.1','内网IP','{\"createTime\":\"2025-12-02 13:15:57\",\"params\":{},\"purchaseDetailList\":[{\"amount\":1500.00,\"createTime\":\"2025-12-02 13:15:57\",\"materialId\":4008,\"materialName\":\"柠檬\",\"params\":{},\"purchaseId\":14018,\"quantity\":100,\"specification\":\"500g/份\",\"unit\":\"份\",\"unitPrice\":15},{\"amount\":750.00,\"createTime\":\"2025-12-02 13:15:57\",\"materialId\":4008,\"materialName\":\"柠檬\",\"params\":{},\"purchaseId\":14018,\"quantity\":50,\"specification\":\"500g/份\",\"unit\":\"份\",\"unitPrice\":15}],\"purchaseId\":14018,\"purchaseNo\":\"PO-20251202464\",\"remark\":\"断保产品\",\"status\":2,\"supplierId\":3002,\"totalAmount\":2250.00}','{\"msg\":\"操作成功\",\"code\":200}',0,NULL,'2025-12-02 13:15:57',89),(552,'采购明细',2,'com.ruoyi.purchase.controller.PurchaseDetailController.edit()','PUT',1,'admin','研发部门','/purchase/detail','127.0.0.1','内网IP','{\"actualQuantity\":50,\"amount\":2500,\"createTime\":\"2025-11-10 21:32:12\",\"detailId\":15001,\"materialId\":4001,\"materialName\":\"红茶茶叶\",\"params\":{},\"purchaseId\":14001,\"quantity\":50,\"specification\":\"500g/包\",\"unit\":\"包\",\"unitPrice\":50,\"updateTime\":\"2025-12-02 13:19:54\"}','{\"msg\":\"操作成功\",\"code\":200}',0,NULL,'2025-12-02 13:19:54',11),(553,'采购明细',1,'com.ruoyi.purchase.controller.PurchaseDetailController.add()','POST',1,'admin','研发部门','/purchase/detail','127.0.0.1','内网IP','{\"actualQuantity\":2,\"amount\":40,\"createTime\":\"2025-12-02 13:23:47\",\"detailId\":15015,\"materialId\":4008,\"materialName\":\"柠檬\",\"params\":{},\"purchaseId\":14018,\"quantity\":2,\"unit\":\"颗\",\"unitPrice\":20}','{\"msg\":\"操作成功\",\"code\":200}',0,NULL,'2025-12-02 13:23:47',8),(554,'采购订单',2,'com.ruoyi.purchase.controller.PurchaseOrderController.edit()','PUT',1,'admin','研发部门','/purchase/order','127.0.0.1','内网IP','{\"createTime\":\"2025-12-02 13:15:58\",\"params\":{},\"purchaseDetailList\":[{\"amount\":1500,\"createTime\":\"2025-12-02 13:25:18\",\"detailId\":15013,\"materialId\":4008,\"materialName\":\"柠檬\",\"params\":{},\"purchaseId\":14018,\"quantity\":100,\"specification\":\"500g/份\",\"unit\":\"份\",\"unitPrice\":15},{\"amount\":750.00,\"createTime\":\"2025-12-02 13:25:18\",\"detailId\":15014,\"materialId\":4008,\"materialName\":\"柠檬\",\"params\":{},\"purchaseId\":14018,\"quantity\":50,\"specification\":\"500g/份\",\"unit\":\"份\",\"unitPrice\":15},{\"actualQuantity\":2,\"amount\":40,\"createTime\":\"2025-12-02 13:25:18\",\"detailId\":15015,\"materialId\":4008,\"materialName\":\"柠檬\",\"params\":{},\"purchaseId\":14018,\"quantity\":2,\"unit\":\"颗\",\"unitPrice\":20}],\"purchaseId\":14018,\"purchaseNo\":\"PO-20251202464\",\"remark\":\"断保产品\",\"status\":2,\"supplierId\":3002,\"totalAmount\":2290.00,\"updateTime\":\"2025-12-02 13:25:18\"}','{\"msg\":\"操作成功\",\"code\":200}',0,NULL,'2025-12-02 13:25:18',21),(555,'库存信息',2,'com.ruoyi.stock.controller.StockInfoController.edit()','PUT',1,'admin','研发部门','/stock/info','127.0.0.1','内网IP','{\"alertThreshold\":3,\"createTime\":\"2025-11-10 21:32:12\",\"location\":\"A区-03\",\"materialId\":4004,\"params\":{},\"quantity\":3,\"stockId\":6004,\"updateTime\":\"2025-12-02 13:31:36\",\"warehouseId\":5001}','{\"msg\":\"操作成功\",\"code\":200}',0,NULL,'2025-12-02 13:31:36',15),(556,'库存信息',2,'com.ruoyi.stock.controller.StockInfoController.edit()','PUT',1,'admin','研发部门','/stock/info','127.0.0.1','内网IP','{\"alertThreshold\":30,\"createTime\":\"2025-11-10 21:32:12\",\"location\":\"B区-03\",\"materialId\":4008,\"params\":{},\"quantity\":25,\"stockId\":6008,\"updateTime\":\"2025-12-02 13:31:49\",\"warehouseId\":5002}','{\"msg\":\"操作成功\",\"code\":200}',0,NULL,'2025-12-02 13:31:49',8),(557,'库存信息',2,'com.ruoyi.stock.controller.StockInfoController.edit()','PUT',1,'admin','研发部门','/stock/info','127.0.0.1','内网IP','{\"alertThreshold\":10,\"createTime\":\"2025-11-10 21:32:12\",\"location\":\"C区-01\",\"materialId\":4010,\"params\":{},\"quantity\":5,\"stockId\":6010,\"updateTime\":\"2025-12-02 13:32:02\",\"warehouseId\":5003}','{\"msg\":\"操作成功\",\"code\":200}',0,NULL,'2025-12-02 13:32:02',16),(558,'库存信息',2,'com.ruoyi.stock.controller.StockInfoController.edit()','PUT',1,'admin','研发部门','/stock/info','127.0.0.1','内网IP','{\"alertThreshold\":15,\"createTime\":\"2025-11-10 21:32:12\",\"location\":\"A区-02\",\"materialId\":4002,\"params\":{},\"quantity\":45,\"stockId\":6002,\"updateTime\":\"2025-12-02 13:32:11\",\"warehouseId\":5001}','{\"msg\":\"操作成功\",\"code\":200}',0,NULL,'2025-12-02 13:32:11',6),(559,'个人信息',2,'com.ruoyi.web.controller.system.SysProfileController.updateProfile()','PUT',1,'admin','研发部门','/system/user/profile','127.0.0.1','内网IP','{\"admin\":false,\"email\":\"ry@163.com\",\"nickName\":\"MTOI\",\"params\":{},\"phonenumber\":\"15888888888\",\"sex\":\"1\"}','{\"msg\":\"操作成功\",\"code\":200}',0,NULL,'2025-12-02 13:34:57',16),(560,'用户头像',2,'com.ruoyi.web.controller.system.SysProfileController.avatar()','POST',1,'admin','研发部门','/system/user/profile/avatar','127.0.0.1','内网IP','','{\"msg\":\"操作成功\",\"imgUrl\":\"/profile/avatar/2025/12/02/1edfa3b866ba4d62b2f64f6b871b8a44.jpg\",\"code\":200}',0,NULL,'2025-12-02 13:35:31',101),(561,'个人信息',2,'com.ruoyi.web.controller.system.SysProfileController.updateProfile()','PUT',1,'admin','研发部门','/system/user/profile','127.0.0.1','内网IP','{\"admin\":false,\"email\":\"ry@163.com\",\"nickName\":\"MTOI\",\"params\":{},\"phonenumber\":\"15888888888\",\"sex\":\"1\"}','{\"msg\":\"操作成功\",\"code\":200}',0,NULL,'2025-12-02 13:35:36',11),(562,'产品信息',2,'com.ruoyi.product.controller.ProductInfoController.edit()','PUT',1,'admin','研发部门','/product/info','127.0.0.1','内网IP','{\"categoryId\":1002,\"createBy\":\"admin\",\"createTime\":\"2025-11-10 21:32:12\",\"description\":\"新鲜草莓搭配清香茶底\",\"imageUrl\":\"/profile/upload/2025/12/02/ingredient _20251202133823A001.png\",\"isHot\":1,\"isNew\":1,\"params\":{},\"price\":15,\"productFormulaList\":[{\"createTime\":\"2025-12-02 13:38:25\",\"formulaId\":12006,\"materialId\":4006,\"params\":{},\"productId\":1002,\"quantity\":0.1,\"unit\":\"kg\",\"updateTime\":\"2025-12-02 13:38:25\"},{\"createTime\":\"2025-12-02 13:38:25\",\"formulaId\":12007,\"materialId\":4005,\"params\":{},\"productId\":1002,\"quantity\":0.02,\"unit\":\"kg\",\"updateTime\":\"2025-12-02 13:38:25\"}],\"productId\":1002,\"productName\":\"草莓果茶\",\"status\":1,\"updateBy\":\"admin\",\"updateTime\":\"2025-12-02 13:38:25\"}','{\"msg\":\"操作成功\",\"code\":200}',0,NULL,'2025-12-02 13:38:25',30),(563,'产品信息',2,'com.ruoyi.product.controller.ProductInfoController.edit()','PUT',1,'admin','研发部门','/product/info','127.0.0.1','内网IP','{\"categoryId\":1003,\"createBy\":\"admin\",\"createTime\":\"2025-11-10 21:32:12\",\"description\":\"浓郁芝士奶盖搭配清香绿茶\",\"imageUrl\":\"img/milkyTea1.png,/profile/upload/2025/12/02/milkyTea2_20251202133830A002.png\",\"isHot\":1,\"isNew\":0,\"params\":{},\"price\":18,\"productFormulaList\":[{\"createTime\":\"2025-12-02 13:38:32\",\"formulaId\":12008,\"materialId\":4002,\"params\":{},\"productId\":1003,\"quantity\":0.05,\"unit\":\"kg\",\"updateTime\":\"2025-12-02 13:38:32\"},{\"createTime\":\"2025-12-02 13:38:32\",\"formulaId\":12009,\"materialId\":4007,\"params\":{},\"productId\":1003,\"quantity\":0.08,\"unit\":\"kg\",\"updateTime\":\"2025-12-02 13:38:32\"},{\"createTime\":\"2025-12-02 13:38:32\",\"formulaId\":12010,\"materialId\":4005,\"params\":{},\"productId\":1003,\"quantity\":0.02,\"unit\":\"kg\",\"updateTime\":\"2025-12-02 13:38:32\"}],\"productId\":1003,\"productName\":\"芝士奶盖绿茶\",\"status\":1,\"updateBy\":\"admin\",\"updateTime\":\"2025-12-02 13:38:32\"}','{\"msg\":\"操作成功\",\"code\":200}',0,NULL,'2025-12-02 13:38:32',16),(564,'产品信息',2,'com.ruoyi.product.controller.ProductInfoController.edit()','PUT',1,'admin','研发部门','/product/info','127.0.0.1','内网IP','{\"categoryId\":1003,\"createBy\":\"admin\",\"createTime\":\"2025-11-10 21:32:12\",\"description\":\"浓郁芝士奶盖搭配清香绿茶\",\"imageUrl\":\"/profile/upload/2025/12/02/milkyTea2_20251202133830A002.png\",\"isHot\":1,\"isNew\":0,\"params\":{},\"price\":18,\"productFormulaList\":[{\"createTime\":\"2025-12-02 13:38:38\",\"formulaId\":12008,\"materialId\":4002,\"params\":{},\"productId\":1003,\"quantity\":0.05,\"unit\":\"kg\",\"updateTime\":\"2025-12-02 13:38:38\"},{\"createTime\":\"2025-12-02 13:38:38\",\"formulaId\":12009,\"materialId\":4007,\"params\":{},\"productId\":1003,\"quantity\":0.08,\"unit\":\"kg\",\"updateTime\":\"2025-12-02 13:38:38\"},{\"createTime\":\"2025-12-02 13:38:38\",\"formulaId\":12010,\"materialId\":4005,\"params\":{},\"productId\":1003,\"quantity\":0.02,\"unit\":\"kg\",\"updateTime\":\"2025-12-02 13:38:38\"}],\"productId\":1003,\"productName\":\"芝士奶盖绿茶\",\"status\":1,\"updateBy\":\"admin\",\"updateTime\":\"2025-12-02 13:38:38\"}','{\"msg\":\"操作成功\",\"code\":200}',0,NULL,'2025-12-02 13:38:39',21),(565,'产品信息',2,'com.ruoyi.product.controller.ProductInfoController.edit()','PUT',1,'admin','研发部门','/product/info','127.0.0.1','内网IP','{\"categoryId\":1004,\"createBy\":\"admin\",\"createTime\":\"2025-11-10 21:32:12\",\"description\":\"清爽柠檬冷泡茶，夏日解暑\",\"imageUrl\":\"/profile/upload/2025/12/02/milkyTea1_20251202133847A003.png\",\"isHot\":0,\"isNew\":1,\"params\":{},\"price\":14,\"productFormulaList\":[],\"productId\":1004,\"productName\":\"柠檬冷泡茶\",\"status\":1,\"updateBy\":\"admin\",\"updateTime\":\"2025-12-02 13:38:48\"}','{\"msg\":\"操作成功\",\"code\":200}',0,NULL,'2025-12-02 13:38:48',8),(566,'产品信息',2,'com.ruoyi.product.controller.ProductInfoController.edit()','PUT',1,'admin','研发部门','/product/info','127.0.0.1','内网IP','{\"categoryId\":1009,\"createBy\":\"admin\",\"createTime\":\"2025-11-10 21:32:12\",\"description\":\"新鲜芒果制作的冰沙\",\"imageUrl\":\"/profile/upload/2025/12/02/make_20251202133854A004.png\",\"isHot\":1,\"isNew\":0,\"params\":{},\"price\":16,\"productFormulaList\":[],\"productId\":1005,\"productName\":\"芒果冰沙\",\"status\":1,\"updateBy\":\"admin\",\"updateTime\":\"2025-12-02 13:38:56\"}','{\"msg\":\"操作成功\",\"code\":200}',0,NULL,'2025-12-02 13:38:56',8),(567,'产品信息',2,'com.ruoyi.product.controller.ProductInfoController.edit()','PUT',1,'admin','研发部门','/product/info','127.0.0.1','内网IP','{\"categoryId\":1003,\"createBy\":\"admin\",\"createTime\":\"2025-11-10 21:32:12\",\"description\":\"浓郁芝士奶盖搭配清香绿茶\",\"imageUrl\":\"/profile/upload/2025/12/02/milkyTea2_20251202133830A002.png\",\"isHot\":1,\"isNew\":0,\"params\":{},\"price\":18,\"productFormulaList\":[{\"createTime\":\"2025-12-02 13:39:02\",\"formulaId\":12008,\"materialId\":4002,\"params\":{},\"productId\":1003,\"quantity\":0.05,\"unit\":\"kg\",\"updateTime\":\"2025-12-02 13:39:02\"},{\"createTime\":\"2025-12-02 13:39:02\",\"formulaId\":12009,\"materialId\":4007,\"params\":{},\"productId\":1003,\"quantity\":0.08,\"unit\":\"kg\",\"updateTime\":\"2025-12-02 13:39:02\"},{\"createTime\":\"2025-12-02 13:39:02\",\"formulaId\":12010,\"materialId\":4005,\"params\":{},\"productId\":1003,\"quantity\":0.02,\"unit\":\"kg\",\"updateTime\":\"2025-12-02 13:39:02\"}],\"productId\":1003,\"productName\":\"芝士奶盖绿茶\",\"status\":0,\"updateBy\":\"admin\",\"updateTime\":\"2025-12-02 13:39:02\"}','{\"msg\":\"操作成功\",\"code\":200}',0,NULL,'2025-12-02 13:39:02',14),(568,'产品信息',2,'com.ruoyi.product.controller.ProductInfoController.edit()','PUT',1,'admin','研发部门','/product/info','127.0.0.1','内网IP','{\"categoryId\":1001,\"createBy\":\"admin\",\"createTime\":\"2025-11-10 21:32:12\",\"description\":\"经典原味奶茶搭配Q弹珍珠\",\"imageUrl\":\"/profile/upload/2025/11/13/milkyTea2_20251113160421A001.png\",\"params\":{},\"price\":12,\"productFormulaList\":[{\"createTime\":\"2025-12-02 13:44:02\",\"formulaId\":12011,\"materialId\":4001,\"params\":{},\"productId\":1001,\"quantity\":0.1,\"unit\":\"g\",\"updateTime\":\"2025-12-02 13:44:02\"}],\"productId\":1001,\"productName\":\"原味珍珠奶茶\",\"status\":0,\"updateBy\":\"admin\",\"updateTime\":\"2025-12-02 13:44:02\"}','{\"msg\":\"操作成功\",\"code\":200}',0,NULL,'2025-12-02 13:44:02',15),(569,'字典类型',1,'com.ruoyi.web.controller.system.SysDictTypeController.add()','POST',1,'admin','研发部门','/system/dict/type','127.0.0.1','内网IP','{\"createBy\":\"admin\",\"dictName\":\"0-1是否\",\"dictType\":\"yes_no\",\"params\":{},\"remark\":\"0-是,1-否\",\"status\":\"0\"}','{\"msg\":\"操作成功\",\"code\":200}',0,NULL,'2025-12-02 13:54:05',22),(570,'字典数据',1,'com.ruoyi.web.controller.system.SysDictDataController.add()','POST',1,'admin','研发部门','/system/dict/data','127.0.0.1','内网IP','{\"createBy\":\"admin\",\"default\":false,\"dictLabel\":\"是\",\"dictSort\":0,\"dictType\":\"yes_no\",\"dictValue\":\"0\",\"listClass\":\"success\",\"params\":{},\"status\":\"0\"}','{\"msg\":\"操作成功\",\"code\":200}',0,NULL,'2025-12-02 13:54:25',9),(571,'字典数据',1,'com.ruoyi.web.controller.system.SysDictDataController.add()','POST',1,'admin','研发部门','/system/dict/data','127.0.0.1','内网IP','{\"createBy\":\"admin\",\"default\":false,\"dictLabel\":\"否\",\"dictSort\":1,\"dictType\":\"yes_no\",\"dictValue\":\"1\",\"listClass\":\"danger\",\"params\":{},\"status\":\"0\"}','{\"msg\":\"操作成功\",\"code\":200}',0,NULL,'2025-12-02 13:54:38',14),(572,'产品信息',2,'com.ruoyi.product.controller.ProductInfoController.edit()','PUT',1,'admin','研发部门','/product/info','127.0.0.1','内网IP','{\"categoryId\":1009,\"createBy\":\"admin\",\"createTime\":\"2025-11-10 21:32:12\",\"description\":\"新鲜芒果制作的冰沙\",\"imageUrl\":\"/profile/upload/2025/12/02/make_20251202133854A004.png\",\"isHot\":0,\"isNew\":0,\"params\":{},\"price\":16,\"productFormulaList\":[],\"productId\":1005,\"productName\":\"芒果冰沙\",\"status\":1,\"updateBy\":\"admin\",\"updateTime\":\"2025-12-02 13:55:43\"}','{\"msg\":\"操作成功\",\"code\":200}',0,NULL,'2025-12-02 13:55:43',23),(573,'产品信息',2,'com.ruoyi.product.controller.ProductInfoController.edit()','PUT',1,'admin','研发部门','/product/info','127.0.0.1','内网IP','{\"categoryId\":1001,\"createBy\":\"admin\",\"createTime\":\"2025-11-10 21:32:12\",\"description\":\"香甜红豆搭配丝滑奶茶\",\"imageUrl\":\"/profile/upload/2025/12/02/milkyTea1_20251202135602A001.png\",\"isHot\":0,\"isNew\":0,\"params\":{},\"price\":13,\"productFormulaList\":[],\"productId\":1006,\"productName\":\"红豆奶茶\",\"status\":1,\"updateBy\":\"admin\",\"updateTime\":\"2025-12-02 13:56:04\"}','{\"msg\":\"操作成功\",\"code\":200}',0,NULL,'2025-12-02 13:56:04',10),(574,'采购订单',2,'com.ruoyi.purchase.controller.PurchaseOrderController.edit()','PUT',1,'admin','研发部门','/purchase/order','127.0.0.1','内网IP','{\"auditTime\":\"2025-11-10\",\"auditorId\":1,\"completionTime\":\"2025-11-10\",\"createTime\":\"2025-11-10 21:32:12\",\"creatorId\":1,\"params\":{},\"purchaseDetailList\":[{\"actualQuantity\":20,\"amount\":500,\"createTime\":\"2025-12-02 13:58:53\",\"detailId\":15004,\"materialId\":4004,\"materialName\":\"珍珠\",\"params\":{},\"purchaseId\":14003,\"quantity\":20,\"specification\":\"1kg/包\",\"unit\":\"包\",\"unitPrice\":25,\"updateTime\":\"2025-11-10 21:32:12\"}],\"purchaseId\":14003,\"purchaseNo\":\"PO-20240101003\",\"remark\":\"小料采购\",\"status\":3,\"supplierId\":3005,\"totalAmount\":500,\"updateTime\":\"2025-12-02 13:58:53\"}','{\"msg\":\"操作成功\",\"code\":200}',0,NULL,'2025-12-02 13:58:53',31),(575,'采购订单',2,'com.ruoyi.purchase.controller.PurchaseOrderController.edit()','PUT',1,'admin','研发部门','/purchase/order','127.0.0.1','内网IP','{\"auditTime\":\"2025-11-10\",\"auditorId\":1,\"completionTime\":\"2025-11-10\",\"createTime\":\"2025-11-10 21:32:12\",\"creatorId\":1,\"params\":{},\"purchaseDetailList\":[{\"actualQuantity\":50,\"amount\":750,\"createTime\":\"2025-12-02 13:58:58\",\"detailId\":15005,\"materialId\":4008,\"materialName\":\"柠檬\",\"params\":{},\"purchaseId\":14004,\"quantity\":50,\"specification\":\"500g/份\",\"unit\":\"份\",\"unitPrice\":15,\"updateTime\":\"2025-11-10 21:32:12\"}],\"purchaseId\":14004,\"purchaseNo\":\"PO-20240101004\",\"remark\":\"水果采购\",\"status\":2,\"supplierId\":3002,\"totalAmount\":750,\"updateTime\":\"2025-12-02 13:58:58\"}','{\"msg\":\"操作成功\",\"code\":200}',0,NULL,'2025-12-02 13:58:58',15),(576,'客户订单',2,'com.ruoyi.order.controller.OrderMainController.edit()','PUT',1,'admin','研发部门','/order/main','127.0.0.1','内网IP','{\"actualAmount\":1,\"completionTime\":\"2025-12-02\",\"createTime\":\"2025-12-02 07:50:53\",\"customerId\":8002,\"customerName\":\"张三\",\"customerPhone\":\"1\",\"discountAmount\":0,\"orderDetailList\":[{\"createTime\":\"2025-12-02 07:50:53\",\"customization\":\"\",\"detailId\":10012,\"orderId\":9017,\"params\":{},\"price\":14,\"productId\":1004,\"productName\":\"柠檬冷泡茶\",\"quantity\":1,\"subtotal\":14}],\"orderId\":9017,\"orderNo\":\"ORD-20251202255\",\"orderType\":3,\"params\":{},\"paymentStatus\":3,\"paymentType\":1,\"status\":8,\"totalAmount\":1,\"updateTime\":\"2025-12-02 14:24:56\"}','{\"msg\":\"操作成功\",\"code\":200}',0,NULL,'2025-12-02 14:24:57',94),(577,'客户订单',2,'com.ruoyi.order.controller.OrderMainController.edit()','PUT',1,'admin','研发部门','/order/main','127.0.0.1','内网IP','{\"actualAmount\":19,\"completionTime\":\"2025-12-02\",\"createTime\":\"2025-11-10 21:32:12\",\"customerId\":8009,\"customerName\":\"钱一\",\"customerPhone\":\"13512345678\",\"discountAmount\":0,\"operatorId\":1,\"orderDetailList\":[{\"createTime\":\"2025-11-10 21:32:12\",\"customization\":\"少奶盖\",\"detailId\":10009,\"orderId\":9009,\"params\":{},\"price\":19,\"productId\":1009,\"productName\":\"蓝莓奶盖茶\",\"quantity\":1,\"subtotal\":19}],\"orderId\":9009,\"orderNo\":\"ORD-20240101009\",\"orderType\":3,\"params\":{},\"paymentStatus\":1,\"paymentTime\":\"2025-11-10\",\"paymentType\":3,\"remark\":\"少奶盖\",\"status\":8,\"totalAmount\":19,\"updateTime\":\"2025-12-02 14:25:26\"}','{\"msg\":\"操作成功\",\"code\":200}',0,NULL,'2025-12-02 14:25:26',25),(578,'客户订单',2,'com.ruoyi.order.controller.OrderMainController.edit()','PUT',1,'admin','研发部门','/order/main','127.0.0.1','内网IP','{\"actualAmount\":16,\"completionTime\":\"2025-12-02\",\"createTime\":\"2025-11-10 21:32:12\",\"customerId\":8003,\"customerName\":\"王五\",\"customerPhone\":\"13912345678\",\"discountAmount\":2,\"operatorId\":1,\"orderDetailList\":[{\"createTime\":\"2025-11-10 21:32:12\",\"customization\":\"多芝士\",\"detailId\":10003,\"orderId\":9003,\"params\":{},\"price\":18,\"productId\":1003,\"productName\":\"芝士奶盖绿茶\",\"quantity\":1,\"subtotal\":18}],\"orderId\":9003,\"orderNo\":\"ORD-20240101003\",\"orderType\":3,\"params\":{},\"paymentStatus\":3,\"paymentTime\":\"2025-11-10\",\"paymentType\":1,\"remark\":\"多芝士\",\"status\":8,\"totalAmount\":18,\"updateTime\":\"2025-12-02 14:46:10\"}','{\"msg\":\"操作成功\",\"code\":200}',0,NULL,'2025-12-02 14:46:10',78),(579,'客户订单',2,'com.ruoyi.order.controller.OrderMainController.edit()','PUT',1,'admin','研发部门','/order/main','127.0.0.1','内网IP','{\"actualAmount\":16,\"completionTime\":\"2025-12-02\",\"createTime\":\"2025-11-10 21:32:12\",\"customerId\":8005,\"customerName\":\"孙七\",\"customerPhone\":\"13712345678\",\"deliveryAddress\":\"深圳市福田区\",\"discountAmount\":0,\"operatorId\":1,\"orderDetailList\":[{\"createTime\":\"2025-11-10 21:32:12\",\"customization\":\"少糖\",\"detailId\":10005,\"orderId\":9005,\"params\":{},\"price\":16,\"productId\":1005,\"productName\":\"芒果冰沙\",\"quantity\":1,\"subtotal\":16}],\"orderId\":9005,\"orderNo\":\"ORD-20240101005\",\"orderType\":2,\"params\":{},\"paymentStatus\":1,\"paymentTime\":\"2025-11-10\",\"paymentType\":1,\"remark\":\"少糖\",\"status\":8,\"totalAmount\":16,\"updateTime\":\"2025-12-02 14:46:23\"}','{\"msg\":\"操作成功\",\"code\":200}',0,NULL,'2025-12-02 14:46:23',27),(580,'原料信息',3,'com.ruoyi.material.controller.MaterialInfoController.remove()','DELETE',1,'admin','研发部门','/material/info/4024,4027,4028,4026','127.0.0.1','内网IP','[4024,4027,4028,4026]',NULL,1,'\r\n### Error updating database.  Cause: java.sql.SQLIntegrityConstraintViolationException: Cannot delete or update a parent row: a foreign key constraint fails (`mtoi`.`material_info`, CONSTRAINT `fk_material_supplier` FOREIGN KEY (`supplier_id`) REFERENCES `supplier` (`supplier_id`))\r\n### The error may exist in file [D:\\workspace\\idea\\MTOI\\ruoyi-material\\target\\classes\\mapper\\material\\MaterialInfoMapper.xml]\r\n### The error may involve com.ruoyi.material.mapper.MaterialInfoMapper.deleteSupplierBySupplierIds-Inline\r\n### The error occurred while setting parameters\r\n### SQL: delete from supplier where supplier_id in           (               ?          ,              ?          ,              ?          ,              ?          )\r\n### Cause: java.sql.SQLIntegrityConstraintViolationException: Cannot delete or update a parent row: a foreign key constraint fails (`mtoi`.`material_info`, CONSTRAINT `fk_material_supplier` FOREIGN KEY (`supplier_id`) REFERENCES `supplier` (`supplier_id`))\n; Cannot delete or update a parent row: a foreign key constraint fails (`mtoi`.`material_info`, CONSTRAINT `fk_material_supplier` FOREIGN KEY (`supplier_id`) REFERENCES `supplier` (`supplier_id`)); nested exception is java.sql.SQLIntegrityConstraintViolationException: Cannot delete or update a parent row: a foreign key constraint fails (`mtoi`.`material_info`, CONSTRAINT `fk_material_supplier` FOREIGN KEY (`supplier_id`) REFERENCES `supplier` (`supplier_id`))','2025-12-02 15:04:12',244),(581,'原料信息',3,'com.ruoyi.material.controller.MaterialInfoController.remove()','DELETE',1,'admin','研发部门','/material/info/4024','127.0.0.1','内网IP','[4024]','{\"msg\":\"操作成功\",\"code\":200}',0,NULL,'2025-12-02 15:04:25',28),(582,'原料信息',3,'com.ruoyi.material.controller.MaterialInfoController.remove()','DELETE',1,'admin','研发部门','/material/info/4026','127.0.0.1','内网IP','[4026]',NULL,1,'\r\n### Error updating database.  Cause: java.sql.SQLIntegrityConstraintViolationException: Cannot delete or update a parent row: a foreign key constraint fails (`mtoi`.`material_info`, CONSTRAINT `fk_material_supplier` FOREIGN KEY (`supplier_id`) REFERENCES `supplier` (`supplier_id`))\r\n### The error may exist in file [D:\\workspace\\idea\\MTOI\\ruoyi-material\\target\\classes\\mapper\\material\\MaterialInfoMapper.xml]\r\n### The error may involve com.ruoyi.material.mapper.MaterialInfoMapper.deleteSupplierBySupplierIds-Inline\r\n### The error occurred while setting parameters\r\n### SQL: delete from supplier where supplier_id in           (               ?          )\r\n### Cause: java.sql.SQLIntegrityConstraintViolationException: Cannot delete or update a parent row: a foreign key constraint fails (`mtoi`.`material_info`, CONSTRAINT `fk_material_supplier` FOREIGN KEY (`supplier_id`) REFERENCES `supplier` (`supplier_id`))\n; Cannot delete or update a parent row: a foreign key constraint fails (`mtoi`.`material_info`, CONSTRAINT `fk_material_supplier` FOREIGN KEY (`supplier_id`) REFERENCES `supplier` (`supplier_id`)); nested exception is java.sql.SQLIntegrityConstraintViolationException: Cannot delete or update a parent row: a foreign key constraint fails (`mtoi`.`material_info`, CONSTRAINT `fk_material_supplier` FOREIGN KEY (`supplier_id`) REFERENCES `supplier` (`supplier_id`))','2025-12-02 15:04:29',20),(583,'原料信息',2,'com.ruoyi.material.controller.MaterialInfoController.edit()','PUT',1,'admin','研发部门','/material/info','127.0.0.1','内网IP','{\"categoryId\":2001,\"createTime\":\"2025-11-24 23:25:53\",\"materialId\":4026,\"materialName\":\"乌龙茶叶\",\"params\":{},\"specification\":\"500g/包\",\"status\":1,\"supplierId\":3001,\"supplierList\":[{\"address\":\"\",\"contactPerson\":\"1\",\"contactPhone\":\"1\",\"createTime\":\"2025-11-24 23:35:46\",\"email\":\"\",\"params\":{},\"status\":1,\"supplierId\":4026,\"supplierName\":\"方法\"}],\"unit\":\"包\",\"updateTime\":\"2025-12-02 15:05:19\",\"warningDays\":7}',NULL,1,'\r\n### Error updating database.  Cause: java.sql.SQLIntegrityConstraintViolationException: Cannot delete or update a parent row: a foreign key constraint fails (`mtoi`.`material_info`, CONSTRAINT `fk_material_supplier` FOREIGN KEY (`supplier_id`) REFERENCES `supplier` (`supplier_id`))\r\n### The error may exist in file [D:\\workspace\\idea\\MTOI\\ruoyi-material\\target\\classes\\mapper\\material\\MaterialInfoMapper.xml]\r\n### The error may involve com.ruoyi.material.mapper.MaterialInfoMapper.deleteSupplierBySupplierId-Inline\r\n### The error occurred while setting parameters\r\n### SQL: delete from supplier where supplier_id = ?\r\n### Cause: java.sql.SQLIntegrityConstraintViolationException: Cannot delete or update a parent row: a foreign key constraint fails (`mtoi`.`material_info`, CONSTRAINT `fk_material_supplier` FOREIGN KEY (`supplier_id`) REFERENCES `supplier` (`supplier_id`))\n; Cannot delete or update a parent row: a foreign key constraint fails (`mtoi`.`material_info`, CONSTRAINT `fk_material_supplier` FOREIGN KEY (`supplier_id`) REFERENCES `supplier` (`supplier_id`)); nested exception is java.sql.SQLIntegrityConstraintViolationException: Cannot delete or update a parent row: a foreign key constraint fails (`mtoi`.`material_info`, CONSTRAINT `fk_material_supplier` FOREIGN KEY (`supplier_id`) REFERENCES `supplier` (`supplier_id`))','2025-12-02 15:05:19',46),(584,'原料信息',2,'com.ruoyi.material.controller.MaterialInfoController.edit()','PUT',1,'admin','研发部门','/material/info','127.0.0.1','内网IP','{\"categoryId\":2001,\"createTime\":\"2025-11-24 23:25:53\",\"materialId\":4026,\"materialName\":\"乌龙茶\",\"params\":{},\"specification\":\"11\",\"status\":1,\"supplierId\":3003,\"supplierList\":[{\"address\":\"\",\"contactPerson\":\"1\",\"contactPhone\":\"1\",\"createTime\":\"2025-11-24 23:35:46\",\"email\":\"\",\"params\":{},\"status\":1,\"supplierId\":4026,\"supplierName\":\"方法\"}],\"unit\":\"111\",\"updateTime\":\"2025-12-02 15:05:56\",\"warningDays\":7}',NULL,1,'\r\n### Error updating database.  Cause: java.sql.SQLIntegrityConstraintViolationException: Cannot delete or update a parent row: a foreign key constraint fails (`mtoi`.`material_info`, CONSTRAINT `fk_material_supplier` FOREIGN KEY (`supplier_id`) REFERENCES `supplier` (`supplier_id`))\r\n### The error may exist in file [D:\\workspace\\idea\\MTOI\\ruoyi-material\\target\\classes\\mapper\\material\\MaterialInfoMapper.xml]\r\n### The error may involve com.ruoyi.material.mapper.MaterialInfoMapper.deleteSupplierBySupplierId-Inline\r\n### The error occurred while setting parameters\r\n### SQL: delete from supplier where supplier_id = ?\r\n### Cause: java.sql.SQLIntegrityConstraintViolationException: Cannot delete or update a parent row: a foreign key constraint fails (`mtoi`.`material_info`, CONSTRAINT `fk_material_supplier` FOREIGN KEY (`supplier_id`) REFERENCES `supplier` (`supplier_id`))\n; Cannot delete or update a parent row: a foreign key constraint fails (`mtoi`.`material_info`, CONSTRAINT `fk_material_supplier` FOREIGN KEY (`supplier_id`) REFERENCES `supplier` (`supplier_id`)); nested exception is java.sql.SQLIntegrityConstraintViolationException: Cannot delete or update a parent row: a foreign key constraint fails (`mtoi`.`material_info`, CONSTRAINT `fk_material_supplier` FOREIGN KEY (`supplier_id`) REFERENCES `supplier` (`supplier_id`))','2025-12-02 15:05:56',16),(585,'参数管理',2,'com.ruoyi.web.controller.system.SysConfigController.edit()','PUT',1,'admin','研发部门','/system/config','127.0.0.1','内网IP','{\"configId\":4,\"configKey\":\"sys.account.captchaEnabled\",\"configName\":\"账号自助-验证码开关\",\"configType\":\"Y\",\"configValue\":\"true\",\"createBy\":\"admin\",\"createTime\":\"2025-11-10 21:36:16\",\"params\":{},\"remark\":\"是否开启验证码功能（true开启，false关闭）\",\"updateBy\":\"admin\",\"updateTime\":\"2025-11-11 08:09:50\"}','{\"msg\":\"操作成功\",\"code\":200}',0,NULL,'2025-12-08 08:51:39',37),(586,'菜单管理',3,'com.ruoyi.web.controller.system.SysMenuController.remove()','DELETE',1,'admin','研发部门','/system/menu/2013','127.0.0.1','内网IP','2013','{\"msg\":\"操作成功\",\"code\":200}',0,NULL,'2025-12-08 08:52:34',37),(587,'产品信息',2,'com.ruoyi.product.controller.ProductInfoController.edit()','PUT',1,'admin','研发部门','/product/info','127.0.0.1','内网IP','{\"categoryId\":1009,\"createBy\":\"admin\",\"createTime\":\"2025-11-10 21:32:12\",\"description\":\"新鲜芒果制作的冰沙\",\"imageUrl\":\"/profile/upload/2025/12/02/make_20251202133854A004.png\",\"isHot\":0,\"isNew\":0,\"params\":{},\"price\":16,\"productFormulaList\":[],\"productId\":1005,\"productName\":\"芒果冰沙\",\"status\":0,\"updateBy\":\"admin\",\"updateTime\":\"2025-12-08 08:53:43\"}','{\"msg\":\"操作成功\",\"code\":200}',0,NULL,'2025-12-08 08:53:43',32),(588,'产品信息',3,'com.ruoyi.product.controller.ProductInfoController.remove()','DELETE',1,'admin','研发部门','/product/info/1030','127.0.0.1','内网IP','[1030]','{\"msg\":\"操作成功\",\"code\":200}',0,NULL,'2025-12-08 08:54:00',39),(589,'产品信息',1,'com.ruoyi.product.controller.ProductInfoController.add()','POST',1,'admin','研发部门','/product/info','127.0.0.1','内网IP','{\"categoryId\":1012,\"createTime\":\"2025-12-08 08:54:45\",\"isHot\":0,\"isNew\":0,\"params\":{},\"price\":1,\"productFormulaList\":[{\"materialId\":4006,\"params\":{},\"quantity\":1,\"unit\":\"瓶\"}],\"productName\":\"1\",\"status\":1}',NULL,1,'产品名称已存在，请使用其他名称','2025-12-08 08:54:45',80),(590,'产品信息',1,'com.ruoyi.product.controller.ProductInfoController.add()','POST',1,'admin','研发部门','/product/info','127.0.0.1','内网IP','{\"categoryId\":1012,\"createTime\":\"2025-12-08 08:54:54\",\"isHot\":0,\"isNew\":0,\"params\":{},\"price\":1,\"productFormulaList\":[{\"createTime\":\"2025-12-08 08:54:54\",\"materialId\":4006,\"params\":{},\"productId\":1038,\"quantity\":1,\"unit\":\"瓶\",\"updateTime\":\"2025-12-08 08:54:54\"}],\"productId\":1038,\"productName\":\"新的\",\"status\":1}','{\"msg\":\"操作成功\",\"code\":200}',0,NULL,'2025-12-08 08:54:54',14),(591,'产品信息',3,'com.ruoyi.product.controller.ProductInfoController.remove()','DELETE',1,'admin','研发部门','/product/info/1038','127.0.0.1','内网IP','[1038]','{\"msg\":\"操作成功\",\"code\":200}',0,NULL,'2025-12-08 08:55:25',10),(592,'产品分类',1,'com.ruoyi.product.controller.ProductCategoryController.add()','POST',1,'admin','研发部门','/product/category','127.0.0.1','内网IP','{\"categoryName\":\"1\",\"children\":[],\"createTime\":\"2025-12-08 08:57:05\",\"params\":{},\"parentId\":0,\"status\":1}',NULL,1,'\r\n### Error updating database.  Cause: java.sql.SQLIntegrityConstraintViolationException: Duplicate entry \'1\' for key \'uk_category_name\'\r\n### The error may exist in file [D:\\workspace\\idea\\MTOI\\ruoyi-product\\target\\classes\\mapper\\product\\ProductCategoryMapper.xml]\r\n### The error may involve com.ruoyi.product.mapper.ProductCategoryMapper.insertProductCategory-Inline\r\n### The error occurred while setting parameters\r\n### SQL: insert into product_category          ( category_name,             parent_id,                          status,             create_time )           values ( ?,             ?,                          ?,             ? )\r\n### Cause: java.sql.SQLIntegrityConstraintViolationException: Duplicate entry \'1\' for key \'uk_category_name\'\n; Duplicate entry \'1\' for key \'uk_category_name\'; nested exception is java.sql.SQLIntegrityConstraintViolationException: Duplicate entry \'1\' for key \'uk_category_name\'','2025-12-08 08:57:05',12),(593,'产品分类',1,'com.ruoyi.product.controller.ProductCategoryController.add()','POST',1,'admin','研发部门','/product/category','127.0.0.1','内网IP','{\"categoryId\":1017,\"categoryName\":\"3\",\"children\":[],\"createTime\":\"2025-12-08 08:57:15\",\"params\":{},\"parentId\":0,\"status\":1}','{\"msg\":\"操作成功\",\"code\":200}',0,NULL,'2025-12-08 08:57:15',6),(594,'产品分类',1,'com.ruoyi.product.controller.ProductCategoryController.add()','POST',1,'admin','研发部门','/product/category','127.0.0.1','内网IP','{\"categoryId\":1018,\"categoryName\":\"6\",\"children\":[],\"createTime\":\"2025-12-08 08:57:29\",\"params\":{},\"parentId\":1017,\"status\":0}','{\"msg\":\"操作成功\",\"code\":200}',0,NULL,'2025-12-08 08:57:29',10),(595,'产品分类',3,'com.ruoyi.product.controller.ProductCategoryController.remove()','DELETE',1,'admin','研发部门','/product/category/1017','127.0.0.1','内网IP','[1017]','{\"msg\":\"操作成功\",\"code\":200}',0,NULL,'2025-12-08 08:57:39',5),(596,'产品分类',3,'com.ruoyi.product.controller.ProductCategoryController.remove()','DELETE',1,'admin','研发部门','/product/category/1018','127.0.0.1','内网IP','[1018]','{\"msg\":\"操作成功\",\"code\":200}',0,NULL,'2025-12-08 08:58:03',4),(597,'采购订单',2,'com.ruoyi.purchase.controller.PurchaseOrderController.edit()','PUT',1,'admin','研发部门','/purchase/order','127.0.0.1','内网IP','{\"auditTime\":\"2025-11-10\",\"auditorId\":1,\"completionTime\":\"2025-11-10\",\"createTime\":\"2025-11-10 21:32:12\",\"creatorId\":1,\"params\":{},\"purchaseDetailList\":[{\"actualQuantity\":50,\"amount\":2750.00,\"createTime\":\"2025-12-08 13:16:09\",\"detailId\":15001,\"materialId\":4001,\"materialName\":\"红茶茶叶\",\"params\":{},\"purchaseId\":14001,\"quantity\":55,\"specification\":\"500g/包\",\"unit\":\"包\",\"unitPrice\":50,\"updateTime\":\"2025-12-02 13:19:55\"},{\"actualQuantity\":50,\"amount\":2250,\"createTime\":\"2025-12-08 13:16:09\",\"detailId\":15002,\"materialId\":4002,\"materialName\":\"绿茶茶叶\",\"params\":{},\"purchaseId\":14001,\"quantity\":50,\"specification\":\"500g/包\",\"unit\":\"包\",\"unitPrice\":45,\"updateTime\":\"2025-11-10 21:32:12\"}],\"purchaseId\":14001,\"purchaseNo\":\"PO-20240101001\",\"remark\":\"茶叶采购\",\"status\":4,\"supplierId\":3001,\"totalAmount\":5000.00,\"updateTime\":\"2025-12-08 13:16:09\"}','{\"msg\":\"操作成功\",\"code\":200}',0,NULL,'2025-12-08 13:16:09',38),(598,'客户订单',2,'com.ruoyi.order.controller.OrderMainController.edit()','PUT',1,'admin','研发部门','/order/main','127.0.0.1','内网IP','{\"actualAmount\":12,\"completionTime\":\"2025-12-08\",\"createTime\":\"2025-11-10 21:32:12\",\"customerId\":8001,\"customerName\":\"张三\",\"customerPhone\":\"13812345678\",\"discountAmount\":0,\"operatorId\":1,\"orderDetailList\":[{\"createTime\":\"2025-11-10 21:32:12\",\"customization\":\"少冰\",\"detailId\":10001,\"orderId\":9001,\"params\":{},\"price\":12,\"productId\":1001,\"productName\":\"原味珍珠奶茶\",\"quantity\":2,\"subtotal\":24}],\"orderId\":9001,\"orderNo\":\"ORD-20240101001\",\"orderType\":1,\"params\":{},\"paymentStatus\":1,\"paymentTime\":\"2025-11-10\",\"paymentType\":1,\"remark\":\"少冰\",\"status\":8,\"tableNo\":\"A01\",\"totalAmount\":12,\"updateTime\":\"2025-12-08 13:17:23\"}','{\"msg\":\"操作成功\",\"code\":200}',0,NULL,'2025-12-08 13:17:23',23),(599,'客户订单',1,'com.ruoyi.order.controller.OrderMainController.add()','POST',1,'admin','研发部门','/order/main','127.0.0.1','内网IP','{\"actualAmount\":14,\"createTime\":\"2025-12-08 13:27:32\",\"customerName\":\"张三\",\"customerPhone\":\"123\",\"discountAmount\":10,\"orderDetailList\":[{\"createTime\":\"2025-12-08 13:27:32\",\"customization\":\"小料选择: 珍珠,椰果,红豆,布丁;\",\"orderId\":9018,\"params\":{},\"price\":12,\"productId\":1001,\"productName\":\"原味珍珠奶茶\",\"quantity\":2,\"subtotal\":24}],\"orderId\":9018,\"orderNo\":\"ORD-20251208455\",\"orderType\":1,\"params\":{},\"paymentStatus\":0,\"paymentTime\":\"2025-12-08\",\"status\":7,\"tableNo\":\"A1\",\"totalAmount\":24}','{\"msg\":\"操作成功\",\"code\":200}',0,NULL,'2025-12-08 13:27:32',25),(600,'客户订单',1,'com.ruoyi.order.controller.OrderMainController.add()','POST',1,'admin','研发部门','/order/main','127.0.0.1','内网IP','{\"actualAmount\":1,\"createTime\":\"2025-12-08 13:48:21\",\"customerId\":12,\"customerName\":\"问问\",\"customerPhone\":\"12\",\"discountAmount\":11.00,\"orderDetailList\":[{\"customization\":\"糖度选择: 无糖,少糖,正常,多糖; 小料选择: 珍珠,椰果,红豆,布丁;\",\"params\":{},\"price\":12,\"productId\":1001,\"productName\":\"原味珍珠奶茶\",\"quantity\":1,\"subtotal\":12}],\"orderNo\":\"ORD-20251208519\",\"orderType\":3,\"params\":{},\"paymentStatus\":1,\"paymentTime\":\"2025-12-08\",\"status\":3,\"totalAmount\":12.00}',NULL,1,'\r\n### Error updating database.  Cause: java.sql.SQLIntegrityConstraintViolationException: Cannot add or update a child row: a foreign key constraint fails (`mtoi`.`order_main`, CONSTRAINT `fk_order_customer` FOREIGN KEY (`customer_id`) REFERENCES `customer` (`customer_id`))\r\n### The error may exist in file [D:\\workspace\\idea\\MTOI\\ruoyi-order\\target\\classes\\mapper\\order\\OrderMainMapper.xml]\r\n### The error may involve com.ruoyi.order.mapper.OrderMainMapper.insertOrderMain-Inline\r\n### The error occurred while setting parameters\r\n### SQL: insert into order_main          ( order_no,             customer_id,             customer_name,             customer_phone,             total_amount,             actual_amount,             discount_amount,             order_type,             status,             payment_status,                                                                              create_time )           values ( ?,             ?,             ?,             ?,             ?,             ?,             ?,             ?,             ?,             ?,                                                                              ? )\r\n### Cause: java.sql.SQLIntegrityConstraintViolationException: Cannot add or update a child row: a foreign key constraint fails (`mtoi`.`order_main`, CONSTRAINT `fk_order_customer` FOREIGN KEY (`customer_id`) REFERENCES `customer` (`customer_id`))\n; Cannot add or update a child row: a foreign key constraint fails (`mtoi`.`order_main`, CONSTRAINT `fk_order_customer` FOREIGN KEY (`customer_id`) REFERENCES `customer` (`customer_id`)); nested exception is java.sql.SQLIntegrityConstraintViolationException: Cannot add or update a child row: a foreign key constraint fails (`mtoi`.`order_main`, CONSTRAINT `fk_order_customer` FOREIGN KEY (`customer_id`) REFERENCES `customer` (`customer_id`))','2025-12-08 13:48:21',68),(601,'客户订单',1,'com.ruoyi.order.controller.OrderMainController.add()','POST',1,'admin','研发部门','/order/main','127.0.0.1','内网IP','{\"actualAmount\":1,\"createTime\":\"2025-12-08 13:48:35\",\"customerId\":12,\"customerName\":\"问问\",\"customerPhone\":\"12\",\"discountAmount\":11.00,\"orderDetailList\":[{\"customization\":\"糖度选择: 无糖,少糖,正常,多糖; 小料选择: 珍珠,椰果,红豆,布丁;\",\"params\":{},\"price\":12,\"productId\":1001,\"productName\":\"原味珍珠奶茶\",\"quantity\":1,\"subtotal\":12}],\"orderNo\":\"ORD-20251208519\",\"orderType\":3,\"params\":{},\"paymentStatus\":1,\"paymentTime\":\"2025-12-08\",\"status\":3,\"totalAmount\":12.00}',NULL,1,'\r\n### Error updating database.  Cause: java.sql.SQLIntegrityConstraintViolationException: Cannot add or update a child row: a foreign key constraint fails (`mtoi`.`order_main`, CONSTRAINT `fk_order_customer` FOREIGN KEY (`customer_id`) REFERENCES `customer` (`customer_id`))\r\n### The error may exist in file [D:\\workspace\\idea\\MTOI\\ruoyi-order\\target\\classes\\mapper\\order\\OrderMainMapper.xml]\r\n### The error may involve com.ruoyi.order.mapper.OrderMainMapper.insertOrderMain-Inline\r\n### The error occurred while setting parameters\r\n### SQL: insert into order_main          ( order_no,             customer_id,             customer_name,             customer_phone,             total_amount,             actual_amount,             discount_amount,             order_type,             status,             payment_status,                                                                              create_time )           values ( ?,             ?,             ?,             ?,             ?,             ?,             ?,             ?,             ?,             ?,                                                                              ? )\r\n### Cause: java.sql.SQLIntegrityConstraintViolationException: Cannot add or update a child row: a foreign key constraint fails (`mtoi`.`order_main`, CONSTRAINT `fk_order_customer` FOREIGN KEY (`customer_id`) REFERENCES `customer` (`customer_id`))\n; Cannot add or update a child row: a foreign key constraint fails (`mtoi`.`order_main`, CONSTRAINT `fk_order_customer` FOREIGN KEY (`customer_id`) REFERENCES `customer` (`customer_id`)); nested exception is java.sql.SQLIntegrityConstraintViolationException: Cannot add or update a child row: a foreign key constraint fails (`mtoi`.`order_main`, CONSTRAINT `fk_order_customer` FOREIGN KEY (`customer_id`) REFERENCES `customer` (`customer_id`))','2025-12-08 13:48:35',15),(602,'客户订单',1,'com.ruoyi.order.controller.OrderMainController.add()','POST',1,'admin','研发部门','/order/main','127.0.0.1','内网IP','{\"actualAmount\":12.00,\"createTime\":\"2025-12-08 14:37:02\",\"customerName\":\"1\",\"customerPhone\":\"1\",\"discountAmount\":0.00,\"orderDetailList\":[{\"createTime\":\"2025-12-08 14:37:02\",\"customization\":\"糖度选择: 无糖,少糖,正常,多糖;\",\"orderId\":9021,\"params\":{},\"price\":12,\"productId\":1001,\"productName\":\"原味珍珠奶茶\",\"quantity\":1,\"subtotal\":12}],\"orderId\":9021,\"orderNo\":\"ORD-20251208178\",\"orderType\":3,\"params\":{},\"paymentStatus\":0,\"paymentTime\":\"2025-12-08\",\"status\":1,\"totalAmount\":12.00}','{\"msg\":\"操作成功\",\"code\":200}',0,NULL,'2025-12-08 14:37:02',16),(603,'客户订单',1,'com.ruoyi.order.controller.OrderMainController.add()','POST',1,'admin','研发部门','/order/main','127.0.0.1','内网IP','{\"actualAmount\":12.00,\"createTime\":\"2025-12-08 20:26:44\",\"customerName\":\"1\",\"customerPhone\":\"1\",\"deliveryAddress\":\"1\",\"discountAmount\":3.00,\"orderDetailList\":[{\"createTime\":\"2025-12-08 20:26:44\",\"customization\":\"温度选择: 冰; 糖度选择: 少糖; 酸度: 7分酸;\",\"orderId\":9022,\"params\":{},\"price\":15,\"productId\":1002,\"productName\":\"草莓果茶\",\"quantity\":1,\"subtotal\":15},{\"createTime\":\"2025-12-08 20:26:44\",\"customization\":\"\",\"orderId\":9022,\"params\":{},\"price\":0,\"productName\":\"\",\"quantity\":1,\"subtotal\":0}],\"orderId\":9022,\"orderNo\":\"ORD-20251208275\",\"orderType\":2,\"params\":{},\"paymentStatus\":1,\"paymentTime\":\"2025-12-08\",\"status\":1,\"totalAmount\":15.00}',NULL,1,'\r\n### Error updating database.  Cause: java.sql.SQLIntegrityConstraintViolationException: Column \'product_id\' cannot be null\r\n### The error may exist in file [D:\\workspace\\idea\\MTOI\\ruoyi-order\\target\\classes\\mapper\\order\\OrderMainMapper.xml]\r\n### The error may involve defaultParameterMap\r\n### The error occurred while setting parameters\r\n### SQL: insert into order_detail( detail_id, order_id, product_id, product_name, quantity, price, subtotal, customization, create_time) values                        ( ?, ?, ?, ?, ?, ?, ?, ?, ?)          ,              ( ?, ?, ?, ?, ?, ?, ?, ?, ?)\r\n### Cause: java.sql.SQLIntegrityConstraintViolationException: Column \'product_id\' cannot be null\n; Column \'product_id\' cannot be null; nested exception is java.sql.SQLIntegrityConstraintViolationException: Column \'product_id\' cannot be null','2025-12-08 20:26:44',214),(604,'客户订单',1,'com.ruoyi.order.controller.OrderMainController.add()','POST',1,'admin','研发部门','/order/main','127.0.0.1','内网IP','{\"actualAmount\":12.00,\"createTime\":\"2025-12-08 20:26:51\",\"customerName\":\"1\",\"customerPhone\":\"1\",\"deliveryAddress\":\"1\",\"discountAmount\":3.00,\"orderDetailList\":[{\"createTime\":\"2025-12-08 20:26:51\",\"customization\":\"温度选择: 冰; 糖度选择: 少糖; 酸度: 7分酸;\",\"orderId\":9023,\"params\":{},\"price\":15,\"productId\":1002,\"productName\":\"草莓果茶\",\"quantity\":1,\"subtotal\":15}],\"orderId\":9023,\"orderNo\":\"ORD-20251208275\",\"orderType\":2,\"params\":{},\"paymentStatus\":1,\"paymentTime\":\"2025-12-08\",\"status\":1,\"totalAmount\":15.00}','{\"msg\":\"操作成功\",\"code\":200}',0,NULL,'2025-12-08 20:26:51',14),(605,'客户订单',2,'com.ruoyi.order.controller.OrderMainController.edit()','PUT',1,'admin','研发部门','/order/main','127.0.0.1','内网IP','{\"actualAmount\":14,\"createTime\":\"2025-12-08 13:27:32\",\"customerName\":\"张三\",\"customerPhone\":\"123\",\"discountAmount\":10,\"orderDetailList\":[{\"createTime\":\"2025-12-08 13:27:32\",\"customization\":\"小料选择: 珍珠,椰果,红豆,布丁;\",\"detailId\":10013,\"orderId\":9018,\"params\":{},\"price\":12,\"productId\":1001,\"productName\":\"原味珍珠奶茶\",\"quantity\":2,\"subtotal\":24}],\"orderId\":9018,\"orderNo\":\"ORD-20251208455\",\"orderType\":1,\"params\":{},\"paymentStatus\":0,\"remark\":\"备注\",\"status\":7,\"tableNo\":\"A1\",\"totalAmount\":24,\"updateTime\":\"2025-12-08 20:33:08\"}','{\"msg\":\"操作成功\",\"code\":200}',0,NULL,'2025-12-08 20:33:08',29),(606,'客户订单',2,'com.ruoyi.order.controller.OrderMainController.edit()','PUT',1,'admin','研发部门','/order/main','127.0.0.1','内网IP','{\"actualAmount\":12,\"createTime\":\"2025-12-08 20:26:51\",\"customerName\":\"1\",\"customerPhone\":\"1\",\"deliveryAddress\":\"1\",\"discountAmount\":0.00,\"orderDetailList\":[{\"createTime\":\"2025-12-08 20:26:51\",\"customization\":\"糖度选择: 少糖; 小料选择: 红豆; 酸: 酸2;\",\"detailId\":10017,\"orderId\":9023,\"params\":{},\"price\":12,\"productId\":1001,\"productName\":\"原味珍珠奶茶\",\"quantity\":1,\"subtotal\":12}],\"orderId\":9023,\"orderNo\":\"ORD-20251208275\",\"orderType\":2,\"params\":{},\"paymentStatus\":1,\"remark\":\"备注\",\"status\":1,\"totalAmount\":12.00,\"updateTime\":\"2025-12-08 20:34:06\"}','{\"msg\":\"操作成功\",\"code\":200}',0,NULL,'2025-12-08 20:34:06',17),(607,'客户订单',2,'com.ruoyi.order.controller.OrderMainController.edit()','PUT',1,'admin','研发部门','/order/main','127.0.0.1','内网IP','{\"actualAmount\":12,\"createTime\":\"2025-12-08 20:26:51\",\"customerName\":\"1\",\"customerPhone\":\"1\",\"deliveryAddress\":\"1\",\"discountAmount\":3.00,\"orderDetailList\":[{\"createTime\":\"2025-12-08 20:26:51\",\"customization\":\"糖度选择: 正常; 酸度: 7分酸;\",\"detailId\":10017,\"orderId\":9023,\"params\":{},\"price\":15,\"productId\":1002,\"productName\":\"草莓果茶\",\"quantity\":1,\"subtotal\":15}],\"orderId\":9023,\"orderNo\":\"ORD-20251208275\",\"orderType\":2,\"params\":{},\"paymentStatus\":1,\"remark\":\"备注\",\"status\":1,\"totalAmount\":15.00,\"updateTime\":\"2025-12-08 20:43:22\"}','{\"msg\":\"操作成功\",\"code\":200}',0,NULL,'2025-12-08 20:43:22',10),(608,'客户订单',2,'com.ruoyi.order.controller.OrderMainController.edit()','PUT',1,'admin','研发部门','/order/main','127.0.0.1','内网IP','{\"actualAmount\":12,\"createTime\":\"2025-12-08 20:26:51\",\"customerName\":\"1\",\"customerPhone\":\"1\",\"deliveryAddress\":\"1\",\"discountAmount\":0.00,\"orderDetailList\":[{\"createTime\":\"2025-12-08 20:26:51\",\"customization\":\"糖度选择: 正常; 酸度: 7分酸;\",\"detailId\":10017,\"orderId\":9023,\"params\":{},\"price\":12,\"productId\":1001,\"productName\":\"原味珍珠奶茶\",\"quantity\":1,\"subtotal\":12}],\"orderId\":9023,\"orderNo\":\"ORD-20251208275\",\"orderType\":2,\"params\":{},\"paymentStatus\":1,\"remark\":\"备注\",\"status\":1,\"totalAmount\":12.00,\"updateTime\":\"2025-12-08 20:43:29\"}','{\"msg\":\"操作成功\",\"code\":200}',0,NULL,'2025-12-08 20:43:29',10),(609,'客户订单',2,'com.ruoyi.order.controller.OrderMainController.edit()','PUT',1,'admin','研发部门','/order/main','127.0.0.1','内网IP','{\"actualAmount\":1,\"completionTime\":\"2025-12-08\",\"createTime\":\"2025-12-02 07:50:53\",\"customerId\":8002,\"customerName\":\"张三\",\"customerPhone\":\"1\",\"discountAmount\":0,\"orderDetailList\":[{\"createTime\":\"2025-12-02 07:50:53\",\"customization\":\"\",\"detailId\":10012,\"orderId\":9017,\"params\":{},\"price\":14,\"productId\":1004,\"productName\":\"柠檬冷泡茶\",\"quantity\":1,\"subtotal\":14}],\"orderId\":9017,\"orderNo\":\"ORD-20251202255\",\"orderType\":3,\"params\":{},\"paymentStatus\":4,\"paymentType\":1,\"status\":8,\"totalAmount\":1,\"updateTime\":\"2025-12-08 20:54:05\"}','{\"msg\":\"操作成功\",\"code\":200}',0,NULL,'2025-12-08 20:54:05',13),(610,'客户订单',2,'com.ruoyi.order.controller.OrderMainController.edit()','PUT',1,'admin','研发部门','/order/main','127.0.0.1','内网IP','{\"actualAmount\":1,\"completionTime\":\"2025-12-08\",\"createTime\":\"2025-12-01 23:54:35\",\"customerName\":\"1\",\"customerPhone\":\"1\",\"discountAmount\":0,\"orderDetailList\":[{\"createTime\":\"2025-12-01 23:54:35\",\"customization\":\"\",\"detailId\":10011,\"orderId\":9016,\"params\":{},\"price\":17,\"productId\":1007,\"productName\":\"焦糖咖啡\",\"quantity\":1,\"subtotal\":17}],\"orderId\":9016,\"orderNo\":\"ORD-20251201725\",\"orderType\":1,\"params\":{},\"paymentStatus\":1,\"status\":8,\"tableNo\":\"1\",\"totalAmount\":1,\"updateTime\":\"2025-12-08 20:54:18\"}','{\"msg\":\"操作成功\",\"code\":200}',0,NULL,'2025-12-08 20:54:18',12),(611,'客户订单',2,'com.ruoyi.order.controller.OrderMainController.edit()','PUT',1,'admin','研发部门','/order/main','127.0.0.1','内网IP','{\"actualAmount\":12,\"completionTime\":\"2025-12-08\",\"createTime\":\"2025-12-08 14:37:03\",\"customerName\":\"1\",\"customerPhone\":\"1\",\"discountAmount\":0,\"orderDetailList\":[{\"createTime\":\"2025-12-08 14:37:03\",\"customization\":\"糖度选择: 无糖,少糖,正常,多糖;\",\"detailId\":10014,\"orderId\":9021,\"params\":{},\"price\":12,\"productId\":1001,\"productName\":\"原味珍珠奶茶\",\"quantity\":1,\"subtotal\":12}],\"orderId\":9021,\"orderNo\":\"ORD-20251208178\",\"orderType\":3,\"params\":{},\"paymentStatus\":1,\"status\":8,\"totalAmount\":12,\"updateTime\":\"2025-12-08 20:54:45\"}','{\"msg\":\"操作成功\",\"code\":200}',0,NULL,'2025-12-08 20:54:45',11),(612,'客户订单',2,'com.ruoyi.order.controller.OrderMainController.edit()','PUT',1,'admin','研发部门','/order/main','127.0.0.1','内网IP','{\"actualAmount\":14,\"completionTime\":\"2025-12-08\",\"createTime\":\"2025-12-08 13:27:32\",\"customerName\":\"张三\",\"customerPhone\":\"123\",\"discountAmount\":10,\"orderDetailList\":[{\"createTime\":\"2025-12-08 13:27:32\",\"customization\":\"小料选择: 珍珠,椰果,红豆,布丁;\",\"detailId\":10013,\"orderId\":9018,\"params\":{},\"price\":12,\"productId\":1001,\"productName\":\"原味珍珠奶茶\",\"quantity\":2,\"subtotal\":24}],\"orderId\":9018,\"orderNo\":\"ORD-20251208455\",\"orderType\":1,\"params\":{},\"paymentStatus\":0,\"remark\":\"备注\",\"status\":8,\"tableNo\":\"A1\",\"totalAmount\":24,\"updateTime\":\"2025-12-08 20:55:30\"}','{\"msg\":\"操作成功\",\"code\":200}',0,NULL,'2025-12-08 20:55:30',15),(613,'采购订单',2,'com.ruoyi.purchase.controller.PurchaseOrderController.edit()','PUT',1,'admin','研发部门','/purchase/order','127.0.0.1','内网IP','{\"auditTime\":\"2025-11-10\",\"auditorId\":1,\"completionTime\":\"2025-11-10\",\"createTime\":\"2025-11-10 21:32:12\",\"creatorId\":1,\"params\":{},\"purchaseDetailList\":[{\"actualQuantity\":50,\"amount\":2750,\"createTime\":\"2025-12-08 20:56:05\",\"detailId\":15001,\"materialId\":4001,\"materialName\":\"红茶茶叶\",\"params\":{},\"purchaseId\":14001,\"quantity\":55,\"specification\":\"500g/包\",\"unit\":\"包\",\"unitPrice\":50,\"updateTime\":\"2025-12-02 13:19:55\"},{\"actualQuantity\":50,\"amount\":2250,\"createTime\":\"2025-12-08 20:56:05\",\"detailId\":15002,\"materialId\":4002,\"materialName\":\"绿茶茶叶\",\"params\":{},\"purchaseId\":14001,\"quantity\":50,\"specification\":\"500g/包\",\"unit\":\"包\",\"unitPrice\":45,\"updateTime\":\"2025-11-10 21:32:12\"}],\"purchaseId\":14001,\"purchaseNo\":\"PO-20240101001\",\"remark\":\"茶叶采购\",\"status\":2,\"supplierId\":3001,\"totalAmount\":5000,\"updateTime\":\"2025-12-08 20:56:05\"}','{\"msg\":\"操作成功\",\"code\":200}',0,NULL,'2025-12-08 20:56:05',16),(614,'库存信息',1,'com.ruoyi.stock.controller.StockInfoController.add()','POST',1,'admin','研发部门','/stock/info','127.0.0.1','内网IP','{\"alertThreshold\":1,\"createTime\":\"2025-12-08 21:10:11\",\"location\":\"A区-02\",\"materialId\":4001,\"params\":{},\"quantity\":13,\"warehouseId\":5002}',NULL,1,'\r\n### Error updating database.  Cause: java.sql.SQLException: Field \'update_time\' doesn\'t have a default value\r\n### The error may exist in file [D:\\workspace\\idea\\MTOI\\ruoyi-stock\\target\\classes\\mapper\\stock\\StockInfoMapper.xml]\r\n### The error may involve com.ruoyi.stock.mapper.StockInfoMapper.insertStockInfo-Inline\r\n### The error occurred while setting parameters\r\n### SQL: insert into stock_info          ( material_id,             quantity,             alert_threshold,             warehouse_id,             location,             create_time )           values ( ?,             ?,             ?,             ?,             ?,             ? )\r\n### Cause: java.sql.SQLException: Field \'update_time\' doesn\'t have a default value\n; Field \'update_time\' doesn\'t have a default value; nested exception is java.sql.SQLException: Field \'update_time\' doesn\'t have a default value','2025-12-08 21:10:11',13),(615,'库存信息',1,'com.ruoyi.stock.controller.StockInfoController.add()','POST',1,'admin','研发部门','/stock/info','127.0.0.1','内网IP','{\"alertThreshold\":1,\"createTime\":\"2025-12-08 21:10:24\",\"location\":\"A区-02\",\"materialId\":4002,\"params\":{},\"quantity\":13,\"warehouseId\":5002}',NULL,1,'\r\n### Error updating database.  Cause: java.sql.SQLException: Field \'update_time\' doesn\'t have a default value\r\n### The error may exist in file [D:\\workspace\\idea\\MTOI\\ruoyi-stock\\target\\classes\\mapper\\stock\\StockInfoMapper.xml]\r\n### The error may involve com.ruoyi.stock.mapper.StockInfoMapper.insertStockInfo-Inline\r\n### The error occurred while setting parameters\r\n### SQL: insert into stock_info          ( material_id,             quantity,             alert_threshold,             warehouse_id,             location,             create_time )           values ( ?,             ?,             ?,             ?,             ?,             ? )\r\n### Cause: java.sql.SQLException: Field \'update_time\' doesn\'t have a default value\n; Field \'update_time\' doesn\'t have a default value; nested exception is java.sql.SQLException: Field \'update_time\' doesn\'t have a default value','2025-12-08 21:10:24',4),(616,'库存信息',1,'com.ruoyi.stock.controller.StockInfoController.add()','POST',1,'admin','研发部门','/stock/info','127.0.0.1','内网IP','{\"alertThreshold\":1,\"createTime\":\"2025-12-08 21:10:44\",\"location\":\"A区-02\",\"materialId\":4001,\"params\":{},\"quantity\":13,\"warehouseId\":5002}',NULL,1,'\r\n### Error updating database.  Cause: java.sql.SQLException: Field \'update_time\' doesn\'t have a default value\r\n### The error may exist in file [D:\\workspace\\idea\\MTOI\\ruoyi-stock\\target\\classes\\mapper\\stock\\StockInfoMapper.xml]\r\n### The error may involve com.ruoyi.stock.mapper.StockInfoMapper.insertStockInfo-Inline\r\n### The error occurred while setting parameters\r\n### SQL: insert into stock_info          ( material_id,             quantity,             alert_threshold,             warehouse_id,             location,             create_time )           values ( ?,             ?,             ?,             ?,             ?,             ? )\r\n### Cause: java.sql.SQLException: Field \'update_time\' doesn\'t have a default value\n; Field \'update_time\' doesn\'t have a default value; nested exception is java.sql.SQLException: Field \'update_time\' doesn\'t have a default value','2025-12-08 21:10:44',4),(617,'供应商',2,'com.ruoyi.material.controller.SupplierController.edit()','PUT',1,'admin','研发部门','/material/supplier','127.0.0.1','内网IP','{\"address\":\"上海市浦东新区\",\"contactPerson\":\"李四\",\"contactPhone\":\"13800138002\",\"createTime\":\"2025-11-10 21:32:12\",\"email\":\"fruit@example.com\",\"params\":{},\"status\":0,\"supplierId\":3002,\"supplierName\":\"新鲜水果供应商\",\"updateTime\":\"2025-12-08 21:17:36\"}','{\"msg\":\"操作成功\",\"code\":200}',0,NULL,'2025-12-08 21:17:36',20),(618,'供应商',2,'com.ruoyi.material.controller.SupplierController.edit()','PUT',1,'admin','研发部门','/material/supplier','127.0.0.1','内网IP','{\"address\":\"广州市天河区\",\"contactPerson\":\"王五\",\"contactPhone\":\"13800138003\",\"createTime\":\"2025-11-10 21:32:12\",\"email\":\"milk@example.com\",\"params\":{},\"status\":0,\"supplierId\":3003,\"supplierName\":\"乳制品供应商\",\"updateTime\":\"2025-12-08 21:17:39\"}','{\"msg\":\"操作成功\",\"code\":200}',0,NULL,'2025-12-08 21:17:39',8),(619,'供应商',2,'com.ruoyi.material.controller.SupplierController.edit()','PUT',1,'admin','研发部门','/material/supplier','127.0.0.1','内网IP','{\"address\":\"深圳市南山区\",\"contactPerson\":\"赵六\",\"contactPhone\":\"13800138004\",\"createTime\":\"2025-11-10 21:32:12\",\"email\":\"packing@example.com\",\"params\":{},\"status\":0,\"supplierId\":3004,\"supplierName\":\"包装材料供应商\",\"updateTime\":\"2025-12-08 21:17:42\"}','{\"msg\":\"操作成功\",\"code\":200}',0,NULL,'2025-12-08 21:17:42',6),(620,'供应商',2,'com.ruoyi.material.controller.SupplierController.edit()','PUT',1,'admin','研发部门','/material/supplier','127.0.0.1','内网IP','{\"address\":\"重庆市渝中区\",\"contactPerson\":\"吴九\",\"contactPhone\":\"13800138007\",\"createTime\":\"2025-11-10 21:32:12\",\"email\":\"sugar@example.com\",\"params\":{},\"status\":0,\"supplierId\":3007,\"supplierName\":\"糖类供应商\",\"updateTime\":\"2025-12-08 21:17:45\"}','{\"msg\":\"操作成功\",\"code\":200}',0,NULL,'2025-12-08 21:17:45',9),(621,'供应商',2,'com.ruoyi.material.controller.SupplierController.edit()','PUT',1,'admin','研发部门','/material/supplier','127.0.0.1','内网IP','{\"address\":\"南京市玄武区\",\"contactPerson\":\"钱一\",\"contactPhone\":\"13800138009\",\"createTime\":\"2025-11-10 21:32:12\",\"email\":\"additive@example.com\",\"params\":{},\"status\":0,\"supplierId\":3009,\"supplierName\":\"添加剂供应商\",\"updateTime\":\"2025-12-08 21:17:48\"}','{\"msg\":\"操作成功\",\"code\":200}',0,NULL,'2025-12-08 21:17:48',9),(622,'库存信息',2,'com.ruoyi.stock.controller.StockInfoController.edit()','PUT',1,'admin','研发部门','/stock/info','127.0.0.1','内网IP','{\"alertThreshold\":5,\"createTime\":\"2025-11-10 21:32:12\",\"location\":\"A区-01\",\"materialId\":4001,\"params\":{},\"quantity\":50,\"stockId\":6001,\"updateTime\":\"2025-12-08 21:18:15\",\"warehouseId\":5001}','{\"msg\":\"操作成功\",\"code\":200}',0,NULL,'2025-12-08 21:18:15',19),(623,'库存信息',1,'com.ruoyi.stock.controller.StockInfoController.add()','POST',1,'admin','研发部门','/stock/info','127.0.0.1','内网IP','{\"alertThreshold\":1,\"createTime\":\"2025-12-08 21:18:30\",\"materialId\":4001,\"params\":{},\"quantity\":1,\"warehouseId\":5001}',NULL,1,'\r\n### Error updating database.  Cause: java.sql.SQLException: Field \'update_time\' doesn\'t have a default value\r\n### The error may exist in file [D:\\workspace\\idea\\MTOI\\ruoyi-stock\\target\\classes\\mapper\\stock\\StockInfoMapper.xml]\r\n### The error may involve com.ruoyi.stock.mapper.StockInfoMapper.insertStockInfo-Inline\r\n### The error occurred while setting parameters\r\n### SQL: insert into stock_info          ( material_id,             quantity,             alert_threshold,             warehouse_id,                          create_time )           values ( ?,             ?,             ?,             ?,                          ? )\r\n### Cause: java.sql.SQLException: Field \'update_time\' doesn\'t have a default value\n; Field \'update_time\' doesn\'t have a default value; nested exception is java.sql.SQLException: Field \'update_time\' doesn\'t have a default value','2025-12-08 21:18:30',43),(624,'库存信息',1,'com.ruoyi.stock.controller.StockInfoController.add()','POST',1,'admin','研发部门','/stock/info','127.0.0.1','内网IP','{\"alertThreshold\":1,\"createTime\":\"2025-12-08 21:21:28\",\"materialId\":4002,\"params\":{},\"quantity\":1,\"warehouseId\":5001}',NULL,1,'\r\n### Error updating database.  Cause: java.sql.SQLException: Field \'update_time\' doesn\'t have a default value\r\n### The error may exist in file [D:\\workspace\\idea\\MTOI\\ruoyi-stock\\target\\classes\\mapper\\stock\\StockInfoMapper.xml]\r\n### The error may involve com.ruoyi.stock.mapper.StockInfoMapper.insertStockInfo-Inline\r\n### The error occurred while setting parameters\r\n### SQL: insert into stock_info          ( material_id,             quantity,             alert_threshold,             warehouse_id,                          create_time )           values ( ?,             ?,             ?,             ?,                          ? )\r\n### Cause: java.sql.SQLException: Field \'update_time\' doesn\'t have a default value\n; Field \'update_time\' doesn\'t have a default value; nested exception is java.sql.SQLException: Field \'update_time\' doesn\'t have a default value','2025-12-08 21:21:28',1),(625,'库存信息',1,'com.ruoyi.stock.controller.StockInfoController.add()','POST',1,'admin','研发部门','/stock/info','127.0.0.1','内网IP','{\"alertThreshold\":1,\"createTime\":\"2025-12-08 21:26:06\",\"materialId\":4002,\"params\":{},\"quantity\":1,\"warehouseId\":5001}',NULL,1,'\r\n### Error updating database.  Cause: java.sql.SQLIntegrityConstraintViolationException: Duplicate entry \'4002-5001\' for key \'uk_material_warehouse\'\r\n### The error may exist in file [D:\\workspace\\idea\\MTOI\\ruoyi-stock\\target\\classes\\mapper\\stock\\StockInfoMapper.xml]\r\n### The error may involve com.ruoyi.stock.mapper.StockInfoMapper.insertStockInfo-Inline\r\n### The error occurred while setting parameters\r\n### SQL: insert into stock_info          ( material_id,             quantity,             alert_threshold,             warehouse_id,                          create_time,             update_time )           values ( ?,             ?,             ?,             ?,                          ?,             null )\r\n### Cause: java.sql.SQLIntegrityConstraintViolationException: Duplicate entry \'4002-5001\' for key \'uk_material_warehouse\'\n; Duplicate entry \'4002-5001\' for key \'uk_material_warehouse\'; nested exception is java.sql.SQLIntegrityConstraintViolationException: Duplicate entry \'4002-5001\' for key \'uk_material_warehouse\'','2025-12-08 21:26:06',32),(626,'库存信息',1,'com.ruoyi.stock.controller.StockInfoController.add()','POST',1,'admin','研发部门','/stock/info','127.0.0.1','内网IP','{\"alertThreshold\":20,\"createTime\":\"2025-12-08 21:27:44\",\"location\":\"C区-02\",\"materialId\":4001,\"params\":{},\"quantity\":100,\"stockId\":6012,\"warehouseId\":5003}','{\"msg\":\"操作成功\",\"code\":200}',0,NULL,'2025-12-08 21:27:44',32),(627,'菜单管理',2,'com.ruoyi.web.controller.system.SysMenuController.edit()','PUT',1,'admin','研发部门','/system/menu','127.0.0.1','内网IP','{\"children\":[],\"createTime\":\"2025-11-11 16:02:22\",\"icon\":\"build\",\"isCache\":\"0\",\"isFrame\":\"1\",\"menuId\":2012,\"menuName\":\"报表分析\",\"menuType\":\"M\",\"orderNum\":6,\"params\":{},\"parentId\":0,\"path\":\"/report\",\"perms\":\"\",\"routeName\":\"\",\"status\":\"0\",\"updateBy\":\"admin\",\"visible\":\"0\"}','{\"msg\":\"操作成功\",\"code\":200}',0,NULL,'2025-12-08 22:05:08',28),(628,'菜单管理',2,'com.ruoyi.web.controller.system.SysMenuController.edit()','PUT',1,'admin','研发部门','/system/menu','127.0.0.1','内网IP','{\"children\":[],\"createTime\":\"2025-11-11 16:02:22\",\"icon\":\"build\",\"isCache\":\"0\",\"isFrame\":\"1\",\"menuId\":2012,\"menuName\":\"报表分析\",\"menuType\":\"M\",\"orderNum\":6,\"params\":{},\"parentId\":0,\"path\":\"/report\",\"perms\":\"\",\"routeName\":\"\",\"status\":\"0\",\"updateBy\":\"admin\",\"visible\":\"1\"}','{\"msg\":\"操作成功\",\"code\":200}',0,NULL,'2025-12-08 22:16:56',19);
/*!40000 ALTER TABLE `sys_oper_log` ENABLE KEYS */;
UNLOCK TABLES;

--
-- Table structure for table `sys_post`
--

DROP TABLE IF EXISTS `sys_post`;
/*!40101 SET @saved_cs_client     = @@character_set_client */;
/*!40101 SET character_set_client = utf8 */;
CREATE TABLE `sys_post` (
  `post_id` bigint(20) NOT NULL AUTO_INCREMENT COMMENT '岗位ID',
  `post_code` varchar(64) COLLATE utf8mb4_unicode_ci NOT NULL COMMENT '岗位编码',
  `post_name` varchar(50) COLLATE utf8mb4_unicode_ci NOT NULL COMMENT '岗位名称',
  `post_sort` int(4) NOT NULL COMMENT '显示顺序',
  `status` char(1) COLLATE utf8mb4_unicode_ci NOT NULL COMMENT '状态（0正常 1停用）',
  `create_by` varchar(64) COLLATE utf8mb4_unicode_ci DEFAULT '' COMMENT '创建者',
  `create_time` datetime DEFAULT NULL COMMENT '创建时间',
  `update_by` varchar(64) COLLATE utf8mb4_unicode_ci DEFAULT '' COMMENT '更新者',
  `update_time` datetime DEFAULT NULL COMMENT '更新时间',
  `remark` varchar(500) COLLATE utf8mb4_unicode_ci DEFAULT NULL COMMENT '备注',
  PRIMARY KEY (`post_id`)
) ENGINE=InnoDB AUTO_INCREMENT=5 DEFAULT CHARSET=utf8mb4 COLLATE=utf8mb4_unicode_ci COMMENT='岗位信息表';
/*!40101 SET character_set_client = @saved_cs_client */;

--
-- Dumping data for table `sys_post`
--

LOCK TABLES `sys_post` WRITE;
/*!40000 ALTER TABLE `sys_post` DISABLE KEYS */;
INSERT INTO `sys_post` VALUES (1,'ceo','董事长',1,'0','admin','2025-11-10 21:36:16','',NULL,''),(2,'se','项目经理',2,'0','admin','2025-11-10 21:36:16','',NULL,''),(3,'hr','人力资源',3,'0','admin','2025-11-10 21:36:16','',NULL,''),(4,'user','普通员工',4,'0','admin','2025-11-10 21:36:16','',NULL,'');
/*!40000 ALTER TABLE `sys_post` ENABLE KEYS */;
UNLOCK TABLES;

--
-- Table structure for table `sys_role`
--

DROP TABLE IF EXISTS `sys_role`;
/*!40101 SET @saved_cs_client     = @@character_set_client */;
/*!40101 SET character_set_client = utf8 */;
CREATE TABLE `sys_role` (
  `role_id` bigint(20) NOT NULL AUTO_INCREMENT COMMENT '角色ID',
  `role_name` varchar(30) COLLATE utf8mb4_unicode_ci NOT NULL COMMENT '角色名称',
  `role_key` varchar(100) COLLATE utf8mb4_unicode_ci NOT NULL COMMENT '角色权限字符串',
  `role_sort` int(4) NOT NULL COMMENT '显示顺序',
  `data_scope` char(1) COLLATE utf8mb4_unicode_ci DEFAULT '1' COMMENT '数据范围（1：全部数据权限 2：自定数据权限 3：本部门数据权限 4：本部门及以下数据权限）',
  `menu_check_strictly` tinyint(1) DEFAULT '1' COMMENT '菜单树选择项是否关联显示',
  `dept_check_strictly` tinyint(1) DEFAULT '1' COMMENT '部门树选择项是否关联显示',
  `status` char(1) COLLATE utf8mb4_unicode_ci NOT NULL COMMENT '角色状态（0正常 1停用）',
  `del_flag` char(1) COLLATE utf8mb4_unicode_ci DEFAULT '0' COMMENT '删除标志（0代表存在 2代表删除）',
  `create_by` varchar(64) COLLATE utf8mb4_unicode_ci DEFAULT '' COMMENT '创建者',
  `create_time` datetime DEFAULT NULL COMMENT '创建时间',
  `update_by` varchar(64) COLLATE utf8mb4_unicode_ci DEFAULT '' COMMENT '更新者',
  `update_time` datetime DEFAULT NULL COMMENT '更新时间',
  `remark` varchar(500) COLLATE utf8mb4_unicode_ci DEFAULT NULL COMMENT '备注',
  PRIMARY KEY (`role_id`)
) ENGINE=InnoDB AUTO_INCREMENT=3 DEFAULT CHARSET=utf8mb4 COLLATE=utf8mb4_unicode_ci COMMENT='角色信息表';
/*!40101 SET character_set_client = @saved_cs_client */;

--
-- Dumping data for table `sys_role`
--

LOCK TABLES `sys_role` WRITE;
/*!40000 ALTER TABLE `sys_role` DISABLE KEYS */;
INSERT INTO `sys_role` VALUES (1,'超级管理员','admin',1,'1',1,1,'0','0','admin','2025-11-10 21:36:16','',NULL,'超级管理员'),(2,'普通角色','common',2,'2',1,1,'0','0','admin','2025-11-10 21:36:16','',NULL,'普通角色');
/*!40000 ALTER TABLE `sys_role` ENABLE KEYS */;
UNLOCK TABLES;

--
-- Table structure for table `sys_role_dept`
--

DROP TABLE IF EXISTS `sys_role_dept`;
/*!40101 SET @saved_cs_client     = @@character_set_client */;
/*!40101 SET character_set_client = utf8 */;
CREATE TABLE `sys_role_dept` (
  `role_id` bigint(20) NOT NULL COMMENT '角色ID',
  `dept_id` bigint(20) NOT NULL COMMENT '部门ID',
  PRIMARY KEY (`role_id`,`dept_id`)
) ENGINE=InnoDB DEFAULT CHARSET=utf8mb4 COLLATE=utf8mb4_unicode_ci COMMENT='角色和部门关联表';
/*!40101 SET character_set_client = @saved_cs_client */;

--
-- Dumping data for table `sys_role_dept`
--

LOCK TABLES `sys_role_dept` WRITE;
/*!40000 ALTER TABLE `sys_role_dept` DISABLE KEYS */;
INSERT INTO `sys_role_dept` VALUES (2,100),(2,101),(2,105);
/*!40000 ALTER TABLE `sys_role_dept` ENABLE KEYS */;
UNLOCK TABLES;

--
-- Table structure for table `sys_role_menu`
--

DROP TABLE IF EXISTS `sys_role_menu`;
/*!40101 SET @saved_cs_client     = @@character_set_client */;
/*!40101 SET character_set_client = utf8 */;
CREATE TABLE `sys_role_menu` (
  `role_id` bigint(20) NOT NULL COMMENT '角色ID',
  `menu_id` bigint(20) NOT NULL COMMENT '菜单ID',
  PRIMARY KEY (`role_id`,`menu_id`)
) ENGINE=InnoDB DEFAULT CHARSET=utf8mb4 COLLATE=utf8mb4_unicode_ci COMMENT='角色和菜单关联表';
/*!40101 SET character_set_client = @saved_cs_client */;

--
-- Dumping data for table `sys_role_menu`
--

LOCK TABLES `sys_role_menu` WRITE;
/*!40000 ALTER TABLE `sys_role_menu` DISABLE KEYS */;
INSERT INTO `sys_role_menu` VALUES (2,1),(2,2),(2,3),(2,4),(2,100),(2,101),(2,102),(2,103),(2,104),(2,105),(2,106),(2,107),(2,108),(2,109),(2,110),(2,111),(2,112),(2,113),(2,114),(2,115),(2,116),(2,117),(2,500),(2,501),(2,1000),(2,1001),(2,1002),(2,1003),(2,1004),(2,1005),(2,1006),(2,1007),(2,1008),(2,1009),(2,1010),(2,1011),(2,1012),(2,1013),(2,1014),(2,1015),(2,1016),(2,1017),(2,1018),(2,1019),(2,1020),(2,1021),(2,1022),(2,1023),(2,1024),(2,1025),(2,1026),(2,1027),(2,1028),(2,1029),(2,1030),(2,1031),(2,1032),(2,1033),(2,1034),(2,1035),(2,1036),(2,1037),(2,1038),(2,1039),(2,1040),(2,1041),(2,1042),(2,1043),(2,1044),(2,1045),(2,1046),(2,1047),(2,1048),(2,1049),(2,1050),(2,1051),(2,1052),(2,1053),(2,1054),(2,1055),(2,1056),(2,1057),(2,1058),(2,1059),(2,1060);
/*!40000 ALTER TABLE `sys_role_menu` ENABLE KEYS */;
UNLOCK TABLES;

--
-- Table structure for table `sys_user`
--

DROP TABLE IF EXISTS `sys_user`;
/*!40101 SET @saved_cs_client     = @@character_set_client */;
/*!40101 SET character_set_client = utf8 */;
CREATE TABLE `sys_user` (
  `user_id` bigint(20) NOT NULL AUTO_INCREMENT COMMENT '用户ID',
  `dept_id` bigint(20) DEFAULT NULL COMMENT '部门ID',
  `user_name` varchar(30) COLLATE utf8mb4_unicode_ci NOT NULL COMMENT '用户账号',
  `nick_name` varchar(30) COLLATE utf8mb4_unicode_ci NOT NULL COMMENT '用户昵称',
  `user_type` varchar(2) COLLATE utf8mb4_unicode_ci DEFAULT '00' COMMENT '用户类型（00系统用户）',
  `email` varchar(50) COLLATE utf8mb4_unicode_ci DEFAULT '' COMMENT '用户邮箱',
  `phonenumber` varchar(11) COLLATE utf8mb4_unicode_ci DEFAULT '' COMMENT '手机号码',
  `sex` char(1) COLLATE utf8mb4_unicode_ci DEFAULT '0' COMMENT '用户性别（0男 1女 2未知）',
  `avatar` varchar(100) COLLATE utf8mb4_unicode_ci DEFAULT '' COMMENT '头像地址',
  `password` varchar(100) COLLATE utf8mb4_unicode_ci DEFAULT '' COMMENT '密码',
  `status` char(1) COLLATE utf8mb4_unicode_ci DEFAULT '0' COMMENT '账号状态（0正常 1停用）',
  `del_flag` char(1) COLLATE utf8mb4_unicode_ci DEFAULT '0' COMMENT '删除标志（0代表存在 2代表删除）',
  `login_ip` varchar(128) COLLATE utf8mb4_unicode_ci DEFAULT '' COMMENT '最后登录IP',
  `login_date` datetime DEFAULT NULL COMMENT '最后登录时间',
  `pwd_update_date` datetime DEFAULT NULL COMMENT '密码最后更新时间',
  `create_by` varchar(64) COLLATE utf8mb4_unicode_ci DEFAULT '' COMMENT '创建者',
  `create_time` datetime DEFAULT NULL COMMENT '创建时间',
  `update_by` varchar(64) COLLATE utf8mb4_unicode_ci DEFAULT '' COMMENT '更新者',
  `update_time` datetime DEFAULT NULL COMMENT '更新时间',
  `remark` varchar(500) COLLATE utf8mb4_unicode_ci DEFAULT NULL COMMENT '备注',
  PRIMARY KEY (`user_id`)
) ENGINE=InnoDB AUTO_INCREMENT=3 DEFAULT CHARSET=utf8mb4 COLLATE=utf8mb4_unicode_ci COMMENT='用户信息表';
/*!40101 SET character_set_client = @saved_cs_client */;

--
-- Dumping data for table `sys_user`
--

LOCK TABLES `sys_user` WRITE;
/*!40000 ALTER TABLE `sys_user` DISABLE KEYS */;
INSERT INTO `sys_user` VALUES (1,103,'admin','MTOI','00','ry@163.com','15888888888','1','/profile/avatar/2025/12/02/1edfa3b866ba4d62b2f64f6b871b8a44.jpg','$2a$10$7JB720yubVSZvUI0rEqK/.VqGOZTH.ulu33dHOiBE8ByOhJIrdAu2','0','0','127.0.0.1','2025-12-08 23:24:51','2025-11-10 21:36:16','admin','2025-11-10 21:36:16','','2025-12-02 13:35:36','管理员'),(2,105,'ry','若依','00','ry@qq.com','15666666666','1','','$2a$10$7JB720yubVSZvUI0rEqK/.VqGOZTH.ulu33dHOiBE8ByOhJIrdAu2','0','0','127.0.0.1','2025-11-10 21:36:16','2025-11-10 21:36:16','admin','2025-11-10 21:36:16','',NULL,'测试员');
/*!40000 ALTER TABLE `sys_user` ENABLE KEYS */;
UNLOCK TABLES;

--
-- Table structure for table `sys_user_post`
--

DROP TABLE IF EXISTS `sys_user_post`;
/*!40101 SET @saved_cs_client     = @@character_set_client */;
/*!40101 SET character_set_client = utf8 */;
CREATE TABLE `sys_user_post` (
  `user_id` bigint(20) NOT NULL COMMENT '用户ID',
  `post_id` bigint(20) NOT NULL COMMENT '岗位ID',
  PRIMARY KEY (`user_id`,`post_id`)
) ENGINE=InnoDB DEFAULT CHARSET=utf8mb4 COLLATE=utf8mb4_unicode_ci COMMENT='用户与岗位关联表';
/*!40101 SET character_set_client = @saved_cs_client */;

--
-- Dumping data for table `sys_user_post`
--

LOCK TABLES `sys_user_post` WRITE;
/*!40000 ALTER TABLE `sys_user_post` DISABLE KEYS */;
INSERT INTO `sys_user_post` VALUES (1,1),(2,2);
/*!40000 ALTER TABLE `sys_user_post` ENABLE KEYS */;
UNLOCK TABLES;

--
-- Table structure for table `sys_user_role`
--

DROP TABLE IF EXISTS `sys_user_role`;
/*!40101 SET @saved_cs_client     = @@character_set_client */;
/*!40101 SET character_set_client = utf8 */;
CREATE TABLE `sys_user_role` (
  `user_id` bigint(20) NOT NULL COMMENT '用户ID',
  `role_id` bigint(20) NOT NULL COMMENT '角色ID',
  PRIMARY KEY (`user_id`,`role_id`)
) ENGINE=InnoDB DEFAULT CHARSET=utf8mb4 COLLATE=utf8mb4_unicode_ci COMMENT='用户和角色关联表';
/*!40101 SET character_set_client = @saved_cs_client */;

--
-- Dumping data for table `sys_user_role`
--

LOCK TABLES `sys_user_role` WRITE;
/*!40000 ALTER TABLE `sys_user_role` DISABLE KEYS */;
INSERT INTO `sys_user_role` VALUES (1,1),(2,2);
/*!40000 ALTER TABLE `sys_user_role` ENABLE KEYS */;
UNLOCK TABLES;

--
-- Table structure for table `warehouse`
--

DROP TABLE IF EXISTS `warehouse`;
/*!40101 SET @saved_cs_client     = @@character_set_client */;
/*!40101 SET character_set_client = utf8 */;
CREATE TABLE `warehouse` (
  `warehouse_id` bigint(20) NOT NULL AUTO_INCREMENT COMMENT '仓库ID',
  `warehouse_name` varchar(100) COLLATE utf8mb4_unicode_ci NOT NULL COMMENT '仓库名称',
  `address` varchar(255) COLLATE utf8mb4_unicode_ci DEFAULT NULL COMMENT '仓库地址',
  `manager_id` bigint(20) DEFAULT NULL COMMENT '负责人ID',
  `status` tinyint(4) DEFAULT '1' COMMENT '状态(1:启用,0:禁用)',
  `create_time` datetime NOT NULL COMMENT '创建时间',
  `update_time` datetime DEFAULT NULL COMMENT '更新时间',
  PRIMARY KEY (`warehouse_id`),
  UNIQUE KEY `uk_warehouse_name` (`warehouse_name`)
) ENGINE=InnoDB AUTO_INCREMENT=5004 DEFAULT CHARSET=utf8mb4 COLLATE=utf8mb4_unicode_ci COMMENT='仓库表';
/*!40101 SET character_set_client = @saved_cs_client */;

--
-- Dumping data for table `warehouse`
--

LOCK TABLES `warehouse` WRITE;
/*!40000 ALTER TABLE `warehouse` DISABLE KEYS */;
INSERT INTO `warehouse` VALUES (5001,'主仓库','深圳市南山区科技园',1,1,'2025-11-10 21:32:12','2025-11-10 21:32:12'),(5002,'冷鲜仓库','深圳市南山区科技园',1,1,'2025-11-10 21:32:12','2025-11-10 21:32:12'),(5003,'包装材料库','深圳市南山区科技园',1,1,'2025-11-10 21:32:12','2025-11-10 21:32:12');
/*!40000 ALTER TABLE `warehouse` ENABLE KEYS */;
UNLOCK TABLES;

--
-- Dumping events for database 'mtoi'
--

--
-- Dumping routines for database 'mtoi'
--
/*!40103 SET TIME_ZONE=@OLD_TIME_ZONE */;

/*!40101 SET SQL_MODE=@OLD_SQL_MODE */;
/*!40014 SET FOREIGN_KEY_CHECKS=@OLD_FOREIGN_KEY_CHECKS */;
/*!40014 SET UNIQUE_CHECKS=@OLD_UNIQUE_CHECKS */;
/*!40101 SET CHARACTER_SET_CLIENT=@OLD_CHARACTER_SET_CLIENT */;
/*!40101 SET CHARACTER_SET_RESULTS=@OLD_CHARACTER_SET_RESULTS */;
/*!40101 SET COLLATION_CONNECTION=@OLD_COLLATION_CONNECTION */;
/*!40111 SET SQL_NOTES=@OLD_SQL_NOTES */;

-- Dump completed on 2025-12-09  8:46:32
